legacy_shift_id,display_name,scientific_class,scientific_class_definition,retained_use_class,reporting_family,shift_kind,interpretation,center_offset_fraction,width_multiplier,reference_full_scale_counts,relative_count_fraction,synthetic_full_scale_count_budget,gaussian_kernel_size,gaussian_sigma_pixels,image_count,before_minmax_nmae_mean,before_minmax_nmae_median,before_minmax_nmae_p95,after_minmax_nmae_mean,after_minmax_nmae_median,after_minmax_nmae_p95,minmax_mae_residual_ratio_mean,minmax_mae_residual_ratio_median,minmax_cancellation_fraction_median,exact_pixel_identity_count,preprocessing_effect_category
voi_center_lower,DICOM LINEAR center -15% of full-input-range width,A,DICOM display-transform sensitivity,A,display_transform,dicom_linear_window,Synthetic DICOM display-transform sensitivity; not a recovered display preset.,-0.15,1.0,,,,,,300,0.16597642131336157,0.1505090418048933,0.23314340981569495,0.08453752843071433,0.08244118223003313,0.10854977551628564,0.5215688852787728,0.5182109564393191,0.48178904356068086,0,partly_cancelled
voi_center_higher,DICOM LINEAR center +15% of full-input-range width,A,DICOM display-transform sensitivity,A,display_transform,dicom_linear_window,Synthetic DICOM display-transform sensitivity; not a recovered display preset.,0.15,1.0,,,,,,300,0.12113812399802057,0.12900706758907873,0.14610709713954548,0.07263686950533998,0.07302271525065104,0.09241929297353707,0.6457488723457504,0.5927941930657837,0.40720580693421626,0,partly_cancelled
voi_width_narrow,DICOM LINEAR width x0.75,A,DICOM display-transform sensitivity,A,display_transform,dicom_linear_window,Synthetic DICOM display-transform sensitivity; not a recovered display preset.,0.0,0.75,,,,,,300,0.0713769776179936,0.062438194584246653,0.134148040042711,0.056026496214025154,0.056984873378978056,0.06977005266675762,0.876431695208138,1.0037979980153093,-0.003797998015309334,0,not_materially_cancelled
voi_width_wide,DICOM LINEAR width x1.25,A,DICOM display-transform sensitivity,A,display_transform,dicom_linear_window,Synthetic DICOM display-transform sensitivity; not a recovered display preset.,0.0,1.25,,,,,,300,0.04656963491799477,0.042889584069004796,0.07210768854243202,3.0886207530701082e-06,0.0,2.915083193311506e-05,6.669703912623029e-05,0.0,1.0,264,almost_completely_cancelled
poisson_dose_50pct,Poisson-like noise at relative count budget 0.50,D,physically unsupported for these stored values,B,poisson_like_intensity_noise,poisson_like_noise,Physically unsupported as dose/quantum noise for these stored values; retained as generic signal-dependent intensity sensitivity.,,,4096.0,0.5,2048.0,,,300,0.01156199767668823,0.011388089856607657,0.01388509241398424,0.0163524929994072,0.012486547582289752,0.032545902027803324,1.3970073790735495,0.9979062806220036,0.002093719377996406,0,not_materially_cancelled
poisson_dose_25pct,Poisson-like noise at relative count budget 0.25,D,physically unsupported for these stored values,B,poisson_like_intensity_noise,poisson_like_noise,Physically unsupported as dose/quantum noise for these stored values; retained as generic signal-dependent intensity sensitivity.,,,4096.0,0.25,1024.0,,,300,0.016348268486084595,0.016111029973070998,0.01961178511015925,0.022301979713190614,0.017441143709070545,0.04710366660473394,1.349474754119485,0.9996559841549002,0.00034401584509979877,0,not_materially_cancelled
poisson_dose_12p5pct,Poisson-like noise at relative count budget 0.125,D,physically unsupported for these stored values,B,poisson_like_intensity_noise,poisson_like_noise,Physically unsupported as dose/quantum noise for these stored values; retained as generic signal-dependent intensity sensitivity.,,,4096.0,0.125,512.0,,,300,0.023105057260545056,0.022781709110473884,0.02767031560779787,0.030461856817108356,0.02432893678253772,0.06725498947442747,1.3088568917581531,1.0014072315944262,-0.0014072315944262392,0,not_materially_cancelled
gaussian_kernel_3,"Gaussian blur 3x3, sigma 0.5 px",C,physics-motivated proxy,C,spatial_resolution_blur,gaussian_blur,Generic blur/spatial-resolution proxy; not a detector or reconstruction model.,,,,,,3,0.5,300,0.0013244181684314393,0.0013174144345525767,0.0017495668541207667,0.007905134313246782,0.003474299112955729,0.024489178003049363,6.984868892518656,2.4552689259527494,-1.4552689259527494,0,not_materially_cancelled
gaussian_kernel_5,"Gaussian blur 5x5, sigma 1.0 px",C,physics-motivated proxy,C,spatial_resolution_blur,gaussian_blur,Generic blur/spatial-resolution proxy; not a detector or reconstruction model.,,,,,,5,1.0,300,0.003842464950491727,0.003888532356958428,0.005079850173797944,0.018159050785638144,0.010352383407891966,0.0644424696529613,5.408429716904251,2.488353936494604,-1.4883539364946041,0,not_materially_cancelled
gaussian_kernel_9,"Gaussian blur 9x9, sigma 2.0 px",C,physics-motivated proxy,C,spatial_resolution_blur,gaussian_blur,Generic blur/spatial-resolution proxy; not a detector or reconstruction model.,,,,,,9,2.0,300,0.006509198188841405,0.006492912090958699,0.009249479293078441,0.032701973235685064,0.019983080321667242,0.10049882178213082,5.601480234328839,3.017915355070798,-2.017915355070798,0,not_materially_cancelled
