sensitivity_type,detector,seed,equal_bins_per_dimension,bins_per_dimension,minimum_samples_per_cell,confidence_floor,is_original_setting,detection_ece,detection_ece_defined,undefined_reason,total_detections_entering_calibration,baseline_floor_detection_count,detections_removed_from_baseline_floor,fraction_baseline_detections_retained,total_possible_multidimensional_cells,occupied_cells,cells_meeting_minimum_support,detections_in_supported_cells,fraction_detections_contributing_to_supported_cells,supported_cell_size_median,supported_cell_size_min,supported_cell_size_max
binning_minimum_support,faster_rcnn,17,3,3|3|3|3|3,1,0.001,False,0.042102678916248755,True,,18260,18260,0,1.0,243,88,88,18260,1.0,27.0,1,3075
binning_minimum_support,faster_rcnn,17,3,3|3|3|3|3,4,0.001,False,0.04104918532828603,True,,18260,18260,0,1.0,243,88,67,18223,0.997973713033954,59.0,4,3075
binning_minimum_support,faster_rcnn,17,3,3|3|3|3|3,8,0.001,False,0.040016152592350876,True,,18260,18260,0,1.0,243,88,58,18172,0.9951807228915662,70.0,8,3075
binning_minimum_support,faster_rcnn,17,3,3|3|3|3|3,16,0.001,False,0.039332498007943355,True,,18260,18260,0,1.0,243,88,51,18092,0.9907995618838993,95.0,16,3075
binning_minimum_support,faster_rcnn,17,5,5|5|5|5|5,1,0.001,False,0.04274418485132356,True,,18260,18260,0,1.0,3125,354,354,18260,1.0,6.5,1,1483
binning_minimum_support,faster_rcnn,17,5,5|5|5|5|5,4,0.001,False,0.03920925883761798,True,,18260,18260,0,1.0,3125,354,222,18035,0.9876779846659365,18.0,4,1483
binning_minimum_support,faster_rcnn,17,5,5|5|5|5|5,8,0.001,True,0.035072305953740376,True,,18260,18260,0,1.0,3125,354,169,17748,0.971960569550931,28.0,8,1483
binning_minimum_support,faster_rcnn,17,5,5|5|5|5|5,16,0.001,False,0.030018894942861144,True,,18260,18260,0,1.0,3125,354,115,17163,0.9399233296823658,42.0,16,1483
binning_minimum_support,faster_rcnn,17,7,7|7|7|7|7,1,0.001,False,0.04396820250815209,True,,18260,18260,0,1.0,16807,906,906,18260,1.0,3.0,1,709
binning_minimum_support,faster_rcnn,17,7,7|7|7|7|7,4,0.001,False,0.03396679376691134,True,,18260,18260,0,1.0,16807,906,440,17542,0.9606790799561884,12.5,4,709
binning_minimum_support,faster_rcnn,17,7,7|7|7|7|7,8,0.001,False,0.026437699576716878,True,,18260,18260,0,1.0,16807,906,306,16850,0.9227820372398685,24.0,8,709
binning_minimum_support,faster_rcnn,17,7,7|7|7|7|7,16,0.001,False,0.017817697229490156,True,,18260,18260,0,1.0,16807,906,193,15636,0.8562979189485214,43.0,16,709
confidence_floor,faster_rcnn,17,5,5|5|5|5|5,8,0.001,True,0.035072305953740376,True,,18260,18260,0,1.0,3125,354,169,17748,0.971960569550931,28.0,8,1483
confidence_floor,faster_rcnn,17,5,5|5|5|5|5,8,0.005,False,0.07146145620531612,True,,8711,18260,9549,0.47705366922234393,3125,322,127,8151,0.9357134657329813,23.0,8,583
confidence_floor,faster_rcnn,17,5,5|5|5|5|5,8,0.01,False,0.09659675751466003,True,,6309,18260,11951,0.3455093099671413,3125,313,106,5734,0.9088603582184182,24.5,8,388
confidence_floor,faster_rcnn,17,5,5|5|5|5|5,8,0.05,False,0.18119203311778442,True,,3071,18260,15189,0.16818181818181818,3125,272,83,2585,0.841745359817649,24.0,8,128
binning_minimum_support,faster_rcnn,42,3,3|3|3|3|3,1,0.001,False,0.04427093491147037,True,,7682,7682,0,1.0,243,67,67,7682,1.0,22.0,1,1613
binning_minimum_support,faster_rcnn,42,3,3|3|3|3|3,4,0.001,False,0.043130828947200675,True,,7682,7682,0,1.0,243,67,49,7652,0.9960947669877636,31.0,4,1613
binning_minimum_support,faster_rcnn,42,3,3|3|3|3|3,8,0.001,False,0.04175793778232077,True,,7682,7682,0,1.0,243,67,42,7615,0.9912783129393388,42.5,8,1613
binning_minimum_support,faster_rcnn,42,3,3|3|3|3|3,16,0.001,False,0.03986337832193684,True,,7682,7682,0,1.0,243,67,37,7565,0.984769591252278,53.0,16,1613
binning_minimum_support,faster_rcnn,42,5,5|5|5|5|5,1,0.001,False,0.04969995543915661,True,,7682,7682,0,1.0,3125,298,298,7682,1.0,3.0,1,605
binning_minimum_support,faster_rcnn,42,5,5|5|5|5|5,4,0.001,False,0.03956031793598691,True,,7682,7682,0,1.0,3125,298,145,7427,0.9668055193959906,12.0,4,605
binning_minimum_support,faster_rcnn,42,5,5|5|5|5|5,8,0.001,True,0.03128836082269246,True,,7682,7682,0,1.0,3125,298,95,7170,0.9333506899244989,22.0,8,605
binning_minimum_support,faster_rcnn,42,5,5|5|5|5|5,16,0.001,False,0.02101188877617637,True,,7682,7682,0,1.0,3125,298,60,6783,0.8829731840666493,59.0,16,605
binning_minimum_support,faster_rcnn,42,7,7|7|7|7|7,1,0.001,False,0.054195344173569526,True,,7682,7682,0,1.0,16807,619,619,7682,1.0,3.0,1,286
binning_minimum_support,faster_rcnn,42,7,7|7|7|7|7,4,0.001,False,0.03452020966690601,True,,7682,7682,0,1.0,16807,619,262,7117,0.9264514449362146,9.5,4,286
binning_minimum_support,faster_rcnn,42,7,7|7|7|7|7,8,0.001,False,0.018408098276202642,True,,7682,7682,0,1.0,16807,619,159,6577,0.8561572507159594,20.0,8,286
binning_minimum_support,faster_rcnn,42,7,7|7|7|7|7,16,0.001,False,0.007803715028022594,True,,7682,7682,0,1.0,16807,619,95,5917,0.7702421244467587,41.0,16,286
confidence_floor,faster_rcnn,42,5,5|5|5|5|5,8,0.001,True,0.03128836082269246,True,,7682,7682,0,1.0,3125,298,95,7170,0.9333506899244989,22.0,8,605
confidence_floor,faster_rcnn,42,5,5|5|5|5|5,8,0.005,False,0.06557247978735765,True,,3563,7682,4119,0.4638115074199427,3125,259,73,3093,0.868088689306764,20.0,8,254
confidence_floor,faster_rcnn,42,5,5|5|5|5|5,8,0.01,False,0.08767475690956314,True,,2614,7682,5068,0.3402759697995314,3125,246,67,2163,0.8274674827850038,19.0,8,164
confidence_floor,faster_rcnn,42,5,5|5|5|5|5,8,0.05,False,0.1518115722035107,True,,1425,7682,6257,0.18549856808122886,3125,229,52,988,0.6933333333333334,15.0,8,54
binning_minimum_support,faster_rcnn,137,3,3|3|3|3|3,1,0.001,False,0.029880277418519948,True,,25030,25030,0,1.0,243,74,74,25030,1.0,54.5,1,5411
binning_minimum_support,faster_rcnn,137,3,3|3|3|3|3,4,0.001,False,0.029456349932104005,True,,25030,25030,0,1.0,243,74,58,25003,0.998921294446664,97.0,4,5411
binning_minimum_support,faster_rcnn,137,3,3|3|3|3|3,8,0.001,False,0.029278574070997977,True,,25030,25030,0,1.0,243,74,53,24981,0.9980423491809828,103.0,9,5411
binning_minimum_support,faster_rcnn,137,3,3|3|3|3|3,16,0.001,False,0.028520057807258654,True,,25030,25030,0,1.0,243,74,45,24879,0.9939672393128246,128.0,18,5411
binning_minimum_support,faster_rcnn,137,5,5|5|5|5|5,1,0.001,False,0.030604616289231286,True,,25030,25030,0,1.0,3125,318,318,25030,1.0,8.0,1,2292
binning_minimum_support,faster_rcnn,137,5,5|5|5|5|5,4,0.001,False,0.02869930357776085,True,,25030,25030,0,1.0,3125,318,207,24850,0.9928086296444267,20.0,4,2292
binning_minimum_support,faster_rcnn,137,5,5|5|5|5|5,8,0.001,True,0.02662713231137108,True,,25030,25030,0,1.0,3125,318,164,24614,0.9833799440671195,34.0,8,2292
binning_minimum_support,faster_rcnn,137,5,5|5|5|5|5,16,0.001,False,0.02407205607017906,True,,25030,25030,0,1.0,3125,318,123,24170,0.9656412305233719,47.0,16,2292
binning_minimum_support,faster_rcnn,137,7,7|7|7|7|7,1,0.001,False,0.031319998585069446,True,,25030,25030,0,1.0,16807,773,773,25030,1.0,5.0,1,765
binning_minimum_support,faster_rcnn,137,7,7|7|7|7|7,4,0.001,False,0.02652186188169915,True,,25030,25030,0,1.0,16807,773,430,24462,0.9773072313224132,16.0,4,765
binning_minimum_support,faster_rcnn,137,7,7|7|7|7|7,8,0.001,False,0.022689221259393506,True,,25030,25030,0,1.0,16807,773,322,23920,0.9556532161406313,25.0,8,765
binning_minimum_support,faster_rcnn,137,7,7|7|7|7|7,16,0.001,False,0.01646967984542854,True,,25030,25030,0,1.0,16807,773,219,22847,0.9127846584099081,46.0,16,765
confidence_floor,faster_rcnn,137,5,5|5|5|5|5,8,0.001,True,0.02662713231137108,True,,25030,25030,0,1.0,3125,318,164,24614,0.9833799440671195,34.0,8,2292
confidence_floor,faster_rcnn,137,5,5|5|5|5|5,8,0.005,False,0.06033018358163031,True,,10648,25030,14382,0.42540950858969234,3125,282,121,10196,0.9575507137490609,28.0,8,851
confidence_floor,faster_rcnn,137,5,5|5|5|5|5,8,0.01,False,0.0843162325139655,True,,7402,25030,17628,0.295725129844187,3125,272,108,6964,0.9408268035666036,28.5,8,575
confidence_floor,faster_rcnn,137,5,5|5|5|5|5,8,0.05,False,0.16676801813349845,True,,3269,25030,21761,0.13060327606871755,3125,235,85,2891,0.8843683083511777,23.0,8,195
binning_minimum_support,faster_rcnn,271,3,3|3|3|3|3,1,0.001,False,0.03534965311295399,True,,6588,6588,0,1.0,243,66,66,6588,1.0,13.5,1,1290
binning_minimum_support,faster_rcnn,271,3,3|3|3|3|3,4,0.001,False,0.033515294342877575,True,,6588,6588,0,1.0,243,66,45,6554,0.9948391013964785,28.0,4,1290
binning_minimum_support,faster_rcnn,271,3,3|3|3|3|3,8,0.001,False,0.03282480877984579,True,,6588,6588,0,1.0,243,66,40,6531,0.9913479052823315,35.0,8,1290
binning_minimum_support,faster_rcnn,271,3,3|3|3|3|3,16,0.001,False,0.031420023772587326,True,,6588,6588,0,1.0,243,66,31,6432,0.97632058287796,44.0,16,1290
binning_minimum_support,faster_rcnn,271,5,5|5|5|5|5,1,0.001,False,0.044802795832031804,True,,6588,6588,0,1.0,3125,263,263,6588,1.0,3.0,1,629
binning_minimum_support,faster_rcnn,271,5,5|5|5|5|5,4,0.001,False,0.03497961764086394,True,,6588,6588,0,1.0,3125,263,130,6383,0.968882817243473,12.0,4,629
binning_minimum_support,faster_rcnn,271,5,5|5|5|5|5,8,0.001,True,0.026953962174521024,True,,6588,6588,0,1.0,3125,263,84,6149,0.9333636915604129,21.5,8,629
binning_minimum_support,faster_rcnn,271,5,5|5|5|5|5,16,0.001,False,0.019010515348528045,True,,6588,6588,0,1.0,3125,263,52,5785,0.8781117182756527,65.0,16,629
binning_minimum_support,faster_rcnn,271,7,7|7|7|7|7,1,0.001,False,0.051733553588617094,True,,6588,6588,0,1.0,16807,571,571,6588,1.0,2.0,1,263
binning_minimum_support,faster_rcnn,271,7,7|7|7|7|7,4,0.001,False,0.030421258066692512,True,,6588,6588,0,1.0,16807,571,216,6052,0.9186399514268366,10.0,4,263
binning_minimum_support,faster_rcnn,271,7,7|7|7|7|7,8,0.001,False,0.017101481615135396,True,,6588,6588,0,1.0,16807,571,125,5591,0.8486642380085003,26.0,8,263
binning_minimum_support,faster_rcnn,271,7,7|7|7|7|7,16,0.001,False,0.010395938439135518,True,,6588,6588,0,1.0,16807,571,82,5109,0.7755009107468124,44.0,16,263
confidence_floor,faster_rcnn,271,5,5|5|5|5|5,8,0.001,True,0.026953962174521024,True,,6588,6588,0,1.0,3125,263,84,6149,0.9333636915604129,21.5,8,629
confidence_floor,faster_rcnn,271,5,5|5|5|5|5,8,0.005,False,0.05627604987801484,True,,2931,6588,3657,0.44489981785063754,3125,235,63,2507,0.855339474582054,20.0,8,252
confidence_floor,faster_rcnn,271,5,5|5|5|5|5,8,0.01,False,0.07522957935903428,True,,2160,6588,4428,0.32786885245901637,3125,223,60,1777,0.8226851851851852,16.0,8,171
confidence_floor,faster_rcnn,271,5,5|5|5|5|5,8,0.05,False,0.12273792493333285,True,,1184,6588,5404,0.17972070431086826,3125,205,44,796,0.6722972972972973,16.0,8,54
binning_minimum_support,faster_rcnn,314,3,3|3|3|3|3,1,0.001,False,0.06065522961151577,True,,3663,3663,0,1.0,243,69,69,3663,1.0,10.0,1,658
binning_minimum_support,faster_rcnn,314,3,3|3|3|3|3,4,0.001,False,0.05772271368498378,True,,3663,3663,0,1.0,243,69,46,3626,0.98989898989899,23.5,4,658
binning_minimum_support,faster_rcnn,314,3,3|3|3|3|3,8,0.001,False,0.05440292320449521,True,,3663,3663,0,1.0,243,69,39,3593,0.9808899808899809,28.0,8,658
binning_minimum_support,faster_rcnn,314,3,3|3|3|3|3,16,0.001,False,0.053671676077715454,True,,3663,3663,0,1.0,243,69,30,3504,0.9565929565929566,33.5,16,658
binning_minimum_support,faster_rcnn,314,5,5|5|5|5|5,1,0.001,False,0.07384845712145248,True,,3663,3663,0,1.0,3125,247,247,3663,1.0,3.0,1,252
binning_minimum_support,faster_rcnn,314,5,5|5|5|5|5,4,0.001,False,0.05540423472099836,True,,3663,3663,0,1.0,3125,247,115,3452,0.9423969423969424,9.0,4,252
binning_minimum_support,faster_rcnn,314,5,5|5|5|5|5,8,0.001,True,0.04027477076422441,True,,3663,3663,0,1.0,3125,247,70,3220,0.879060879060879,18.0,8,252
binning_minimum_support,faster_rcnn,314,5,5|5|5|5|5,16,0.001,False,0.022035136424796258,True,,3663,3663,0,1.0,3125,247,39,2888,0.7884247884247885,42.0,16,252
binning_minimum_support,faster_rcnn,314,7,7|7|7|7|7,1,0.001,False,0.084051679838923,True,,3663,3663,0,1.0,16807,525,525,3663,1.0,2.0,1,173
binning_minimum_support,faster_rcnn,314,7,7|7|7|7|7,4,0.001,False,0.04483313479906605,True,,3663,3663,0,1.0,16807,525,186,3161,0.862953862953863,8.0,4,173
binning_minimum_support,faster_rcnn,314,7,7|7|7|7|7,8,0.001,False,0.022648998896443645,True,,3663,3663,0,1.0,16807,525,98,2723,0.7433797433797433,17.0,8,173
binning_minimum_support,faster_rcnn,314,7,7|7|7|7|7,16,0.001,False,0.013153203106876855,True,,3663,3663,0,1.0,16807,525,55,2287,0.6243516243516244,29.0,16,173
confidence_floor,faster_rcnn,314,5,5|5|5|5|5,8,0.001,True,0.04027477076422441,True,,3663,3663,0,1.0,3125,247,70,3220,0.879060879060879,18.0,8,252
confidence_floor,faster_rcnn,314,5,5|5|5|5|5,8,0.005,False,0.07117220386960532,True,,1905,3663,1758,0.5200655200655201,3125,224,52,1494,0.784251968503937,15.0,8,114
confidence_floor,faster_rcnn,314,5,5|5|5|5|5,8,0.01,False,0.08805399256546531,True,,1499,3663,2164,0.40922740922740924,3125,217,46,1082,0.7218145430286858,14.0,8,74
confidence_floor,faster_rcnn,314,5,5|5|5|5|5,8,0.05,False,0.13264401514975355,True,,881,3663,2782,0.24051324051324052,3125,189,33,488,0.5539160045402951,13.0,8,31
binning_minimum_support,yolo11s,17,3,3|3|3|3|3,1,0.001,False,0.0905974213172379,True,,1019,1019,0,1.0,243,30,30,1019,1.0,10.0,1,202
binning_minimum_support,yolo11s,17,3,3|3|3|3|3,4,0.001,False,0.08906809691914609,True,,1019,1019,0,1.0,243,30,21,1005,0.9862610402355251,17.0,4,202
binning_minimum_support,yolo11s,17,3,3|3|3|3|3,8,0.001,False,0.08636380487712972,True,,1019,1019,0,1.0,243,30,17,987,0.9685966633954858,20.0,10,202
binning_minimum_support,yolo11s,17,3,3|3|3|3|3,16,0.001,False,0.0811014877359444,True,,1019,1019,0,1.0,243,30,12,936,0.9185475956820413,49.5,16,202
binning_minimum_support,yolo11s,17,5,5|5|5|5|5,1,0.001,False,0.10407070335918359,True,,1019,1019,0,1.0,3125,102,102,1019,1.0,3.0,1,93
binning_minimum_support,yolo11s,17,5,5|5|5|5|5,4,0.001,False,0.08618043448583612,True,,1019,1019,0,1.0,3125,102,47,932,0.914622178606477,11.0,4,93
binning_minimum_support,yolo11s,17,5,5|5|5|5|5,8,0.001,True,0.07141554794903528,True,,1019,1019,0,1.0,3125,102,29,835,0.8194308145240432,21.0,9,93
binning_minimum_support,yolo11s,17,5,5|5|5|5|5,16,0.001,False,0.0637643332931307,True,,1019,1019,0,1.0,3125,102,18,714,0.7006869479882237,37.5,17,93
binning_minimum_support,yolo11s,17,7,7|7|7|7|7,1,0.001,False,0.12055738532657065,True,,1019,1019,0,1.0,16807,206,206,1019,1.0,2.0,1,61
binning_minimum_support,yolo11s,17,7,7|7|7|7|7,4,0.001,False,0.08109563322631796,True,,1019,1019,0,1.0,16807,206,67,807,0.7919528949950932,6.0,4,61
binning_minimum_support,yolo11s,17,7,7|7|7|7|7,8,0.001,False,0.060284822405465815,True,,1019,1019,0,1.0,16807,206,31,628,0.6162904808635917,18.0,9,61
binning_minimum_support,yolo11s,17,7,7|7|7|7|7,16,0.001,False,0.04826117024683395,True,,1019,1019,0,1.0,16807,206,17,475,0.4661432777232581,25.0,16,61
confidence_floor,yolo11s,17,5,5|5|5|5|5,8,0.001,True,0.07141554794903528,True,,1019,1019,0,1.0,3125,102,29,835,0.8194308145240432,21.0,9,93
confidence_floor,yolo11s,17,5,5|5|5|5|5,8,0.005,False,0.07804468022353275,True,,578,1019,441,0.5672227674190383,3125,90,21,408,0.7058823529411765,15.0,8,47
confidence_floor,yolo11s,17,5,5|5|5|5|5,8,0.01,False,0.06843086077879182,True,,451,1019,568,0.44259077526987245,3125,83,19,288,0.6385809312638581,11.0,8,36
confidence_floor,yolo11s,17,5,5|5|5|5|5,8,0.05,False,0.030241661697250455,True,,238,1019,781,0.23356231599607458,3125,74,9,91,0.38235294117647056,9.0,8,13
binning_minimum_support,yolo11s,42,3,3|3|3|3|3,1,0.001,False,0.10707038289636621,True,,773,773,0,1.0,243,31,31,773,1.0,6.0,1,150
binning_minimum_support,yolo11s,42,3,3|3|3|3|3,4,0.001,False,0.1029021280364677,True,,773,773,0,1.0,243,31,19,751,0.9715394566623544,15.0,5,150
binning_minimum_support,yolo11s,42,3,3|3|3|3|3,8,0.001,False,0.10017552052851633,True,,773,773,0,1.0,243,31,15,729,0.943078913324709,22.0,8,150
binning_minimum_support,yolo11s,42,3,3|3|3|3|3,16,0.001,False,0.09248925546737795,True,,773,773,0,1.0,243,31,9,667,0.8628719275549805,72.0,18,150
binning_minimum_support,yolo11s,42,5,5|5|5|5|5,1,0.001,False,0.1149098356141447,True,,773,773,0,1.0,3125,81,81,773,1.0,3.0,1,84
binning_minimum_support,yolo11s,42,5,5|5|5|5|5,4,0.001,False,0.09360570062441635,True,,773,773,0,1.0,3125,81,36,693,0.8965071151358344,11.5,4,84
binning_minimum_support,yolo11s,42,5,5|5|5|5|5,8,0.001,True,0.08830178842140679,True,,773,773,0,1.0,3125,81,27,645,0.8344113842173351,17.0,8,84
binning_minimum_support,yolo11s,42,5,5|5|5|5|5,16,0.001,False,0.06893224856168041,True,,773,773,0,1.0,3125,81,14,505,0.6532988357050453,33.5,17,84
binning_minimum_support,yolo11s,42,7,7|7|7|7|7,1,0.001,False,0.1335427619823776,True,,773,773,0,1.0,16807,187,187,773,1.0,2.0,1,43
binning_minimum_support,yolo11s,42,7,7|7|7|7|7,4,0.001,False,0.08031965418430201,True,,773,773,0,1.0,16807,187,54,556,0.7192755498059509,6.0,4,43
binning_minimum_support,yolo11s,42,7,7|7|7|7|7,8,0.001,False,0.05586475119814589,True,,773,773,0,1.0,16807,187,22,399,0.5161707632600259,15.5,8,43
binning_minimum_support,yolo11s,42,7,7|7|7|7|7,16,0.001,False,0.037250530755269025,True,,773,773,0,1.0,16807,187,11,270,0.34928848641655885,21.0,16,43
confidence_floor,yolo11s,42,5,5|5|5|5|5,8,0.001,True,0.08830178842140679,True,,773,773,0,1.0,3125,81,27,645,0.8344113842173351,17.0,8,84
confidence_floor,yolo11s,42,5,5|5|5|5|5,8,0.005,False,0.09286838636952843,True,,463,773,310,0.5989650711513583,3125,72,19,334,0.7213822894168467,14.0,8,57
confidence_floor,yolo11s,42,5,5|5|5|5|5,8,0.01,False,0.0880961392460198,True,,377,773,396,0.48771021992238034,3125,68,16,250,0.6631299734748011,13.0,9,46
confidence_floor,yolo11s,42,5,5|5|5|5|5,8,0.05,False,0.06952200144190679,True,,220,773,553,0.2846054333764554,3125,62,9,109,0.4954545454545455,10.0,8,21
binning_minimum_support,yolo11s,137,3,3|3|3|3|3,1,0.001,False,0.20562279207553938,True,,394,394,0,1.0,243,37,37,394,1.0,4.0,1,63
binning_minimum_support,yolo11s,137,3,3|3|3|3|3,4,0.001,False,0.18271988100191425,True,,394,394,0,1.0,243,37,19,368,0.934010152284264,11.0,4,63
binning_minimum_support,yolo11s,137,3,3|3|3|3|3,8,0.001,False,0.15209345672448607,True,,394,394,0,1.0,243,37,11,323,0.8197969543147208,23.0,8,63
binning_minimum_support,yolo11s,137,3,3|3|3|3|3,16,0.001,False,0.11737495216128516,True,,394,394,0,1.0,243,37,7,276,0.700507614213198,34.0,22,63
binning_minimum_support,yolo11s,137,5,5|5|5|5|5,1,0.001,False,0.23374273450950617,True,,394,394,0,1.0,3125,101,101,394,1.0,2.0,1,31
binning_minimum_support,yolo11s,137,5,5|5|5|5|5,4,0.001,False,0.1479096371272158,True,,394,394,0,1.0,3125,101,28,280,0.7106598984771574,8.5,4,31
binning_minimum_support,yolo11s,137,5,5|5|5|5|5,8,0.001,True,0.1122666361229376,True,,394,394,0,1.0,3125,101,15,214,0.5431472081218274,12.0,8,31
binning_minimum_support,yolo11s,137,5,5|5|5|5|5,16,0.001,False,0.03883620163515626,True,,394,394,0,1.0,3125,101,4,91,0.23096446700507614,21.5,17,31
binning_minimum_support,yolo11s,137,7,7|7|7|7|7,1,0.001,False,0.25083662363166365,True,,394,394,0,1.0,16807,166,166,394,1.0,1.0,1,17
binning_minimum_support,yolo11s,137,7,7|7|7|7|7,4,0.001,False,0.10946926051487216,True,,394,394,0,1.0,16807,166,26,196,0.49746192893401014,7.0,4,17
binning_minimum_support,yolo11s,137,7,7|7|7|7|7,8,0.001,False,0.06791241463955708,True,,394,394,0,1.0,16807,166,10,109,0.2766497461928934,11.0,8,17
binning_minimum_support,yolo11s,137,7,7|7|7|7|7,16,0.001,False,0.01206292705326743,True,,394,394,0,1.0,16807,166,1,17,0.04314720812182741,17.0,17,17
confidence_floor,yolo11s,137,5,5|5|5|5|5,8,0.001,True,0.1122666361229376,True,,394,394,0,1.0,3125,101,15,214,0.5431472081218274,12.0,8,31
confidence_floor,yolo11s,137,5,5|5|5|5|5,8,0.005,False,0.1042292274352981,True,,287,394,107,0.7284263959390863,3125,91,11,132,0.45993031358885017,10.0,8,25
confidence_floor,yolo11s,137,5,5|5|5|5|5,8,0.01,False,0.07566345575448859,True,,249,394,145,0.631979695431472,3125,87,8,87,0.3493975903614458,9.0,8,19
confidence_floor,yolo11s,137,5,5|5|5|5|5,8,0.05,False,0.06052591655887452,True,,177,394,217,0.44923857868020306,3125,77,4,38,0.21468926553672316,9.0,8,12
binning_minimum_support,yolo11s,271,3,3|3|3|3|3,1,0.001,False,0.14541665497482822,True,,962,962,0,1.0,243,21,21,962,1.0,12.0,1,159
binning_minimum_support,yolo11s,271,3,3|3|3|3|3,4,0.001,False,0.14539861802959028,True,,962,962,0,1.0,243,21,17,953,0.9906444906444907,17.0,4,159
binning_minimum_support,yolo11s,271,3,3|3|3|3|3,8,0.001,False,0.13824335016392988,True,,962,962,0,1.0,243,21,12,927,0.9636174636174636,62.0,8,159
binning_minimum_support,yolo11s,271,3,3|3|3|3|3,16,0.001,False,0.13207342649343873,True,,962,962,0,1.0,243,21,9,893,0.9282744282744283,139.0,17,159
binning_minimum_support,yolo11s,271,5,5|5|5|5|5,1,0.001,False,0.1460409091125783,True,,962,962,0,1.0,3125,68,68,962,1.0,2.0,1,143
binning_minimum_support,yolo11s,271,5,5|5|5|5|5,4,0.001,False,0.13750593023463742,True,,962,962,0,1.0,3125,68,26,899,0.9345114345114345,18.5,4,143
binning_minimum_support,yolo11s,271,5,5|5|5|5|5,8,0.001,True,0.13129776887551606,True,,962,962,0,1.0,3125,68,21,872,0.9064449064449065,22.0,8,143
binning_minimum_support,yolo11s,271,5,5|5|5|5|5,16,0.001,False,0.1192623661907744,True,,962,962,0,1.0,3125,68,16,821,0.8534303534303534,34.5,16,143
binning_minimum_support,yolo11s,271,7,7|7|7|7|7,1,0.001,False,0.14700478180156729,True,,962,962,0,1.0,16807,103,103,962,1.0,4.0,1,71
binning_minimum_support,yolo11s,271,7,7|7|7|7|7,4,0.001,False,0.13628477322759605,True,,962,962,0,1.0,16807,103,52,883,0.9178794178794178,10.0,4,71
binning_minimum_support,yolo11s,271,7,7|7|7|7|7,8,0.001,False,0.11987904852145813,True,,962,962,0,1.0,16807,103,33,777,0.8076923076923077,21.0,8,71
binning_minimum_support,yolo11s,271,7,7|7|7|7|7,16,0.001,False,0.09671271469004998,True,,962,962,0,1.0,16807,103,21,650,0.6756756756756757,27.0,16,71
confidence_floor,yolo11s,271,5,5|5|5|5|5,8,0.001,True,0.13129776887551606,True,,962,962,0,1.0,3125,68,21,872,0.9064449064449065,22.0,8,143
confidence_floor,yolo11s,271,5,5|5|5|5|5,8,0.005,False,0.1770214432521778,True,,255,962,707,0.26507276507276506,3125,35,9,202,0.792156862745098,17.0,9,66
confidence_floor,yolo11s,271,5,5|5|5|5|5,8,0.01,False,0.22987224527706324,True,,130,962,832,0.13513513513513514,3125,24,5,99,0.7615384615384615,11.0,9,50
confidence_floor,yolo11s,271,5,5|5|5|5|5,8,0.05,False,,False,no_detections_at_confidence_floor,0,962,962,0.0,3125,0,0,0,0.0,,,
binning_minimum_support,yolo11s,314,3,3|3|3|3|3,1,0.001,False,0.1099600970616451,True,,905,905,0,1.0,243,22,22,905,1.0,10.5,1,194
binning_minimum_support,yolo11s,314,3,3|3|3|3|3,4,0.001,False,0.10887365695307782,True,,905,905,0,1.0,243,22,18,900,0.994475138121547,14.5,4,194
binning_minimum_support,yolo11s,314,3,3|3|3|3|3,8,0.001,False,0.1075199398309898,True,,905,905,0,1.0,243,22,14,880,0.9723756906077348,25.5,8,194
binning_minimum_support,yolo11s,314,3,3|3|3|3|3,16,0.001,False,0.09797224842065955,True,,905,905,0,1.0,243,22,9,829,0.9160220994475138,94.0,16,194
binning_minimum_support,yolo11s,314,5,5|5|5|5|5,1,0.001,False,0.11322472655415045,True,,905,905,0,1.0,3125,81,81,905,1.0,3.0,1,80
binning_minimum_support,yolo11s,314,5,5|5|5|5|5,4,0.001,False,0.09749925418188332,True,,905,905,0,1.0,3125,81,38,838,0.9259668508287293,13.5,4,80
binning_minimum_support,yolo11s,314,5,5|5|5|5|5,8,0.001,True,0.09185182074064295,True,,905,905,0,1.0,3125,81,29,797,0.8806629834254144,19.0,8,80
binning_minimum_support,yolo11s,314,5,5|5|5|5|5,16,0.001,False,0.07492405816742852,True,,905,905,0,1.0,3125,81,18,680,0.7513812154696132,28.0,16,80
binning_minimum_support,yolo11s,314,7,7|7|7|7|7,1,0.001,False,0.12378790056981268,True,,905,905,0,1.0,16807,163,163,905,1.0,2.0,1,59
binning_minimum_support,yolo11s,314,7,7|7|7|7|7,4,0.001,False,0.09455261352055229,True,,905,905,0,1.0,16807,163,66,767,0.8475138121546961,8.0,4,59
binning_minimum_support,yolo11s,314,7,7|7|7|7|7,8,0.001,False,0.07322774670917787,True,,905,905,0,1.0,16807,163,34,605,0.6685082872928176,15.5,8,59
binning_minimum_support,yolo11s,314,7,7|7|7|7|7,16,0.001,False,0.0559455672209537,True,,905,905,0,1.0,16807,163,17,420,0.46408839779005523,22.0,16,59
confidence_floor,yolo11s,314,5,5|5|5|5|5,8,0.001,True,0.09185182074064295,True,,905,905,0,1.0,3125,81,29,797,0.8806629834254144,19.0,8,80
confidence_floor,yolo11s,314,5,5|5|5|5|5,8,0.005,False,0.10056618175143686,True,,449,905,456,0.49613259668508286,3125,65,18,340,0.7572383073496659,12.5,8,40
confidence_floor,yolo11s,314,5,5|5|5|5|5,8,0.01,False,0.08570227705283799,True,,349,905,556,0.3856353591160221,3125,60,11,217,0.6217765042979942,19.0,8,34
confidence_floor,yolo11s,314,5,5|5|5|5|5,8,0.05,False,0.10905370116233827,True,,195,905,710,0.2154696132596685,3125,47,8,115,0.5897435897435898,14.0,8,23
