detector,seed,threshold,sensitivity,false_positives,fp_per_image
faster_rcnn,17,0.01,0.8992537313432836,6068,8.090666666666667
faster_rcnn,17,0.02,0.8544776119402985,4388,5.850666666666666
faster_rcnn,17,0.03,0.832089552238806,3614,4.818666666666667
faster_rcnn,17,0.04,0.8097014925373134,3153,4.204
faster_rcnn,17,0.05,0.7947761194029851,2858,3.8106666666666666
faster_rcnn,17,0.06,0.7835820895522388,2635,3.513333333333333
faster_rcnn,17,0.07,0.7611940298507462,2443,3.2573333333333334
faster_rcnn,17,0.08,0.753731343283582,2293,3.0573333333333332
faster_rcnn,17,0.09,0.753731343283582,2171,2.8946666666666667
faster_rcnn,17,0.1,0.7425373134328358,2026,2.7013333333333334
faster_rcnn,17,0.11,0.7313432835820896,1923,2.564
faster_rcnn,17,0.12,0.7313432835820896,1828,2.437333333333333
faster_rcnn,17,0.13,0.7238805970149254,1746,2.328
faster_rcnn,17,0.14,0.7089552238805971,1679,2.2386666666666666
faster_rcnn,17,0.15,0.6940298507462687,1602,2.136
faster_rcnn,17,0.16,0.6902985074626866,1536,2.048
faster_rcnn,17,0.17,0.6791044776119403,1479,1.972
faster_rcnn,17,0.18,0.6791044776119403,1424,1.8986666666666667
faster_rcnn,17,0.19,0.664179104477612,1372,1.8293333333333333
faster_rcnn,17,0.2,0.6492537313432836,1332,1.776
faster_rcnn,17,0.21,0.6492537313432836,1290,1.72
faster_rcnn,17,0.22,0.6492537313432836,1244,1.6586666666666667
faster_rcnn,17,0.23,0.6455223880597015,1204,1.6053333333333333
faster_rcnn,17,0.24,0.6455223880597015,1171,1.5613333333333332
faster_rcnn,17,0.25,0.6455223880597015,1141,1.5213333333333334
faster_rcnn,17,0.26,0.6417910447761194,1105,1.4733333333333334
faster_rcnn,17,0.27,0.6380597014925373,1074,1.432
faster_rcnn,17,0.28,0.6305970149253731,1045,1.3933333333333333
faster_rcnn,17,0.29,0.6231343283582089,1020,1.36
faster_rcnn,17,0.3,0.6231343283582089,989,1.3186666666666667
faster_rcnn,17,0.31,0.6231343283582089,957,1.276
faster_rcnn,17,0.32,0.6194029850746269,923,1.2306666666666666
faster_rcnn,17,0.33,0.6119402985074627,893,1.1906666666666668
faster_rcnn,17,0.34,0.6119402985074627,872,1.1626666666666667
faster_rcnn,17,0.35,0.6119402985074627,846,1.128
faster_rcnn,17,0.36,0.6082089552238806,830,1.1066666666666667
faster_rcnn,17,0.37,0.6007462686567164,809,1.0786666666666667
faster_rcnn,17,0.38,0.5895522388059702,783,1.044
faster_rcnn,17,0.39,0.585820895522388,759,1.012
faster_rcnn,17,0.4,0.585820895522388,738,0.984
faster_rcnn,17,0.41,0.5783582089552238,717,0.956
faster_rcnn,17,0.42,0.5746268656716418,695,0.9266666666666666
faster_rcnn,17,0.43,0.5671641791044776,672,0.896
faster_rcnn,17,0.44,0.5634328358208955,642,0.856
faster_rcnn,17,0.45,0.5485074626865671,627,0.836
faster_rcnn,17,0.46,0.5447761194029851,610,0.8133333333333334
faster_rcnn,17,0.47,0.5410447761194029,592,0.7893333333333333
faster_rcnn,17,0.48,0.5335820895522388,569,0.7586666666666667
faster_rcnn,17,0.49,0.5335820895522388,558,0.744
faster_rcnn,17,0.5,0.5335820895522388,543,0.724
faster_rcnn,17,0.51,0.5335820895522388,523,0.6973333333333334
faster_rcnn,17,0.52,0.5335820895522388,508,0.6773333333333333
faster_rcnn,17,0.53,0.5223880597014925,494,0.6586666666666666
faster_rcnn,17,0.54,0.5149253731343284,481,0.6413333333333333
faster_rcnn,17,0.55,0.503731343283582,471,0.628
faster_rcnn,17,0.56,0.48880597014925375,451,0.6013333333333334
faster_rcnn,17,0.57,0.47761194029850745,438,0.584
faster_rcnn,17,0.58,0.4701492537313433,418,0.5573333333333333
faster_rcnn,17,0.59,0.4664179104477612,401,0.5346666666666666
faster_rcnn,17,0.6,0.45149253731343286,382,0.5093333333333333
faster_rcnn,17,0.61,0.44402985074626866,363,0.484
faster_rcnn,17,0.62,0.43656716417910446,346,0.4613333333333333
faster_rcnn,17,0.63,0.43656716417910446,327,0.436
faster_rcnn,17,0.64,0.4216417910447761,313,0.41733333333333333
faster_rcnn,17,0.65,0.4216417910447761,306,0.408
faster_rcnn,17,0.66,0.4141791044776119,290,0.38666666666666666
faster_rcnn,17,0.67,0.41044776119402987,267,0.356
faster_rcnn,17,0.68,0.39925373134328357,258,0.344
faster_rcnn,17,0.69,0.3880597014925373,248,0.33066666666666666
faster_rcnn,17,0.7,0.376865671641791,236,0.31466666666666665
faster_rcnn,17,0.71,0.3582089552238806,221,0.2946666666666667
faster_rcnn,17,0.72,0.35074626865671643,212,0.2826666666666667
faster_rcnn,17,0.73,0.33955223880597013,194,0.25866666666666666
faster_rcnn,17,0.74,0.332089552238806,179,0.23866666666666667
faster_rcnn,17,0.75,0.31716417910447764,162,0.216
faster_rcnn,17,0.76,0.30970149253731344,143,0.19066666666666668
faster_rcnn,17,0.77,0.30223880597014924,125,0.16666666666666666
faster_rcnn,17,0.78,0.2835820895522388,106,0.14133333333333334
faster_rcnn,17,0.79,0.27238805970149255,85,0.11333333333333333
faster_rcnn,17,0.8,0.2574626865671642,76,0.10133333333333333
faster_rcnn,17,0.81,0.23507462686567165,66,0.088
faster_rcnn,17,0.82,0.2126865671641791,57,0.076
faster_rcnn,17,0.83,0.1865671641791045,43,0.05733333333333333
faster_rcnn,17,0.84,0.16791044776119404,31,0.04133333333333333
faster_rcnn,17,0.85,0.15298507462686567,25,0.03333333333333333
faster_rcnn,17,0.86,0.12313432835820895,17,0.02266666666666667
faster_rcnn,17,0.87,0.1044776119402985,14,0.018666666666666668
faster_rcnn,17,0.88,0.07462686567164178,11,0.014666666666666666
faster_rcnn,17,0.89,0.06343283582089553,6,0.008
faster_rcnn,17,0.9,0.05223880597014925,4,0.005333333333333333
faster_rcnn,17,0.91,0.014925373134328358,0,0.0
faster_rcnn,17,0.92,0.007462686567164179,0,0.0
faster_rcnn,17,0.93,0.007462686567164179,0,0.0
faster_rcnn,17,0.94,0.0,0,0.0
faster_rcnn,17,0.95,0.0,0,0.0
faster_rcnn,17,0.96,0.0,0,0.0
faster_rcnn,17,0.97,0.0,0,0.0
faster_rcnn,17,0.98,0.0,0,0.0
faster_rcnn,17,0.99,0.0,0,0.0
faster_rcnn,42,0.01,0.7761194029850746,2406,3.208
faster_rcnn,42,0.02,0.7350746268656716,1797,2.396
faster_rcnn,42,0.03,0.7089552238805971,1536,2.048
faster_rcnn,42,0.04,0.6828358208955224,1353,1.804
faster_rcnn,42,0.05,0.6791044776119403,1243,1.6573333333333333
faster_rcnn,42,0.06,0.664179104477612,1149,1.532
faster_rcnn,42,0.07,0.6529850746268657,1062,1.416
faster_rcnn,42,0.08,0.6455223880597015,1008,1.344
faster_rcnn,42,0.09,0.6380597014925373,959,1.2786666666666666
faster_rcnn,42,0.1,0.6305970149253731,911,1.2146666666666666
faster_rcnn,42,0.11,0.6194029850746269,867,1.156
faster_rcnn,42,0.12,0.6156716417910447,837,1.116
faster_rcnn,42,0.13,0.6119402985074627,805,1.0733333333333333
faster_rcnn,42,0.14,0.6082089552238806,761,1.0146666666666666
faster_rcnn,42,0.15,0.6082089552238806,736,0.9813333333333333
faster_rcnn,42,0.16,0.6082089552238806,718,0.9573333333333334
faster_rcnn,42,0.17,0.6044776119402985,691,0.9213333333333333
faster_rcnn,42,0.18,0.5932835820895522,673,0.8973333333333333
faster_rcnn,42,0.19,0.5895522388059702,656,0.8746666666666667
faster_rcnn,42,0.2,0.585820895522388,641,0.8546666666666667
faster_rcnn,42,0.21,0.585820895522388,626,0.8346666666666667
faster_rcnn,42,0.22,0.585820895522388,610,0.8133333333333334
faster_rcnn,42,0.23,0.585820895522388,601,0.8013333333333333
faster_rcnn,42,0.24,0.582089552238806,592,0.7893333333333333
faster_rcnn,42,0.25,0.582089552238806,577,0.7693333333333333
faster_rcnn,42,0.26,0.582089552238806,565,0.7533333333333333
faster_rcnn,42,0.27,0.582089552238806,552,0.736
faster_rcnn,42,0.28,0.5746268656716418,537,0.716
faster_rcnn,42,0.29,0.5746268656716418,531,0.708
faster_rcnn,42,0.3,0.5708955223880597,523,0.6973333333333334
faster_rcnn,42,0.31,0.5708955223880597,515,0.6866666666666666
faster_rcnn,42,0.32,0.5597014925373134,508,0.6773333333333333
faster_rcnn,42,0.33,0.5597014925373134,498,0.664
faster_rcnn,42,0.34,0.5522388059701493,487,0.6493333333333333
faster_rcnn,42,0.35,0.5447761194029851,477,0.636
faster_rcnn,42,0.36,0.5373134328358209,459,0.612
faster_rcnn,42,0.37,0.5261194029850746,450,0.6
faster_rcnn,42,0.38,0.5261194029850746,443,0.5906666666666667
faster_rcnn,42,0.39,0.5223880597014925,431,0.5746666666666667
faster_rcnn,42,0.4,0.5223880597014925,423,0.564
faster_rcnn,42,0.41,0.5186567164179104,418,0.5573333333333333
faster_rcnn,42,0.42,0.5186567164179104,410,0.5466666666666666
faster_rcnn,42,0.43,0.5149253731343284,393,0.524
faster_rcnn,42,0.44,0.5111940298507462,387,0.516
faster_rcnn,42,0.45,0.5111940298507462,383,0.5106666666666667
faster_rcnn,42,0.46,0.5074626865671642,374,0.49866666666666665
faster_rcnn,42,0.47,0.5074626865671642,364,0.48533333333333334
faster_rcnn,42,0.48,0.503731343283582,358,0.47733333333333333
faster_rcnn,42,0.49,0.5,349,0.4653333333333333
faster_rcnn,42,0.5,0.4962686567164179,347,0.46266666666666667
faster_rcnn,42,0.51,0.4925373134328358,339,0.452
faster_rcnn,42,0.52,0.4925373134328358,333,0.444
faster_rcnn,42,0.53,0.48880597014925375,322,0.42933333333333334
faster_rcnn,42,0.54,0.47761194029850745,315,0.42
faster_rcnn,42,0.55,0.47388059701492535,307,0.4093333333333333
faster_rcnn,42,0.56,0.4664179104477612,303,0.404
faster_rcnn,42,0.57,0.4626865671641791,298,0.3973333333333333
faster_rcnn,42,0.58,0.458955223880597,294,0.392
faster_rcnn,42,0.59,0.45149253731343286,289,0.38533333333333336
faster_rcnn,42,0.6,0.45149253731343286,285,0.38
faster_rcnn,42,0.61,0.45149253731343286,272,0.3626666666666667
faster_rcnn,42,0.62,0.44776119402985076,266,0.3546666666666667
faster_rcnn,42,0.63,0.44776119402985076,261,0.348
faster_rcnn,42,0.64,0.44029850746268656,255,0.34
faster_rcnn,42,0.65,0.4253731343283582,246,0.328
faster_rcnn,42,0.66,0.4216417910447761,234,0.312
faster_rcnn,42,0.67,0.4141791044776119,229,0.30533333333333335
faster_rcnn,42,0.68,0.41044776119402987,224,0.2986666666666667
faster_rcnn,42,0.69,0.40298507462686567,220,0.29333333333333333
faster_rcnn,42,0.7,0.39925373134328357,214,0.2853333333333333
faster_rcnn,42,0.71,0.3843283582089552,203,0.27066666666666667
faster_rcnn,42,0.72,0.373134328358209,196,0.2613333333333333
faster_rcnn,42,0.73,0.373134328358209,184,0.24533333333333332
faster_rcnn,42,0.74,0.3656716417910448,174,0.232
faster_rcnn,42,0.75,0.3656716417910448,169,0.22533333333333333
faster_rcnn,42,0.76,0.34701492537313433,162,0.216
faster_rcnn,42,0.77,0.34328358208955223,147,0.196
faster_rcnn,42,0.78,0.3246268656716418,137,0.18266666666666667
faster_rcnn,42,0.79,0.31343283582089554,129,0.172
faster_rcnn,42,0.8,0.30223880597014924,119,0.15866666666666668
faster_rcnn,42,0.81,0.2947761194029851,104,0.13866666666666666
faster_rcnn,42,0.82,0.291044776119403,94,0.12533333333333332
faster_rcnn,42,0.83,0.2835820895522388,86,0.11466666666666667
faster_rcnn,42,0.84,0.2798507462686567,80,0.10666666666666667
faster_rcnn,42,0.85,0.26119402985074625,68,0.09066666666666667
faster_rcnn,42,0.86,0.2574626865671642,61,0.08133333333333333
faster_rcnn,42,0.87,0.21641791044776118,52,0.06933333333333333
faster_rcnn,42,0.88,0.20149253731343283,44,0.058666666666666666
faster_rcnn,42,0.89,0.19029850746268656,39,0.052
faster_rcnn,42,0.9,0.16044776119402984,34,0.04533333333333334
faster_rcnn,42,0.91,0.15298507462686567,27,0.036
faster_rcnn,42,0.92,0.11940298507462686,18,0.024
faster_rcnn,42,0.93,0.1044776119402985,13,0.017333333333333333
faster_rcnn,42,0.94,0.055970149253731345,11,0.014666666666666666
faster_rcnn,42,0.95,0.033582089552238806,7,0.009333333333333334
faster_rcnn,42,0.96,0.018656716417910446,2,0.0026666666666666666
faster_rcnn,42,0.97,0.007462686567164179,1,0.0013333333333333333
faster_rcnn,42,0.98,0.0,0,0.0
faster_rcnn,42,0.99,0.0,0,0.0
faster_rcnn,137,0.01,0.8843283582089553,7165,9.553333333333333
faster_rcnn,137,0.02,0.8470149253731343,4948,6.597333333333333
faster_rcnn,137,0.03,0.835820895522388,4013,5.350666666666666
faster_rcnn,137,0.04,0.8246268656716418,3432,4.576
faster_rcnn,137,0.05,0.8208955223880597,3049,4.065333333333333
faster_rcnn,137,0.06,0.8097014925373134,2775,3.7
faster_rcnn,137,0.07,0.7798507462686567,2556,3.408
faster_rcnn,137,0.08,0.7798507462686567,2370,3.16
faster_rcnn,137,0.09,0.7723880597014925,2195,2.9266666666666667
faster_rcnn,137,0.1,0.7686567164179104,2051,2.7346666666666666
faster_rcnn,137,0.11,0.7574626865671642,1948,2.5973333333333333
faster_rcnn,137,0.12,0.75,1835,2.4466666666666668
faster_rcnn,137,0.13,0.7425373134328358,1743,2.324
faster_rcnn,137,0.14,0.7276119402985075,1671,2.228
faster_rcnn,137,0.15,0.7238805970149254,1615,2.1533333333333333
faster_rcnn,137,0.16,0.7164179104477612,1548,2.064
faster_rcnn,137,0.17,0.7164179104477612,1484,1.9786666666666666
faster_rcnn,137,0.18,0.7126865671641791,1421,1.8946666666666667
faster_rcnn,137,0.19,0.7089552238805971,1374,1.832
faster_rcnn,137,0.2,0.7052238805970149,1316,1.7546666666666666
faster_rcnn,137,0.21,0.6977611940298507,1269,1.692
faster_rcnn,137,0.22,0.6940298507462687,1227,1.636
faster_rcnn,137,0.23,0.6902985074626866,1177,1.5693333333333332
faster_rcnn,137,0.24,0.6865671641791045,1133,1.5106666666666666
faster_rcnn,137,0.25,0.6865671641791045,1101,1.468
faster_rcnn,137,0.26,0.6865671641791045,1061,1.4146666666666667
faster_rcnn,137,0.27,0.6828358208955224,1021,1.3613333333333333
faster_rcnn,137,0.28,0.6753731343283582,988,1.3173333333333332
faster_rcnn,137,0.29,0.6753731343283582,954,1.272
faster_rcnn,137,0.3,0.667910447761194,929,1.2386666666666666
faster_rcnn,137,0.31,0.6567164179104478,900,1.2
faster_rcnn,137,0.32,0.6455223880597015,871,1.1613333333333333
faster_rcnn,137,0.33,0.6417910447761194,835,1.1133333333333333
faster_rcnn,137,0.34,0.6417910447761194,813,1.084
faster_rcnn,137,0.35,0.6305970149253731,783,1.044
faster_rcnn,137,0.36,0.6194029850746269,755,1.0066666666666666
faster_rcnn,137,0.37,0.6156716417910447,732,0.976
faster_rcnn,137,0.38,0.6156716417910447,707,0.9426666666666667
faster_rcnn,137,0.39,0.6156716417910447,678,0.904
faster_rcnn,137,0.4,0.6082089552238806,653,0.8706666666666667
faster_rcnn,137,0.41,0.6082089552238806,629,0.8386666666666667
faster_rcnn,137,0.42,0.6044776119402985,617,0.8226666666666667
faster_rcnn,137,0.43,0.6007462686567164,594,0.792
faster_rcnn,137,0.44,0.5970149253731343,573,0.764
faster_rcnn,137,0.45,0.5970149253731343,556,0.7413333333333333
faster_rcnn,137,0.46,0.585820895522388,542,0.7226666666666667
faster_rcnn,137,0.47,0.582089552238806,524,0.6986666666666667
faster_rcnn,137,0.48,0.5708955223880597,503,0.6706666666666666
faster_rcnn,137,0.49,0.5559701492537313,480,0.64
faster_rcnn,137,0.5,0.5447761194029851,469,0.6253333333333333
faster_rcnn,137,0.51,0.5410447761194029,444,0.592
faster_rcnn,137,0.52,0.5111940298507462,427,0.5693333333333334
faster_rcnn,137,0.53,0.503731343283582,406,0.5413333333333333
faster_rcnn,137,0.54,0.5,382,0.5093333333333333
faster_rcnn,137,0.55,0.48880597014925375,354,0.472
faster_rcnn,137,0.56,0.48134328358208955,341,0.45466666666666666
faster_rcnn,137,0.57,0.47388059701492535,324,0.432
faster_rcnn,137,0.58,0.4626865671641791,301,0.4013333333333333
faster_rcnn,137,0.59,0.4552238805970149,284,0.37866666666666665
faster_rcnn,137,0.6,0.43656716417910446,260,0.3466666666666667
faster_rcnn,137,0.61,0.4216417910447761,243,0.324
faster_rcnn,137,0.62,0.4141791044776119,228,0.304
faster_rcnn,137,0.63,0.39552238805970147,205,0.2733333333333333
faster_rcnn,137,0.64,0.376865671641791,186,0.248
faster_rcnn,137,0.65,0.3619402985074627,164,0.21866666666666668
faster_rcnn,137,0.66,0.33955223880597013,149,0.19866666666666666
faster_rcnn,137,0.67,0.3246268656716418,135,0.18
faster_rcnn,137,0.68,0.30223880597014924,113,0.15066666666666667
faster_rcnn,137,0.69,0.291044776119403,100,0.13333333333333333
faster_rcnn,137,0.7,0.2537313432835821,81,0.108
faster_rcnn,137,0.71,0.22761194029850745,64,0.08533333333333333
faster_rcnn,137,0.72,0.208955223880597,48,0.064
faster_rcnn,137,0.73,0.19402985074626866,36,0.048
faster_rcnn,137,0.74,0.16791044776119404,31,0.04133333333333333
faster_rcnn,137,0.75,0.12313432835820895,20,0.02666666666666667
faster_rcnn,137,0.76,0.10074626865671642,11,0.014666666666666666
faster_rcnn,137,0.77,0.05970149253731343,8,0.010666666666666666
faster_rcnn,137,0.78,0.048507462686567165,3,0.004
faster_rcnn,137,0.79,0.03731343283582089,2,0.0026666666666666666
faster_rcnn,137,0.8,0.011194029850746268,1,0.0013333333333333333
faster_rcnn,137,0.81,0.0037313432835820895,0,0.0
faster_rcnn,137,0.82,0.0,0,0.0
faster_rcnn,137,0.83,0.0,0,0.0
faster_rcnn,137,0.84,0.0,0,0.0
faster_rcnn,137,0.85,0.0,0,0.0
faster_rcnn,137,0.86,0.0,0,0.0
faster_rcnn,137,0.87,0.0,0,0.0
faster_rcnn,137,0.88,0.0,0,0.0
faster_rcnn,137,0.89,0.0,0,0.0
faster_rcnn,137,0.9,0.0,0,0.0
faster_rcnn,137,0.91,0.0,0,0.0
faster_rcnn,137,0.92,0.0,0,0.0
faster_rcnn,137,0.93,0.0,0,0.0
faster_rcnn,137,0.94,0.0,0,0.0
faster_rcnn,137,0.95,0.0,0,0.0
faster_rcnn,137,0.96,0.0,0,0.0
faster_rcnn,137,0.97,0.0,0,0.0
faster_rcnn,137,0.98,0.0,0,0.0
faster_rcnn,137,0.99,0.0,0,0.0
faster_rcnn,271,0.01,0.746268656716418,1960,2.6133333333333333
faster_rcnn,271,0.02,0.7089552238805971,1463,1.9506666666666668
faster_rcnn,271,0.03,0.7014925373134329,1253,1.6706666666666667
faster_rcnn,271,0.04,0.6791044776119403,1093,1.4573333333333334
faster_rcnn,271,0.05,0.6604477611940298,1007,1.3426666666666667
faster_rcnn,271,0.06,0.6529850746268657,918,1.224
faster_rcnn,271,0.07,0.6268656716417911,841,1.1213333333333333
faster_rcnn,271,0.08,0.6156716417910447,780,1.04
faster_rcnn,271,0.09,0.6119402985074627,749,0.9986666666666667
faster_rcnn,271,0.1,0.6007462686567164,710,0.9466666666666667
faster_rcnn,271,0.11,0.5895522388059702,665,0.8866666666666667
faster_rcnn,271,0.12,0.582089552238806,639,0.852
faster_rcnn,271,0.13,0.5783582089552238,621,0.828
faster_rcnn,271,0.14,0.5746268656716418,597,0.796
faster_rcnn,271,0.15,0.5746268656716418,582,0.776
faster_rcnn,271,0.16,0.5708955223880597,557,0.7426666666666667
faster_rcnn,271,0.17,0.5671641791044776,546,0.728
faster_rcnn,271,0.18,0.5671641791044776,528,0.704
faster_rcnn,271,0.19,0.5671641791044776,505,0.6733333333333333
faster_rcnn,271,0.2,0.5559701492537313,494,0.6586666666666666
faster_rcnn,271,0.21,0.5447761194029851,481,0.6413333333333333
faster_rcnn,271,0.22,0.5410447761194029,477,0.636
faster_rcnn,271,0.23,0.5335820895522388,460,0.6133333333333333
faster_rcnn,271,0.24,0.5298507462686567,449,0.5986666666666667
faster_rcnn,271,0.25,0.5261194029850746,435,0.58
faster_rcnn,271,0.26,0.5261194029850746,427,0.5693333333333334
faster_rcnn,271,0.27,0.5186567164179104,417,0.556
faster_rcnn,271,0.28,0.5186567164179104,411,0.548
faster_rcnn,271,0.29,0.5186567164179104,400,0.5333333333333333
faster_rcnn,271,0.3,0.5186567164179104,390,0.52
faster_rcnn,271,0.31,0.5186567164179104,384,0.512
faster_rcnn,271,0.32,0.5186567164179104,370,0.49333333333333335
faster_rcnn,271,0.33,0.5186567164179104,362,0.4826666666666667
faster_rcnn,271,0.34,0.5186567164179104,352,0.4693333333333333
faster_rcnn,271,0.35,0.5111940298507462,344,0.45866666666666667
faster_rcnn,271,0.36,0.5111940298507462,339,0.452
faster_rcnn,271,0.37,0.5111940298507462,334,0.44533333333333336
faster_rcnn,271,0.38,0.5111940298507462,323,0.43066666666666664
faster_rcnn,271,0.39,0.5074626865671642,318,0.424
faster_rcnn,271,0.4,0.5074626865671642,317,0.4226666666666667
faster_rcnn,271,0.41,0.5,310,0.41333333333333333
faster_rcnn,271,0.42,0.48880597014925375,302,0.4026666666666667
faster_rcnn,271,0.43,0.48134328358208955,298,0.3973333333333333
faster_rcnn,271,0.44,0.47761194029850745,289,0.38533333333333336
faster_rcnn,271,0.45,0.4701492537313433,281,0.37466666666666665
faster_rcnn,271,0.46,0.4664179104477612,275,0.36666666666666664
faster_rcnn,271,0.47,0.4664179104477612,265,0.35333333333333333
faster_rcnn,271,0.48,0.4626865671641791,261,0.348
faster_rcnn,271,0.49,0.458955223880597,251,0.33466666666666667
faster_rcnn,271,0.5,0.44776119402985076,248,0.33066666666666666
faster_rcnn,271,0.51,0.44776119402985076,241,0.32133333333333336
faster_rcnn,271,0.52,0.44029850746268656,234,0.312
faster_rcnn,271,0.53,0.44029850746268656,227,0.30266666666666664
faster_rcnn,271,0.54,0.44029850746268656,223,0.29733333333333334
faster_rcnn,271,0.55,0.43656716417910446,219,0.292
faster_rcnn,271,0.56,0.43656716417910446,215,0.2866666666666667
faster_rcnn,271,0.57,0.4253731343283582,211,0.2813333333333333
faster_rcnn,271,0.58,0.417910447761194,207,0.276
faster_rcnn,271,0.59,0.41044776119402987,201,0.268
faster_rcnn,271,0.6,0.40671641791044777,199,0.2653333333333333
faster_rcnn,271,0.61,0.39552238805970147,186,0.248
faster_rcnn,271,0.62,0.3917910447761194,184,0.24533333333333332
faster_rcnn,271,0.63,0.3880597014925373,176,0.23466666666666666
faster_rcnn,271,0.64,0.3843283582089552,171,0.228
faster_rcnn,271,0.65,0.3805970149253731,169,0.22533333333333333
faster_rcnn,271,0.66,0.373134328358209,164,0.21866666666666668
faster_rcnn,271,0.67,0.35447761194029853,154,0.20533333333333334
faster_rcnn,271,0.68,0.35074626865671643,144,0.192
faster_rcnn,271,0.69,0.35074626865671643,138,0.184
faster_rcnn,271,0.7,0.34701492537313433,134,0.17866666666666667
faster_rcnn,271,0.71,0.34328358208955223,129,0.172
faster_rcnn,271,0.72,0.3358208955223881,127,0.16933333333333334
faster_rcnn,271,0.73,0.3283582089552239,124,0.16533333333333333
faster_rcnn,271,0.74,0.31716417910447764,119,0.15866666666666668
faster_rcnn,271,0.75,0.30597014925373134,116,0.15466666666666667
faster_rcnn,271,0.76,0.30597014925373134,111,0.148
faster_rcnn,271,0.77,0.30223880597014924,106,0.14133333333333334
faster_rcnn,271,0.78,0.2947761194029851,99,0.132
faster_rcnn,271,0.79,0.2835820895522388,96,0.128
faster_rcnn,271,0.8,0.27238805970149255,94,0.12533333333333332
faster_rcnn,271,0.81,0.26865671641791045,83,0.11066666666666666
faster_rcnn,271,0.82,0.2574626865671642,77,0.10266666666666667
faster_rcnn,271,0.83,0.2462686567164179,73,0.09733333333333333
faster_rcnn,271,0.84,0.24253731343283583,67,0.08933333333333333
faster_rcnn,271,0.85,0.23880597014925373,59,0.07866666666666666
faster_rcnn,271,0.86,0.22761194029850745,50,0.06666666666666667
faster_rcnn,271,0.87,0.22761194029850745,43,0.05733333333333333
faster_rcnn,271,0.88,0.20522388059701493,38,0.050666666666666665
faster_rcnn,271,0.89,0.1865671641791045,31,0.04133333333333333
faster_rcnn,271,0.9,0.16791044776119404,21,0.028
faster_rcnn,271,0.91,0.14925373134328357,17,0.02266666666666667
faster_rcnn,271,0.92,0.12313432835820895,16,0.021333333333333333
faster_rcnn,271,0.93,0.07462686567164178,13,0.017333333333333333
faster_rcnn,271,0.94,0.033582089552238806,9,0.012
faster_rcnn,271,0.95,0.029850746268656716,5,0.006666666666666667
faster_rcnn,271,0.96,0.007462686567164179,1,0.0013333333333333333
faster_rcnn,271,0.97,0.0,0,0.0
faster_rcnn,271,0.98,0.0,0,0.0
faster_rcnn,271,0.99,0.0,0,0.0
faster_rcnn,314,0.01,0.6492537313432836,1325,1.7666666666666666
faster_rcnn,314,0.02,0.6119402985074627,1010,1.3466666666666667
faster_rcnn,314,0.03,0.5895522388059702,870,1.16
faster_rcnn,314,0.04,0.5783582089552238,790,1.0533333333333332
faster_rcnn,314,0.05,0.5634328358208955,730,0.9733333333333334
faster_rcnn,314,0.06,0.5485074626865671,677,0.9026666666666666
faster_rcnn,314,0.07,0.5485074626865671,634,0.8453333333333334
faster_rcnn,314,0.08,0.5447761194029851,602,0.8026666666666666
faster_rcnn,314,0.09,0.5410447761194029,581,0.7746666666666666
faster_rcnn,314,0.1,0.5335820895522388,555,0.74
faster_rcnn,314,0.11,0.5335820895522388,537,0.716
faster_rcnn,314,0.12,0.5223880597014925,515,0.6866666666666666
faster_rcnn,314,0.13,0.5149253731343284,499,0.6653333333333333
faster_rcnn,314,0.14,0.5111940298507462,480,0.64
faster_rcnn,314,0.15,0.503731343283582,463,0.6173333333333333
faster_rcnn,314,0.16,0.5,455,0.6066666666666667
faster_rcnn,314,0.17,0.48507462686567165,442,0.5893333333333334
faster_rcnn,314,0.18,0.48507462686567165,433,0.5773333333333334
faster_rcnn,314,0.19,0.48134328358208955,419,0.5586666666666666
faster_rcnn,314,0.2,0.48134328358208955,409,0.5453333333333333
faster_rcnn,314,0.21,0.47388059701492535,400,0.5333333333333333
faster_rcnn,314,0.22,0.47388059701492535,390,0.52
faster_rcnn,314,0.23,0.4626865671641791,385,0.5133333333333333
faster_rcnn,314,0.24,0.4626865671641791,381,0.508
faster_rcnn,314,0.25,0.458955223880597,375,0.5
faster_rcnn,314,0.26,0.4552238805970149,367,0.48933333333333334
faster_rcnn,314,0.27,0.45149253731343286,363,0.484
faster_rcnn,314,0.28,0.44402985074626866,353,0.4706666666666667
faster_rcnn,314,0.29,0.44402985074626866,348,0.464
faster_rcnn,314,0.3,0.44402985074626866,341,0.45466666666666666
faster_rcnn,314,0.31,0.44029850746268656,337,0.4493333333333333
faster_rcnn,314,0.32,0.44029850746268656,326,0.43466666666666665
faster_rcnn,314,0.33,0.43283582089552236,319,0.42533333333333334
faster_rcnn,314,0.34,0.4291044776119403,315,0.42
faster_rcnn,314,0.35,0.4253731343283582,309,0.412
faster_rcnn,314,0.36,0.4216417910447761,303,0.404
faster_rcnn,314,0.37,0.4216417910447761,297,0.396
faster_rcnn,314,0.38,0.4216417910447761,290,0.38666666666666666
faster_rcnn,314,0.39,0.4216417910447761,284,0.37866666666666665
faster_rcnn,314,0.4,0.4141791044776119,278,0.37066666666666664
faster_rcnn,314,0.41,0.41044776119402987,274,0.36533333333333334
faster_rcnn,314,0.42,0.40671641791044777,270,0.36
faster_rcnn,314,0.43,0.40298507462686567,266,0.3546666666666667
faster_rcnn,314,0.44,0.39925373134328357,260,0.3466666666666667
faster_rcnn,314,0.45,0.39925373134328357,255,0.34
faster_rcnn,314,0.46,0.39925373134328357,248,0.33066666666666666
faster_rcnn,314,0.47,0.39925373134328357,246,0.328
faster_rcnn,314,0.48,0.3917910447761194,241,0.32133333333333336
faster_rcnn,314,0.49,0.3917910447761194,238,0.31733333333333336
faster_rcnn,314,0.5,0.3843283582089552,233,0.31066666666666665
faster_rcnn,314,0.51,0.3843283582089552,226,0.30133333333333334
faster_rcnn,314,0.52,0.3843283582089552,218,0.2906666666666667
faster_rcnn,314,0.53,0.3805970149253731,217,0.28933333333333333
faster_rcnn,314,0.54,0.376865671641791,215,0.2866666666666667
faster_rcnn,314,0.55,0.373134328358209,212,0.2826666666666667
faster_rcnn,314,0.56,0.3656716417910448,206,0.27466666666666667
faster_rcnn,314,0.57,0.3656716417910448,204,0.272
faster_rcnn,314,0.58,0.3582089552238806,197,0.26266666666666666
faster_rcnn,314,0.59,0.35074626865671643,195,0.26
faster_rcnn,314,0.6,0.35074626865671643,194,0.25866666666666666
faster_rcnn,314,0.61,0.34701492537313433,193,0.25733333333333336
faster_rcnn,314,0.62,0.34701492537313433,191,0.25466666666666665
faster_rcnn,314,0.63,0.34328358208955223,186,0.248
faster_rcnn,314,0.64,0.33955223880597013,184,0.24533333333333332
faster_rcnn,314,0.65,0.332089552238806,179,0.23866666666666667
faster_rcnn,314,0.66,0.332089552238806,178,0.23733333333333334
faster_rcnn,314,0.67,0.3283582089552239,173,0.23066666666666666
faster_rcnn,314,0.68,0.3283582089552239,167,0.22266666666666668
faster_rcnn,314,0.69,0.3208955223880597,164,0.21866666666666668
faster_rcnn,314,0.7,0.31716417910447764,162,0.216
faster_rcnn,314,0.71,0.31716417910447764,159,0.212
faster_rcnn,314,0.72,0.31343283582089554,156,0.208
faster_rcnn,314,0.73,0.31343283582089554,150,0.2
faster_rcnn,314,0.74,0.30597014925373134,144,0.192
faster_rcnn,314,0.75,0.30597014925373134,139,0.18533333333333332
faster_rcnn,314,0.76,0.30223880597014924,135,0.18
faster_rcnn,314,0.77,0.291044776119403,126,0.168
faster_rcnn,314,0.78,0.2835820895522388,120,0.16
faster_rcnn,314,0.79,0.2835820895522388,113,0.15066666666666667
faster_rcnn,314,0.8,0.2835820895522388,105,0.14
faster_rcnn,314,0.81,0.2798507462686567,99,0.132
faster_rcnn,314,0.82,0.26492537313432835,96,0.128
faster_rcnn,314,0.83,0.2574626865671642,87,0.116
faster_rcnn,314,0.84,0.24253731343283583,82,0.10933333333333334
faster_rcnn,314,0.85,0.23507462686567165,72,0.096
faster_rcnn,314,0.86,0.22014925373134328,65,0.08666666666666667
faster_rcnn,314,0.87,0.2126865671641791,54,0.072
faster_rcnn,314,0.88,0.20522388059701493,52,0.06933333333333333
faster_rcnn,314,0.89,0.1865671641791045,41,0.05466666666666667
faster_rcnn,314,0.9,0.16791044776119404,35,0.04666666666666667
faster_rcnn,314,0.91,0.15671641791044777,29,0.03866666666666667
faster_rcnn,314,0.92,0.13059701492537312,20,0.02666666666666667
faster_rcnn,314,0.93,0.10820895522388059,15,0.02
faster_rcnn,314,0.94,0.08955223880597014,12,0.016
faster_rcnn,314,0.95,0.048507462686567165,11,0.014666666666666666
faster_rcnn,314,0.96,0.026119402985074626,5,0.006666666666666667
faster_rcnn,314,0.97,0.011194029850746268,0,0.0
faster_rcnn,314,0.98,0.0,0,0.0
faster_rcnn,314,0.99,0.0,0,0.0
yolo11s,17,0.01,0.373134328358209,351,0.468
yolo11s,17,0.02,0.3246268656716418,266,0.3546666666666667
yolo11s,17,0.03,0.29850746268656714,216,0.288
yolo11s,17,0.04,0.27238805970149255,190,0.25333333333333335
yolo11s,17,0.05,0.26119402985074625,168,0.224
yolo11s,17,0.06,0.23507462686567165,153,0.204
yolo11s,17,0.07,0.22761194029850745,141,0.188
yolo11s,17,0.08,0.22014925373134328,132,0.176
yolo11s,17,0.09,0.21641791044776118,125,0.16666666666666666
yolo11s,17,0.1,0.21641791044776118,116,0.15466666666666667
yolo11s,17,0.11,0.208955223880597,107,0.14266666666666666
yolo11s,17,0.12,0.20149253731343283,102,0.136
yolo11s,17,0.13,0.20149253731343283,95,0.12666666666666668
yolo11s,17,0.14,0.19776119402985073,93,0.124
yolo11s,17,0.15,0.19029850746268656,89,0.11866666666666667
yolo11s,17,0.16,0.19029850746268656,81,0.108
yolo11s,17,0.17,0.1865671641791045,79,0.10533333333333333
yolo11s,17,0.18,0.1865671641791045,77,0.10266666666666667
yolo11s,17,0.19,0.17537313432835822,71,0.09466666666666666
yolo11s,17,0.2,0.16791044776119404,69,0.092
yolo11s,17,0.21,0.16044776119402984,65,0.08666666666666667
yolo11s,17,0.22,0.1455223880597015,59,0.07866666666666666
yolo11s,17,0.23,0.1417910447761194,58,0.07733333333333334
yolo11s,17,0.24,0.1417910447761194,56,0.07466666666666667
yolo11s,17,0.25,0.13432835820895522,56,0.07466666666666667
yolo11s,17,0.26,0.12686567164179105,55,0.07333333333333333
yolo11s,17,0.27,0.11194029850746269,54,0.072
yolo11s,17,0.28,0.11194029850746269,49,0.06533333333333333
yolo11s,17,0.29,0.11194029850746269,47,0.06266666666666666
yolo11s,17,0.3,0.11194029850746269,42,0.056
yolo11s,17,0.31,0.1044776119402985,41,0.05466666666666667
yolo11s,17,0.32,0.10074626865671642,39,0.052
yolo11s,17,0.33,0.09701492537313433,34,0.04533333333333334
yolo11s,17,0.34,0.09328358208955224,33,0.044
yolo11s,17,0.35,0.09328358208955224,29,0.03866666666666667
yolo11s,17,0.36,0.08955223880597014,28,0.037333333333333336
yolo11s,17,0.37,0.08582089552238806,26,0.034666666666666665
yolo11s,17,0.38,0.08208955223880597,25,0.03333333333333333
yolo11s,17,0.39,0.07835820895522388,21,0.028
yolo11s,17,0.4,0.07462686567164178,21,0.028
yolo11s,17,0.41,0.07462686567164178,21,0.028
yolo11s,17,0.42,0.06716417910447761,18,0.024
yolo11s,17,0.43,0.06716417910447761,18,0.024
yolo11s,17,0.44,0.06343283582089553,17,0.02266666666666667
yolo11s,17,0.45,0.055970149253731345,16,0.021333333333333333
yolo11s,17,0.46,0.05223880597014925,13,0.017333333333333333
yolo11s,17,0.47,0.048507462686567165,13,0.017333333333333333
yolo11s,17,0.48,0.048507462686567165,13,0.017333333333333333
yolo11s,17,0.49,0.048507462686567165,12,0.016
yolo11s,17,0.5,0.041044776119402986,11,0.014666666666666666
yolo11s,17,0.51,0.041044776119402986,11,0.014666666666666666
yolo11s,17,0.52,0.03731343283582089,11,0.014666666666666666
yolo11s,17,0.53,0.033582089552238806,10,0.013333333333333334
yolo11s,17,0.54,0.029850746268656716,7,0.009333333333333334
yolo11s,17,0.55,0.026119402985074626,5,0.006666666666666667
yolo11s,17,0.56,0.022388059701492536,4,0.005333333333333333
yolo11s,17,0.57,0.022388059701492536,4,0.005333333333333333
yolo11s,17,0.58,0.022388059701492536,2,0.0026666666666666666
yolo11s,17,0.59,0.022388059701492536,2,0.0026666666666666666
yolo11s,17,0.6,0.018656716417910446,1,0.0013333333333333333
yolo11s,17,0.61,0.014925373134328358,1,0.0013333333333333333
yolo11s,17,0.62,0.014925373134328358,1,0.0013333333333333333
yolo11s,17,0.63,0.014925373134328358,0,0.0
yolo11s,17,0.64,0.011194029850746268,0,0.0
yolo11s,17,0.65,0.007462686567164179,0,0.0
yolo11s,17,0.66,0.007462686567164179,0,0.0
yolo11s,17,0.67,0.0037313432835820895,0,0.0
yolo11s,17,0.68,0.0,0,0.0
yolo11s,17,0.69,0.0,0,0.0
yolo11s,17,0.7,0.0,0,0.0
yolo11s,17,0.71,0.0,0,0.0
yolo11s,17,0.72,0.0,0,0.0
yolo11s,17,0.73,0.0,0,0.0
yolo11s,17,0.74,0.0,0,0.0
yolo11s,17,0.75,0.0,0,0.0
yolo11s,17,0.76,0.0,0,0.0
yolo11s,17,0.77,0.0,0,0.0
yolo11s,17,0.78,0.0,0,0.0
yolo11s,17,0.79,0.0,0,0.0
yolo11s,17,0.8,0.0,0,0.0
yolo11s,17,0.81,0.0,0,0.0
yolo11s,17,0.82,0.0,0,0.0
yolo11s,17,0.83,0.0,0,0.0
yolo11s,17,0.84,0.0,0,0.0
yolo11s,17,0.85,0.0,0,0.0
yolo11s,17,0.86,0.0,0,0.0
yolo11s,17,0.87,0.0,0,0.0
yolo11s,17,0.88,0.0,0,0.0
yolo11s,17,0.89,0.0,0,0.0
yolo11s,17,0.9,0.0,0,0.0
yolo11s,17,0.91,0.0,0,0.0
yolo11s,17,0.92,0.0,0,0.0
yolo11s,17,0.93,0.0,0,0.0
yolo11s,17,0.94,0.0,0,0.0
yolo11s,17,0.95,0.0,0,0.0
yolo11s,17,0.96,0.0,0,0.0
yolo11s,17,0.97,0.0,0,0.0
yolo11s,17,0.98,0.0,0,0.0
yolo11s,17,0.99,0.0,0,0.0
yolo11s,42,0.01,0.35074626865671643,283,0.37733333333333335
yolo11s,42,0.02,0.31343283582089554,219,0.292
yolo11s,42,0.03,0.291044776119403,186,0.248
yolo11s,42,0.04,0.2798507462686567,162,0.216
yolo11s,42,0.05,0.26119402985074625,150,0.2
yolo11s,42,0.06,0.23880597014925373,140,0.18666666666666668
yolo11s,42,0.07,0.23134328358208955,128,0.17066666666666666
yolo11s,42,0.08,0.23134328358208955,119,0.15866666666666668
yolo11s,42,0.09,0.22761194029850745,106,0.14133333333333334
yolo11s,42,0.1,0.208955223880597,100,0.13333333333333333
yolo11s,42,0.11,0.19776119402985073,98,0.13066666666666665
yolo11s,42,0.12,0.1865671641791045,93,0.124
yolo11s,42,0.13,0.1828358208955224,84,0.112
yolo11s,42,0.14,0.1791044776119403,80,0.10666666666666667
yolo11s,42,0.15,0.17537313432835822,77,0.10266666666666667
yolo11s,42,0.16,0.17164179104477612,70,0.09333333333333334
yolo11s,42,0.17,0.16417910447761194,68,0.09066666666666667
yolo11s,42,0.18,0.16044776119402984,63,0.084
yolo11s,42,0.19,0.15671641791044777,63,0.084
yolo11s,42,0.2,0.15298507462686567,60,0.08
yolo11s,42,0.21,0.1455223880597015,59,0.07866666666666666
yolo11s,42,0.22,0.13805970149253732,57,0.076
yolo11s,42,0.23,0.13432835820895522,55,0.07333333333333333
yolo11s,42,0.24,0.13059701492537312,54,0.072
yolo11s,42,0.25,0.12686567164179105,51,0.068
yolo11s,42,0.26,0.11940298507462686,50,0.06666666666666667
yolo11s,42,0.27,0.11194029850746269,46,0.06133333333333333
yolo11s,42,0.28,0.10820895522388059,43,0.05733333333333333
yolo11s,42,0.29,0.10820895522388059,40,0.05333333333333334
yolo11s,42,0.3,0.10074626865671642,38,0.050666666666666665
yolo11s,42,0.31,0.09701492537313433,37,0.04933333333333333
yolo11s,42,0.32,0.08955223880597014,34,0.04533333333333334
yolo11s,42,0.33,0.07835820895522388,34,0.04533333333333334
yolo11s,42,0.34,0.06716417910447761,32,0.042666666666666665
yolo11s,42,0.35,0.06716417910447761,27,0.036
yolo11s,42,0.36,0.06343283582089553,26,0.034666666666666665
yolo11s,42,0.37,0.05970149253731343,22,0.029333333333333333
yolo11s,42,0.38,0.055970149253731345,20,0.02666666666666667
yolo11s,42,0.39,0.04477611940298507,17,0.02266666666666667
yolo11s,42,0.4,0.041044776119402986,15,0.02
yolo11s,42,0.41,0.03731343283582089,15,0.02
yolo11s,42,0.42,0.033582089552238806,11,0.014666666666666666
yolo11s,42,0.43,0.033582089552238806,7,0.009333333333333334
yolo11s,42,0.44,0.029850746268656716,5,0.006666666666666667
yolo11s,42,0.45,0.022388059701492536,5,0.006666666666666667
yolo11s,42,0.46,0.022388059701492536,4,0.005333333333333333
yolo11s,42,0.47,0.014925373134328358,4,0.005333333333333333
yolo11s,42,0.48,0.014925373134328358,2,0.0026666666666666666
yolo11s,42,0.49,0.014925373134328358,1,0.0013333333333333333
yolo11s,42,0.5,0.0037313432835820895,0,0.0
yolo11s,42,0.51,0.0037313432835820895,0,0.0
yolo11s,42,0.52,0.0037313432835820895,0,0.0
yolo11s,42,0.53,0.0037313432835820895,0,0.0
yolo11s,42,0.54,0.0,0,0.0
yolo11s,42,0.55,0.0,0,0.0
yolo11s,42,0.56,0.0,0,0.0
yolo11s,42,0.57,0.0,0,0.0
yolo11s,42,0.58,0.0,0,0.0
yolo11s,42,0.59,0.0,0,0.0
yolo11s,42,0.6,0.0,0,0.0
yolo11s,42,0.61,0.0,0,0.0
yolo11s,42,0.62,0.0,0,0.0
yolo11s,42,0.63,0.0,0,0.0
yolo11s,42,0.64,0.0,0,0.0
yolo11s,42,0.65,0.0,0,0.0
yolo11s,42,0.66,0.0,0,0.0
yolo11s,42,0.67,0.0,0,0.0
yolo11s,42,0.68,0.0,0,0.0
yolo11s,42,0.69,0.0,0,0.0
yolo11s,42,0.7,0.0,0,0.0
yolo11s,42,0.71,0.0,0,0.0
yolo11s,42,0.72,0.0,0,0.0
yolo11s,42,0.73,0.0,0,0.0
yolo11s,42,0.74,0.0,0,0.0
yolo11s,42,0.75,0.0,0,0.0
yolo11s,42,0.76,0.0,0,0.0
yolo11s,42,0.77,0.0,0,0.0
yolo11s,42,0.78,0.0,0,0.0
yolo11s,42,0.79,0.0,0,0.0
yolo11s,42,0.8,0.0,0,0.0
yolo11s,42,0.81,0.0,0,0.0
yolo11s,42,0.82,0.0,0,0.0
yolo11s,42,0.83,0.0,0,0.0
yolo11s,42,0.84,0.0,0,0.0
yolo11s,42,0.85,0.0,0,0.0
yolo11s,42,0.86,0.0,0,0.0
yolo11s,42,0.87,0.0,0,0.0
yolo11s,42,0.88,0.0,0,0.0
yolo11s,42,0.89,0.0,0,0.0
yolo11s,42,0.9,0.0,0,0.0
yolo11s,42,0.91,0.0,0,0.0
yolo11s,42,0.92,0.0,0,0.0
yolo11s,42,0.93,0.0,0,0.0
yolo11s,42,0.94,0.0,0,0.0
yolo11s,42,0.95,0.0,0,0.0
yolo11s,42,0.96,0.0,0,0.0
yolo11s,42,0.97,0.0,0,0.0
yolo11s,42,0.98,0.0,0,0.0
yolo11s,42,0.99,0.0,0,0.0
yolo11s,137,0.01,0.27238805970149255,176,0.23466666666666666
yolo11s,137,0.02,0.25,150,0.2
yolo11s,137,0.03,0.23134328358208955,136,0.18133333333333335
yolo11s,137,0.04,0.22388059701492538,126,0.168
yolo11s,137,0.05,0.208955223880597,121,0.16133333333333333
yolo11s,137,0.06,0.20522388059701493,114,0.152
yolo11s,137,0.07,0.20149253731343283,112,0.14933333333333335
yolo11s,137,0.08,0.19776119402985073,107,0.14266666666666666
yolo11s,137,0.09,0.19402985074626866,105,0.14
yolo11s,137,0.1,0.19029850746268656,102,0.136
yolo11s,137,0.11,0.19029850746268656,101,0.13466666666666666
yolo11s,137,0.12,0.1828358208955224,100,0.13333333333333333
yolo11s,137,0.13,0.17164179104477612,96,0.128
yolo11s,137,0.14,0.15671641791044777,92,0.12266666666666666
yolo11s,137,0.15,0.15671641791044777,91,0.12133333333333333
yolo11s,137,0.16,0.15671641791044777,86,0.11466666666666667
yolo11s,137,0.17,0.15671641791044777,84,0.112
yolo11s,137,0.18,0.15671641791044777,84,0.112
yolo11s,137,0.19,0.15671641791044777,84,0.112
yolo11s,137,0.2,0.15671641791044777,83,0.11066666666666666
yolo11s,137,0.21,0.14925373134328357,81,0.108
yolo11s,137,0.22,0.14925373134328357,81,0.108
yolo11s,137,0.23,0.14925373134328357,80,0.10666666666666667
yolo11s,137,0.24,0.1455223880597015,80,0.10666666666666667
yolo11s,137,0.25,0.1455223880597015,80,0.10666666666666667
yolo11s,137,0.26,0.1455223880597015,78,0.104
yolo11s,137,0.27,0.1455223880597015,74,0.09866666666666667
yolo11s,137,0.28,0.1455223880597015,73,0.09733333333333333
yolo11s,137,0.29,0.1455223880597015,71,0.09466666666666666
yolo11s,137,0.3,0.1455223880597015,70,0.09333333333333334
yolo11s,137,0.31,0.1455223880597015,70,0.09333333333333334
yolo11s,137,0.32,0.1455223880597015,68,0.09066666666666667
yolo11s,137,0.33,0.1417910447761194,67,0.08933333333333333
yolo11s,137,0.34,0.1417910447761194,66,0.088
yolo11s,137,0.35,0.1417910447761194,64,0.08533333333333333
yolo11s,137,0.36,0.1417910447761194,62,0.08266666666666667
yolo11s,137,0.37,0.13432835820895522,62,0.08266666666666667
yolo11s,137,0.38,0.13432835820895522,61,0.08133333333333333
yolo11s,137,0.39,0.13432835820895522,60,0.08
yolo11s,137,0.4,0.13432835820895522,57,0.076
yolo11s,137,0.41,0.13432835820895522,57,0.076
yolo11s,137,0.42,0.13432835820895522,56,0.07466666666666667
yolo11s,137,0.43,0.13432835820895522,54,0.072
yolo11s,137,0.44,0.13432835820895522,53,0.07066666666666667
yolo11s,137,0.45,0.13432835820895522,53,0.07066666666666667
yolo11s,137,0.46,0.13432835820895522,52,0.06933333333333333
yolo11s,137,0.47,0.13432835820895522,51,0.068
yolo11s,137,0.48,0.13059701492537312,51,0.068
yolo11s,137,0.49,0.13059701492537312,51,0.068
yolo11s,137,0.5,0.12313432835820895,47,0.06266666666666666
yolo11s,137,0.51,0.11940298507462686,46,0.06133333333333333
yolo11s,137,0.52,0.11940298507462686,44,0.058666666666666666
yolo11s,137,0.53,0.11940298507462686,43,0.05733333333333333
yolo11s,137,0.54,0.11940298507462686,42,0.056
yolo11s,137,0.55,0.11940298507462686,42,0.056
yolo11s,137,0.56,0.11567164179104478,42,0.056
yolo11s,137,0.57,0.10820895522388059,40,0.05333333333333334
yolo11s,137,0.58,0.10820895522388059,39,0.052
yolo11s,137,0.59,0.10820895522388059,38,0.050666666666666665
yolo11s,137,0.6,0.10820895522388059,37,0.04933333333333333
yolo11s,137,0.61,0.1044776119402985,37,0.04933333333333333
yolo11s,137,0.62,0.10074626865671642,37,0.04933333333333333
yolo11s,137,0.63,0.08582089552238806,34,0.04533333333333334
yolo11s,137,0.64,0.08208955223880597,32,0.042666666666666665
yolo11s,137,0.65,0.07835820895522388,32,0.042666666666666665
yolo11s,137,0.66,0.07462686567164178,31,0.04133333333333333
yolo11s,137,0.67,0.07462686567164178,30,0.04
yolo11s,137,0.68,0.06716417910447761,29,0.03866666666666667
yolo11s,137,0.69,0.06343283582089553,28,0.037333333333333336
yolo11s,137,0.7,0.06343283582089553,26,0.034666666666666665
yolo11s,137,0.71,0.05970149253731343,25,0.03333333333333333
yolo11s,137,0.72,0.05970149253731343,21,0.028
yolo11s,137,0.73,0.05970149253731343,18,0.024
yolo11s,137,0.74,0.05223880597014925,18,0.024
yolo11s,137,0.75,0.048507462686567165,17,0.02266666666666667
yolo11s,137,0.76,0.04477611940298507,15,0.02
yolo11s,137,0.77,0.041044776119402986,12,0.016
yolo11s,137,0.78,0.029850746268656716,8,0.010666666666666666
yolo11s,137,0.79,0.026119402985074626,7,0.009333333333333334
yolo11s,137,0.8,0.022388059701492536,7,0.009333333333333334
yolo11s,137,0.81,0.018656716417910446,6,0.008
yolo11s,137,0.82,0.014925373134328358,6,0.008
yolo11s,137,0.83,0.007462686567164179,3,0.004
yolo11s,137,0.84,0.0037313432835820895,2,0.0026666666666666666
yolo11s,137,0.85,0.0037313432835820895,1,0.0013333333333333333
yolo11s,137,0.86,0.0037313432835820895,1,0.0013333333333333333
yolo11s,137,0.87,0.0037313432835820895,0,0.0
yolo11s,137,0.88,0.0,0,0.0
yolo11s,137,0.89,0.0,0,0.0
yolo11s,137,0.9,0.0,0,0.0
yolo11s,137,0.91,0.0,0,0.0
yolo11s,137,0.92,0.0,0,0.0
yolo11s,137,0.93,0.0,0,0.0
yolo11s,137,0.94,0.0,0,0.0
yolo11s,137,0.95,0.0,0,0.0
yolo11s,137,0.96,0.0,0,0.0
yolo11s,137,0.97,0.0,0,0.0
yolo11s,137,0.98,0.0,0,0.0
yolo11s,137,0.99,0.0,0,0.0
yolo11s,271,0.01,0.14925373134328357,90,0.12
yolo11s,271,0.02,0.08955223880597014,35,0.04666666666666667
yolo11s,271,0.03,0.04477611940298507,15,0.02
yolo11s,271,0.04,0.0,1,0.0013333333333333333
yolo11s,271,0.05,0.0,0,0.0
yolo11s,271,0.06,0.0,0,0.0
yolo11s,271,0.07,0.0,0,0.0
yolo11s,271,0.08,0.0,0,0.0
yolo11s,271,0.09,0.0,0,0.0
yolo11s,271,0.1,0.0,0,0.0
yolo11s,271,0.11,0.0,0,0.0
yolo11s,271,0.12,0.0,0,0.0
yolo11s,271,0.13,0.0,0,0.0
yolo11s,271,0.14,0.0,0,0.0
yolo11s,271,0.15,0.0,0,0.0
yolo11s,271,0.16,0.0,0,0.0
yolo11s,271,0.17,0.0,0,0.0
yolo11s,271,0.18,0.0,0,0.0
yolo11s,271,0.19,0.0,0,0.0
yolo11s,271,0.2,0.0,0,0.0
yolo11s,271,0.21,0.0,0,0.0
yolo11s,271,0.22,0.0,0,0.0
yolo11s,271,0.23,0.0,0,0.0
yolo11s,271,0.24,0.0,0,0.0
yolo11s,271,0.25,0.0,0,0.0
yolo11s,271,0.26,0.0,0,0.0
yolo11s,271,0.27,0.0,0,0.0
yolo11s,271,0.28,0.0,0,0.0
yolo11s,271,0.29,0.0,0,0.0
yolo11s,271,0.3,0.0,0,0.0
yolo11s,271,0.31,0.0,0,0.0
yolo11s,271,0.32,0.0,0,0.0
yolo11s,271,0.33,0.0,0,0.0
yolo11s,271,0.34,0.0,0,0.0
yolo11s,271,0.35,0.0,0,0.0
yolo11s,271,0.36,0.0,0,0.0
yolo11s,271,0.37,0.0,0,0.0
yolo11s,271,0.38,0.0,0,0.0
yolo11s,271,0.39,0.0,0,0.0
yolo11s,271,0.4,0.0,0,0.0
yolo11s,271,0.41,0.0,0,0.0
yolo11s,271,0.42,0.0,0,0.0
yolo11s,271,0.43,0.0,0,0.0
yolo11s,271,0.44,0.0,0,0.0
yolo11s,271,0.45,0.0,0,0.0
yolo11s,271,0.46,0.0,0,0.0
yolo11s,271,0.47,0.0,0,0.0
yolo11s,271,0.48,0.0,0,0.0
yolo11s,271,0.49,0.0,0,0.0
yolo11s,271,0.5,0.0,0,0.0
yolo11s,271,0.51,0.0,0,0.0
yolo11s,271,0.52,0.0,0,0.0
yolo11s,271,0.53,0.0,0,0.0
yolo11s,271,0.54,0.0,0,0.0
yolo11s,271,0.55,0.0,0,0.0
yolo11s,271,0.56,0.0,0,0.0
yolo11s,271,0.57,0.0,0,0.0
yolo11s,271,0.58,0.0,0,0.0
yolo11s,271,0.59,0.0,0,0.0
yolo11s,271,0.6,0.0,0,0.0
yolo11s,271,0.61,0.0,0,0.0
yolo11s,271,0.62,0.0,0,0.0
yolo11s,271,0.63,0.0,0,0.0
yolo11s,271,0.64,0.0,0,0.0
yolo11s,271,0.65,0.0,0,0.0
yolo11s,271,0.66,0.0,0,0.0
yolo11s,271,0.67,0.0,0,0.0
yolo11s,271,0.68,0.0,0,0.0
yolo11s,271,0.69,0.0,0,0.0
yolo11s,271,0.7,0.0,0,0.0
yolo11s,271,0.71,0.0,0,0.0
yolo11s,271,0.72,0.0,0,0.0
yolo11s,271,0.73,0.0,0,0.0
yolo11s,271,0.74,0.0,0,0.0
yolo11s,271,0.75,0.0,0,0.0
yolo11s,271,0.76,0.0,0,0.0
yolo11s,271,0.77,0.0,0,0.0
yolo11s,271,0.78,0.0,0,0.0
yolo11s,271,0.79,0.0,0,0.0
yolo11s,271,0.8,0.0,0,0.0
yolo11s,271,0.81,0.0,0,0.0
yolo11s,271,0.82,0.0,0,0.0
yolo11s,271,0.83,0.0,0,0.0
yolo11s,271,0.84,0.0,0,0.0
yolo11s,271,0.85,0.0,0,0.0
yolo11s,271,0.86,0.0,0,0.0
yolo11s,271,0.87,0.0,0,0.0
yolo11s,271,0.88,0.0,0,0.0
yolo11s,271,0.89,0.0,0,0.0
yolo11s,271,0.9,0.0,0,0.0
yolo11s,271,0.91,0.0,0,0.0
yolo11s,271,0.92,0.0,0,0.0
yolo11s,271,0.93,0.0,0,0.0
yolo11s,271,0.94,0.0,0,0.0
yolo11s,271,0.95,0.0,0,0.0
yolo11s,271,0.96,0.0,0,0.0
yolo11s,271,0.97,0.0,0,0.0
yolo11s,271,0.98,0.0,0,0.0
yolo11s,271,0.99,0.0,0,0.0
yolo11s,314,0.01,0.31716417910447764,264,0.352
yolo11s,314,0.02,0.27611940298507465,202,0.2693333333333333
yolo11s,314,0.03,0.2537313432835821,169,0.22533333333333333
yolo11s,314,0.04,0.24253731343283583,148,0.19733333333333333
yolo11s,314,0.05,0.24253731343283583,130,0.17333333333333334
yolo11s,314,0.06,0.22388059701492538,118,0.15733333333333333
yolo11s,314,0.07,0.21641791044776118,106,0.14133333333333334
yolo11s,314,0.08,0.19402985074626866,95,0.12666666666666668
yolo11s,314,0.09,0.19029850746268656,91,0.12133333333333333
yolo11s,314,0.1,0.1791044776119403,87,0.116
yolo11s,314,0.11,0.17164179104477612,85,0.11333333333333333
yolo11s,314,0.12,0.16417910447761194,78,0.104
yolo11s,314,0.13,0.16417910447761194,73,0.09733333333333333
yolo11s,314,0.14,0.15298507462686567,69,0.092
yolo11s,314,0.15,0.14925373134328357,60,0.08
yolo11s,314,0.16,0.13432835820895522,55,0.07333333333333333
yolo11s,314,0.17,0.13059701492537312,54,0.072
yolo11s,314,0.18,0.11567164179104478,52,0.06933333333333333
yolo11s,314,0.19,0.11194029850746269,48,0.064
yolo11s,314,0.2,0.1044776119402985,45,0.06
yolo11s,314,0.21,0.10074626865671642,43,0.05733333333333333
yolo11s,314,0.22,0.10074626865671642,41,0.05466666666666667
yolo11s,314,0.23,0.09701492537313433,39,0.052
yolo11s,314,0.24,0.08208955223880597,35,0.04666666666666667
yolo11s,314,0.25,0.0708955223880597,32,0.042666666666666665
yolo11s,314,0.26,0.0708955223880597,32,0.042666666666666665
yolo11s,314,0.27,0.06716417910447761,29,0.03866666666666667
yolo11s,314,0.28,0.055970149253731345,26,0.034666666666666665
yolo11s,314,0.29,0.048507462686567165,23,0.030666666666666665
yolo11s,314,0.3,0.041044776119402986,23,0.030666666666666665
yolo11s,314,0.31,0.041044776119402986,21,0.028
yolo11s,314,0.32,0.041044776119402986,20,0.02666666666666667
yolo11s,314,0.33,0.03731343283582089,20,0.02666666666666667
yolo11s,314,0.34,0.033582089552238806,18,0.024
yolo11s,314,0.35,0.029850746268656716,16,0.021333333333333333
yolo11s,314,0.36,0.026119402985074626,11,0.014666666666666666
yolo11s,314,0.37,0.018656716417910446,10,0.013333333333333334
yolo11s,314,0.38,0.018656716417910446,10,0.013333333333333334
yolo11s,314,0.39,0.018656716417910446,9,0.012
yolo11s,314,0.4,0.014925373134328358,7,0.009333333333333334
yolo11s,314,0.41,0.014925373134328358,4,0.005333333333333333
yolo11s,314,0.42,0.014925373134328358,2,0.0026666666666666666
yolo11s,314,0.43,0.014925373134328358,1,0.0013333333333333333
yolo11s,314,0.44,0.014925373134328358,1,0.0013333333333333333
yolo11s,314,0.45,0.007462686567164179,0,0.0
yolo11s,314,0.46,0.0037313432835820895,0,0.0
yolo11s,314,0.47,0.0037313432835820895,0,0.0
yolo11s,314,0.48,0.0,0,0.0
yolo11s,314,0.49,0.0,0,0.0
yolo11s,314,0.5,0.0,0,0.0
yolo11s,314,0.51,0.0,0,0.0
yolo11s,314,0.52,0.0,0,0.0
yolo11s,314,0.53,0.0,0,0.0
yolo11s,314,0.54,0.0,0,0.0
yolo11s,314,0.55,0.0,0,0.0
yolo11s,314,0.56,0.0,0,0.0
yolo11s,314,0.57,0.0,0,0.0
yolo11s,314,0.58,0.0,0,0.0
yolo11s,314,0.59,0.0,0,0.0
yolo11s,314,0.6,0.0,0,0.0
yolo11s,314,0.61,0.0,0,0.0
yolo11s,314,0.62,0.0,0,0.0
yolo11s,314,0.63,0.0,0,0.0
yolo11s,314,0.64,0.0,0,0.0
yolo11s,314,0.65,0.0,0,0.0
yolo11s,314,0.66,0.0,0,0.0
yolo11s,314,0.67,0.0,0,0.0
yolo11s,314,0.68,0.0,0,0.0
yolo11s,314,0.69,0.0,0,0.0
yolo11s,314,0.7,0.0,0,0.0
yolo11s,314,0.71,0.0,0,0.0
yolo11s,314,0.72,0.0,0,0.0
yolo11s,314,0.73,0.0,0,0.0
yolo11s,314,0.74,0.0,0,0.0
yolo11s,314,0.75,0.0,0,0.0
yolo11s,314,0.76,0.0,0,0.0
yolo11s,314,0.77,0.0,0,0.0
yolo11s,314,0.78,0.0,0,0.0
yolo11s,314,0.79,0.0,0,0.0
yolo11s,314,0.8,0.0,0,0.0
yolo11s,314,0.81,0.0,0,0.0
yolo11s,314,0.82,0.0,0,0.0
yolo11s,314,0.83,0.0,0,0.0
yolo11s,314,0.84,0.0,0,0.0
yolo11s,314,0.85,0.0,0,0.0
yolo11s,314,0.86,0.0,0,0.0
yolo11s,314,0.87,0.0,0,0.0
yolo11s,314,0.88,0.0,0,0.0
yolo11s,314,0.89,0.0,0,0.0
yolo11s,314,0.9,0.0,0,0.0
yolo11s,314,0.91,0.0,0,0.0
yolo11s,314,0.92,0.0,0,0.0
yolo11s,314,0.93,0.0,0,0.0
yolo11s,314,0.94,0.0,0,0.0
yolo11s,314,0.95,0.0,0,0.0
yolo11s,314,0.96,0.0,0,0.0
yolo11s,314,0.97,0.0,0,0.0
yolo11s,314,0.98,0.0,0,0.0
yolo11s,314,0.99,0.0,0,0.0
