detector,threshold,seed_count,sensitivity,sensitivity_std,fp_per_image,fp_per_image_std
faster_rcnn,0.01,5,0.791044776119403,0.10337235206861993,5.0464,3.52264766585842
faster_rcnn,0.02,5,0.7514925373134329,0.10159263062575186,3.6282666666666663,2.4131380031449137
faster_rcnn,0.03,5,0.7335820895522389,0.1031228798967957,3.0096,1.929491677445988
faster_rcnn,0.04,5,0.7149253731343284,0.10244559107745742,2.618933333333333,1.6437062186818339
faster_rcnn,0.05,5,0.7037313432835821,0.10509545460131464,2.3698666666666663,1.4546185754348113
faster_rcnn,0.06,5,0.6917910447761194,0.10621555565808545,2.1744000000000003,1.3279157938497288
faster_rcnn,0.07,5,0.6738805970149253,0.0964608171247027,2.0096,1.2256892482735309
faster_rcnn,0.08,5,0.667910447761194,0.09783664628452905,1.8808,1.1377668575864839
faster_rcnn,0.09,5,0.6634328358208954,0.09785087603462751,1.7746666666666666,1.0523421496832672
faster_rcnn,0.1,5,0.655223880597015,0.09856680709048743,1.6674666666666664,0.9737262220745395
faster_rcnn,0.11,5,0.646268656716418,0.09518217165439394,1.584,0.9233263537642341
faster_rcnn,0.12,5,0.6402985074626866,0.0977512242837098,1.5077333333333334,0.8665078828903469
faster_rcnn,0.13,5,0.6343283582089553,0.09697904043557481,1.4437333333333335,0.8183867056593721
faster_rcnn,0.14,5,0.6261194029850745,0.0912998018642428,1.3834666666666666,0.7871589420187006
faster_rcnn,0.15,5,0.6208955223880597,0.08941998941272371,1.3328,0.7523052571928499
faster_rcnn,0.16,5,0.6171641791044775,0.08824449368698661,1.2837333333333334,0.7160008690249227
faster_rcnn,0.17,5,0.6104477611940299,0.09161188680253077,1.2378666666666667,0.6834634672834468
faster_rcnn,0.18,5,0.6074626865671642,0.09084115963730531,1.1944000000000001,0.6511292071812202
faster_rcnn,0.19,5,0.6022388059701493,0.08836274695889963,1.1536,0.6283406011958093
faster_rcnn,0.2,5,0.5955223880597015,0.08604772101470473,1.1178666666666668,0.6013707305444417
faster_rcnn,0.21,5,0.5902985074626865,0.0875634257601494,1.0842666666666667,0.5778222717910566
faster_rcnn,0.22,5,0.5888059701492537,0.0869250835447038,1.0528,0.5527519837644688
faster_rcnn,0.23,5,0.5835820895522389,0.0899245989933855,1.0205333333333333,0.5277984463789184
faster_rcnn,0.24,5,0.5813432835820895,0.08933431195012191,0.9936,0.5057627023724772
faster_rcnn,0.25,5,0.5798507462686567,0.09111662200701993,0.9677333333333333,0.4912264922280421
faster_rcnn,0.26,5,0.5783582089552238,0.09170302781675005,0.9400000000000001,0.470396523040816
faster_rcnn,0.27,5,0.5746268656716418,0.09230833490188792,0.9138666666666667,0.45088219698226667
faster_rcnn,0.28,5,0.5686567164179104,0.0912311525194111,0.8890666666666667,0.4356128760468149
faster_rcnn,0.29,5,0.5671641791044776,0.09001744837175238,0.8674666666666667,0.42014769889752923
faster_rcnn,0.3,5,0.5649253731343282,0.08773022095334682,0.8458666666666665,0.4059311381119818
faster_rcnn,0.31,5,0.5619402985074626,0.08584522692074747,0.8248,0.38802588687984324
faster_rcnn,0.32,5,0.5567164179104477,0.08189427247712633,0.7994666666666667,0.37369577644567153
faster_rcnn,0.33,5,0.5529850746268656,0.08219125314781113,0.7752000000000001,0.35612307485537137
faster_rcnn,0.34,5,0.5507462686567164,0.08346039915299089,0.7570666666666666,0.34619634762820817
faster_rcnn,0.35,5,0.5447761194029851,0.08255465257402084,0.7357333333333334,0.33181976366026716
faster_rcnn,0.36,5,0.53955223880597,0.08031494311072529,0.7162666666666666,0.32208818668184647
faster_rcnn,0.37,5,0.5350746268656716,0.07798418195589928,0.6991999999999999,0.31097924189387444
faster_rcnn,0.38,5,0.5328358208955224,0.07575637753293415,0.6789333333333334,0.2990301359766641
faster_rcnn,0.39,5,0.5305970149253731,0.07543406728702015,0.6586666666666667,0.28528815841764854
faster_rcnn,0.4,5,0.5276119402985074,0.07613220553735574,0.6424000000000001,0.27251813395319835
faster_rcnn,0.41,5,0.523134328358209,0.07671518379865716,0.6261333333333334,0.2607759361768046
faster_rcnn,0.42,5,0.5186567164179104,0.07732978274650262,0.6117333333333332,0.25248172651148876
faster_rcnn,0.43,5,0.5134328358208956,0.07704117046736447,0.5927999999999999,0.24044699115513082
faster_rcnn,0.44,5,0.5097014925373134,0.07704117046736446,0.5736000000000001,0.22708079815098609
faster_rcnn,0.45,5,0.505223880597015,0.0754894182060151,0.5605333333333333,0.22036252958351252
faster_rcnn,0.46,5,0.5007462686567165,0.0719385179689237,0.5464,0.21415342371507604
faster_rcnn,0.47,5,0.49925373134328355,0.07027418218425807,0.5309333333333333,0.20597820812460288
faster_rcnn,0.48,5,0.49253731343283585,0.06890367653962459,0.5152,0.19392002933626473
faster_rcnn,0.49,5,0.48805970149253736,0.06507959038991926,0.5002666666666667,0.18777622616058484
faster_rcnn,0.5,5,0.48134328358208955,0.06617219347376194,0.49066666666666664,0.18122055316351093
faster_rcnn,0.51,5,0.4798507462686567,0.0650902863535694,0.47280000000000005,0.17131802785073924
faster_rcnn,0.52,5,0.47238805970149256,0.060085055180907274,0.4586666666666666,0.1658406196054245
faster_rcnn,0.53,5,0.46716417910447755,0.05716388683141056,0.4442666666666667,0.15785056224163407
faster_rcnn,0.54,5,0.4619402985074627,0.05524404633827389,0.4309333333333333,0.14932857135264577
faster_rcnn,0.55,5,0.4552238805970149,0.05223880597014924,0.4168,0.1425438723886634
faster_rcnn,0.56,5,0.4477611940298508,0.05006122337686097,0.40426666666666666,0.13416540372076385
faster_rcnn,0.57,5,0.441044776119403,0.046931933383672006,0.3933333333333333,0.12760355271961146
faster_rcnn,0.58,5,0.43358208955223887,0.046783367219873084,0.3778666666666667,0.11896068444845316
faster_rcnn,0.59,5,0.426865671641791,0.047536200460271884,0.36533333333333334,0.1116024691084884
faster_rcnn,0.6,5,0.41940298507462687,0.04251112050336154,0.352,0.10221111050718072
faster_rcnn,0.61,5,0.4119402985074627,0.042347047639137644,0.33520000000000005,0.09577102322147805
faster_rcnn,0.62,5,0.4074626865671642,0.04004897870148877,0.324,0.08831257617752475
faster_rcnn,0.63,5,0.4022388059701492,0.04175104695731154,0.30799999999999994,0.08391000470080363
faster_rcnn,0.64,5,0.3925373134328358,0.039524067692135414,0.29573333333333335,0.08085872453442074
faster_rcnn,0.65,5,0.3843283582089552,0.0397523801355644,0.2837333333333333,0.08227541822710135
faster_rcnn,0.66,5,0.3761194029850746,0.04124780180727008,0.2706666666666667,0.07772315542287825
faster_rcnn,0.67,5,0.36641791044776123,0.04346654587589093,0.2554666666666666,0.07317315840601055
faster_rcnn,0.68,5,0.35820895522388063,0.04607869042995698,0.24160000000000004,0.07878747785445772
faster_rcnn,0.69,5,0.35074626865671643,0.046304752410413645,0.23200000000000004,0.08017758068465551
faster_rcnn,0.7,5,0.33880597014925373,0.05673605316044241,0.22053333333333333,0.08291146549851298
faster_rcnn,0.71,5,0.3261194029850746,0.0602008038052035,0.20693333333333333,0.08335413073814106
faster_rcnn,0.72,5,0.3164179104477612,0.06389210385971342,0.19706666666666667,0.08667897348517946
faster_rcnn,0.73,5,0.30970149253731344,0.06829479558851913,0.18346666666666667,0.08431475421169049
faster_rcnn,0.74,5,0.2977611940298507,0.07598576211147905,0.17253333333333334,0.08014764154012546
faster_rcnn,0.75,5,0.2835820895522388,0.09302202136058142,0.16160000000000002,0.08037357221818071
faster_rcnn,0.76,5,0.27313432835820894,0.09802857362776363,0.14986666666666668,0.07941788211731662
faster_rcnn,0.77,5,0.25970149253731345,0.11356409334357447,0.13653333333333334,0.07297244533231552
faster_rcnn,0.78,5,0.24701492537313433,0.11223220645888389,0.124,0.06982517852147287
faster_rcnn,0.79,5,0.23805970149253727,0.11325103262742657,0.11333333333333333,0.0657605082435077
faster_rcnn,0.8,5,0.22537313432835818,0.12084023058439564,0.10533333333333335,0.06180255298574287
faster_rcnn,0.81,5,0.2164179104477612,0.12090934138820635,0.09386666666666667,0.056099910873369484
faster_rcnn,0.82,5,0.20522388059701493,0.11814283730587734,0.0864,0.05264049982876513
faster_rcnn,0.83,5,0.1947761194029851,0.11453461384174232,0.07706666666666666,0.04916548021167336
faster_rcnn,0.84,5,0.18656716417910446,0.11194029850746268,0.06933333333333333,0.04739432689913659
faster_rcnn,0.85,5,0.17761194029850746,0.10745361694728836,0.059733333333333326,0.041520008563475895
faster_rcnn,0.86,5,0.16567164179104477,0.10545914210113136,0.05146666666666666,0.038211109495654386
faster_rcnn,0.87,5,0.15223880597014924,0.0986303507569719,0.04346666666666667,0.032326116032981404
faster_rcnn,0.88,5,0.1373134328358209,0.09503578250031221,0.03866666666666667,0.029814239699997195
faster_rcnn,0.89,5,0.12537313432835823,0.08840212956412583,0.0312,0.025483763894335196
faster_rcnn,0.9,5,0.10970149253731343,0.07856227868945996,0.02506666666666667,0.021815387026388307
faster_rcnn,0.91,5,0.09477611940298507,0.07992394468949426,0.019466666666666667,0.018775871040602438
faster_rcnn,0.92,5,0.07611940298507462,0.06625630179302892,0.014400000000000001,0.013279892904521315
faster_rcnn,0.93,5,0.058955223880597006,0.052132087153949194,0.010933333333333333,0.010039920318408906
faster_rcnn,0.94,5,0.03582089552238806,0.0382894732309412,0.008533333333333334,0.007921840414673573
faster_rcnn,0.95,5,0.02238805970149254,0.021596710639534004,0.0061333333333333335,0.006296383441662718
faster_rcnn,0.96,5,0.010447761194029851,0.011621202613729429,0.0021333333333333334,0.002764858847110363
faster_rcnn,0.97,5,0.003731343283582089,0.005276916277511548,0.0002666666666666667,0.0005962847939999439
faster_rcnn,0.98,5,0.0,0.0,0.0,0.0
faster_rcnn,0.99,5,0.0,0.0,0.0,0.0
yolo11s,0.01,5,0.29253731343283584,0.08863805773804101,0.3104,0.13512594947759748
yolo11s,0.02,5,0.25074626865671645,0.09488916750634281,0.23253333333333331,0.11769867364493866
yolo11s,0.03,5,0.2238805970149254,0.10380916226301161,0.19253333333333336,0.10387428298990403
yolo11s,0.04,5,0.2037313432835821,0.11611014619896612,0.16720000000000002,0.09775070332227795
yolo11s,0.05,5,0.19477611940298506,0.11095336070295891,0.15173333333333333,0.08822395744165339
yolo11s,0.06,5,0.1805970149253731,0.10179799293483276,0.13999999999999999,0.08111445959602735
yolo11s,0.07,5,0.1753731343283582,0.09872206384569368,0.12986666666666666,0.07486639952460501
yolo11s,0.08,5,0.16865671641791044,0.09554716329826951,0.12079999999999999,0.06997523371403151
yolo11s,0.09,5,0.1656716417910448,0.09390094219904119,0.11386666666666667,0.0656631132710325
yolo11s,0.1,5,0.15895522388059702,0.09007929478809794,0.10800000000000001,0.061910329419967464
yolo11s,0.11,5,0.15373134328358207,0.08700513244604403,0.10426666666666666,0.059265129338891644
yolo11s,0.12,5,0.14701492537313435,0.08325161211668355,0.09946666666666666,0.05700370358338326
yolo11s,0.13,5,0.14402985074626867,0.08173260250003014,0.09280000000000001,0.053354995600745345
yolo11s,0.14,5,0.1373134328358209,0.07886297971837068,0.08906666666666667,0.05147944573646197
yolo11s,0.15,5,0.13432835820895522,0.07678774487782343,0.08453333333333334,0.05003643117214141
yolo11s,0.16,5,0.13059701492537315,0.07582985609291633,0.07786666666666667,0.04632829708840064
yolo11s,0.17,5,0.12761194029850748,0.07408384525869088,0.076,0.045176198256259785
yolo11s,0.18,5,0.1238805970149254,0.07375422631187917,0.0736,0.04433609013984983
yolo11s,0.19,5,0.12014925373134329,0.07111121940042744,0.07093333333333333,0.043301526788581284
yolo11s,0.2,5,0.1164179104477612,0.06947717107127226,0.06853333333333332,0.04250594729629673
yolo11s,0.21,5,0.11119402985074626,0.06619323057283855,0.06613333333333334,0.04117820351162062
yolo11s,0.22,5,0.10671641791044777,0.06269322992310361,0.06346666666666667,0.040239284287869735
yolo11s,0.23,5,0.1044776119402985,0.061764721482264355,0.06186666666666667,0.039694388072427124
yolo11s,0.24,5,0.1,0.06139165395126531,0.06000000000000001,0.03973243846867024
yolo11s,0.25,5,0.0955223880597015,0.06066158973841962,0.05840000000000001,0.03982628947483475
yolo11s,0.26,5,0.0925373134328358,0.05860703908297631,0.05733333333333333,0.03880435256228066
yolo11s,0.27,5,0.0873134328358209,0.05619358387169164,0.05413333333333333,0.037161509358175665
yolo11s,0.28,5,0.08432835820895522,0.05699313876155978,0.05093333333333333,0.036263235131772535
yolo11s,0.29,5,0.0828358208955224,0.05801008892058214,0.048266666666666666,0.035445106228583316
yolo11s,0.3,5,0.07985074626865672,0.058440507683400617,0.04613333333333334,0.034326536544066186
yolo11s,0.31,5,0.07761194029850746,0.05716388683141057,0.04506666666666667,0.03450475007557333
yolo11s,0.32,5,0.07537313432835821,0.056181194149598226,0.04293333333333334,0.03344514580290805
yolo11s,0.33,5,0.0708955223880597,0.05458484641167087,0.04133333333333333,0.03263263533472111
yolo11s,0.34,5,0.06716417910447761,0.05452104177687484,0.03973333333333333,0.03233711318112501
yolo11s,0.35,5,0.0664179104477612,0.05511788941101988,0.03626666666666666,0.03143105329305894
yolo11s,0.36,5,0.06417910447761195,0.055307016889137285,0.03386666666666667,0.031263752529442496
yolo11s,0.37,5,0.059701492537313425,0.053619805459701166,0.032,0.03143953632680426
yolo11s,0.38,5,0.0582089552238806,0.05320272723175395,0.03093333333333333,0.030946548901111558
yolo11s,0.39,5,0.05522388059701493,0.05312416052302807,0.028533333333333334,0.0307043247044379
yolo11s,0.4,5,0.05298507462686567,0.0535808422920564,0.026666666666666665,0.02954469307488045
yolo11s,0.41,5,0.05223880597014925,0.05381419814125357,0.025866666666666666,0.030178726871018857
yolo11s,0.42,5,0.05,0.053398638268651696,0.023200000000000002,0.03034029224205551
yolo11s,0.43,5,0.05,0.053398638268651696,0.021333333333333336,0.029888682361946525
yolo11s,0.44,5,0.04850746268656716,0.05342470545998639,0.02026666666666667,0.02958077453722641
yolo11s,0.45,5,0.04402985074626865,0.054864705300635225,0.019733333333333332,0.029775455962550393
yolo11s,0.46,5,0.04253731343283582,0.05531960239775148,0.0184,0.029339393313427595
yolo11s,0.47,5,0.040298507462686574,0.05593282337478579,0.018133333333333335,0.02876108481959608
yolo11s,0.48,5,0.03880597014925373,0.05500410078071886,0.0176,0.0290807305425584
yolo11s,0.49,5,0.03880597014925373,0.05500410078071886,0.017066666666666667,0.029263553365159806
yolo11s,0.5,5,0.033582089552238806,0.0529666774872328,0.015466666666666665,0.027139147616189668
yolo11s,0.51,5,0.03283582089552239,0.05139239667671982,0.0152,0.02655978580904263
yolo11s,0.52,5,0.03208955223880597,0.051270340409903484,0.014666666666666666,0.025403411844343533
yolo11s,0.53,5,0.03134328358208956,0.051202405650490834,0.014133333333333335,0.02483008927356753
yolo11s,0.54,5,0.029850746268656712,0.051703009181160525,0.013066666666666667,0.024338355646089892
yolo11s,0.55,5,0.0291044776119403,0.05172993082275633,0.012533333333333332,0.024469482126836185
yolo11s,0.56,5,0.027611940298507463,0.050172347205885405,0.012266666666666667,0.02455651079087219
yolo11s,0.57,5,0.026119402985074626,0.046902257798419895,0.011733333333333335,0.023369495786887087
yolo11s,0.58,5,0.026119402985074626,0.046902257798419895,0.010933333333333333,0.022985986068810613
yolo11s,0.59,5,0.026119402985074626,0.046902257798419895,0.010666666666666666,0.022390474164995552
yolo11s,0.6,5,0.025373134328358204,0.04700604038290604,0.010133333333333333,0.02192107053346924
yolo11s,0.61,5,0.023880597014925373,0.04551627069246838,0.010133333333333333,0.02192107053346924
yolo11s,0.62,5,0.023134328358208955,0.043865110476673415,0.010133333333333333,0.02192107053346924
yolo11s,0.63,5,0.020149253731343283,0.037276100727588586,0.009066666666666667,0.020273682995998094
yolo11s,0.64,5,0.01865671641791045,0.03578978748740835,0.008533333333333334,0.019081113407998205
yolo11s,0.65,5,0.017164179104477612,0.03436078935289952,0.008533333333333334,0.019081113407998205
yolo11s,0.66,5,0.01641791044776119,0.0326998541794129,0.008266666666666667,0.018484828613998264
yolo11s,0.67,5,0.015671641791044775,0.0329965536857226,0.008,0.01788854381999832
yolo11s,0.68,5,0.013432835820895522,0.030036734026116577,0.007733333333333333,0.017292259025998374
yolo11s,0.69,5,0.012686567164179105,0.028368026580221216,0.0074666666666666675,0.01669597423199843
yolo11s,0.7,5,0.012686567164179105,0.028368026580221216,0.006933333333333333,0.01550340464399854
yolo11s,0.71,5,0.011940298507462687,0.026699319134325848,0.006666666666666666,0.014907119849998596
yolo11s,0.72,5,0.011940298507462687,0.026699319134325848,0.0056,0.012521980673998822
yolo11s,0.73,5,0.011940298507462687,0.026699319134325848,0.0048000000000000004,0.010733126291998992
yolo11s,0.74,5,0.010447761194029851,0.023361904242535116,0.0048000000000000004,0.010733126291998992
yolo11s,0.75,5,0.009701492537313432,0.02169319679663975,0.004533333333333334,0.010136841497999047
yolo11s,0.76,5,0.008955223880597014,0.020024489350744384,0.004,0.00894427190999916
yolo11s,0.77,5,0.008208955223880597,0.018355781904849017,0.0032,0.007155417527999327
yolo11s,0.78,5,0.005970149253731343,0.013349659567162924,0.0021333333333333334,0.004770278351999551
yolo11s,0.79,5,0.0052238805970149255,0.011680952121267558,0.0018666666666666669,0.004173993557999607
yolo11s,0.8,5,0.004477611940298507,0.010012244675372192,0.0018666666666666669,0.004173993557999607
yolo11s,0.81,5,0.003731343283582089,0.008343537229476826,0.0016,0.0035777087639996636
yolo11s,0.82,5,0.0029850746268656717,0.006674829783581462,0.0016,0.0035777087639996636
yolo11s,0.83,5,0.0014925373134328358,0.003337414891790731,0.0008,0.0017888543819998318
yolo11s,0.84,5,0.0007462686567164179,0.0016687074458953655,0.0005333333333333334,0.0011925695879998878
yolo11s,0.85,5,0.0007462686567164179,0.0016687074458953655,0.0002666666666666667,0.0005962847939999439
yolo11s,0.86,5,0.0007462686567164179,0.0016687074458953655,0.0002666666666666667,0.0005962847939999439
yolo11s,0.87,5,0.0007462686567164179,0.0016687074458953655,0.0,0.0
yolo11s,0.88,5,0.0,0.0,0.0,0.0
yolo11s,0.89,5,0.0,0.0,0.0,0.0
yolo11s,0.9,5,0.0,0.0,0.0,0.0
yolo11s,0.91,5,0.0,0.0,0.0,0.0
yolo11s,0.92,5,0.0,0.0,0.0,0.0
yolo11s,0.93,5,0.0,0.0,0.0,0.0
yolo11s,0.94,5,0.0,0.0,0.0,0.0
yolo11s,0.95,5,0.0,0.0,0.0,0.0
yolo11s,0.96,5,0.0,0.0,0.0,0.0
yolo11s,0.97,5,0.0,0.0,0.0,0.0
yolo11s,0.98,5,0.0,0.0,0.0,0.0
yolo11s,0.99,5,0.0,0.0,0.0,0.0
