detector,fp_per_image_budget,seed_count,sensitivity,sensitivity_std,sensitivity_mean_plus_minus_std,achieved_fp_per_image,achieved_fp_per_image_std,selected_threshold_mean,selected_threshold_min,selected_threshold_max,selection_rule
faster_rcnn,0.125,3,0.2699004975124378,0.015080044344505139,0.2699 ± 0.01508,0.11199999999999999,0.003527668414752787,0.7733333333333334,0.7,0.83,per seed: maximum observed sensitivity with FP/image <= budget; no interpolation; ties use fewer FP/image then higher threshold
faster_rcnn,0.25,3,0.36069651741293535,0.024844507904773844,0.360697 ± 0.0248445,0.244,0.00480740170061865,0.7033333333333333,0.64,0.74,per seed: maximum observed sensitivity with FP/image <= budget; no interpolation; ties use fewer FP/image then higher threshold
faster_rcnn,0.5,3,0.4800995024875622,0.03260035428378398,0.4801 ± 0.0326004,0.48044444444444445,0.007343427396381482,0.5433333333333333,0.47,0.61,per seed: maximum observed sensitivity with FP/image <= budget; no interpolation; ties use fewer FP/image then higher threshold
faster_rcnn,1.0,3,0.6032338308457711,0.015534820891538305,0.603234 ± 0.0155348,0.9484444444444445,0.04073400617738523,0.3166666666666667,0.16,0.4,per seed: maximum observed sensitivity with FP/image <= budget; no interpolation; ties use fewer FP/image then higher threshold
faster_rcnn,2.0,3,0.6927860696517413,0.020550636370470513,0.692786 ± 0.0205506,1.8937777777777776,0.08743590244880546,0.13,0.04,0.18,per seed: maximum observed sensitivity with FP/image <= budget; no interpolation; ties use fewer FP/image then higher threshold
yolo11s,0.125,3,0.18034825870646767,0.021217316056258675,0.180348 ± 0.0212173,0.11955555555555557,0.0076980035891950115,0.15333333333333335,0.12,0.2,per seed: maximum observed sensitivity with FP/image <= budget; no interpolation; ties use fewer FP/image then higher threshold
yolo11s,0.25,3,0.27487562189054726,0.015080044344505165,0.274876 ± 0.01508,0.23555555555555555,0.012024666007527716,0.03,0.01,0.05,per seed: maximum observed sensitivity with FP/image <= budget; no interpolation; ties use fewer FP/image then higher threshold
yolo11s,0.5,3,0.33208955223880593,0.05290092118939488,0.33209 ± 0.0529009,0.36000000000000004,0.11762841682367593,0.01,0.01,0.01,per seed: maximum observed sensitivity with FP/image <= budget; no interpolation; ties use fewer FP/image then higher threshold
yolo11s,1.0,3,0.33208955223880593,0.05290092118939488,0.33209 ± 0.0529009,0.36000000000000004,0.11762841682367593,0.01,0.01,0.01,per seed: maximum observed sensitivity with FP/image <= budget; no interpolation; ties use fewer FP/image then higher threshold
yolo11s,2.0,3,0.33208955223880593,0.05290092118939488,0.33209 ± 0.0529009,0.36000000000000004,0.11762841682367593,0.01,0.01,0.01,per seed: maximum observed sensitivity with FP/image <= budget; no interpolation; ties use fewer FP/image then higher threshold
