detector,image_id,target_index,category_id,image_height,image_width,ground_truth_x1,ground_truth_y1,ground_truth_x2,ground_truth_y2,operating_status,operating_prediction_score,operating_prediction_iou,cam_target_role,cam_candidate_score,cam_candidate_iou,cam_candidate_above_operating_threshold,candidate_x1,candidate_y1,candidate_x2,candidate_y2,target_layer,target_stride,feature_height,feature_width,valid_cam,total_energy,energy_in_box,pointing_hit,peak_x,peak_y,box_pixel_fraction,energy_lift_over_area
faster_rcnn,00eeb3c9-a892-4fac-a67a-aaa6cc7ffd5c.png,0,1,1024,1024,670.0,453.0,903.0,789.0,false_negative,,,miss_proxy_candidate,0.016434572637081146,0.5511582707825018,False,647.4660034179688,459.1308288574219,830.9340209960938,749.669189453125,backbone.body.layer3,16,40,40,True,18809.261440627906,0.07957689639451687,False,422,601,0.0746612548828125,0.004915641511704372
faster_rcnn,00eeb3c9-a892-4fac-a67a-aaa6cc7ffd5c.png,1,1,1024,1024,300.0,442.0,487.0,740.0,true_positive,0.4562962055206299,0.683792982107408,emitted_true_positive,0.4562962055206299,0.683792982107408,True,251.198486328125,457.3670349121094,472.00152587890625,732.2329711914062,backbone.body.layer3,16,40,40,True,23139.463054178734,0.3096336163757027,True,422,601,0.05314445495605469,0.256489161419648
faster_rcnn,03a512bc-1162-404e-8c71-dc9e0dc7258f.png,0,1,1024,1024,815.0,604.0,871.0,686.0,false_negative,,,miss_proxy_candidate,0.0035106490831822157,0.315293277374908,False,794.8541259765625,565.4667358398438,912.3458862304688,682.5333251953125,backbone.body.layer3,16,40,40,True,21098.881742533868,0.0,False,243,729,0.0043792724609375,-0.0043792724609375
faster_rcnn,061d0ff4-a611-42ce-b780-1d1eb55e50ab.png,0,1,1024,1024,220.0,209.0,518.0,912.0,true_positive,0.4674077332019806,0.7292822011611934,emitted_true_positive,0.4674077332019806,0.7292822011611934,True,259.9383850097656,125.06489562988281,527.66162109375,882.9351806640625,backbone.body.layer3,16,40,40,True,84644.06615548824,0.20993437445191135,False,653,626,0.19978904724121094,0.010145327210700411
faster_rcnn,061d0ff4-a611-42ce-b780-1d1eb55e50ab.png,1,1,1024,1024,600.0,262.0,856.0,983.0,true_positive,0.7702920436859131,0.7049247290782393,emitted_true_positive,0.7702920436859131,0.7049247290782393,True,573.861083984375,322.6345520019531,842.9389038085938,902.1654663085938,backbone.body.layer3,16,40,40,True,12339.284890832347,0.13357333237631774,False,960,140,0.176025390625,-0.042452058248682256
faster_rcnn,0851431b-cad7-436f-acb8-06aed97e5339.png,0,1,1024,1024,55.0,95.0,359.0,772.0,true_positive,0.8988553285598755,0.6927973923411829,emitted_true_positive,0.8988553285598755,0.6927973923411829,True,92.992431640625,137.8129119873047,344.20758056640625,705.3871459960938,backbone.body.layer3,16,40,40,True,7142.28998617858,0.2849636496034287,True,268,141,0.1962738037109375,0.08868984589249118
faster_rcnn,0851431b-cad7-436f-acb8-06aed97e5339.png,1,1,1024,1024,529.0,460.0,724.0,721.0,true_positive,0.5403251051902771,0.6603590877920676,emitted_true_positive,0.007831050083041191,0.745410517937009,False,541.8228759765625,488.0361328125,740.5771484375,731.9638671875,backbone.body.layer3,16,40,40,True,84799.01658955203,0.05417725879819269,False,473,883,0.048537254333496094,0.005640004464696598
faster_rcnn,087bcaa5-2477-4111-8390-fa5f2dec4852.png,0,1,1024,1024,265.0,254.0,535.0,732.0,true_positive,0.858303427696228,0.7203332124581403,emitted_true_positive,0.858303427696228,0.7203332124581403,True,281.933837890625,278.5501403808594,542.066162109375,653.4498901367188,backbone.body.layer3,16,40,40,True,32099.0879974457,0.009043078562782686,False,883,89,0.12308120727539062,-0.11403812871260793
faster_rcnn,1015e103-bda6-4664-978d-f761cd2982cb.png,0,1,1024,1024,630.0,212.0,873.0,636.0,true_positive,0.852874219417572,0.70526001865639,emitted_true_positive,0.852874219417572,0.70526001865639,True,595.7986450195312,158.93540954589844,869.0014038085938,678.6646118164062,backbone.body.layer3,16,40,40,True,57759.61232211626,0.028051044824370902,False,576,422,0.09825897216796875,-0.07020792734359785
faster_rcnn,131cd368-4db7-4883-9408-47da2b59650a.png,0,1,1024,1024,666.0,549.0,990.0,780.0,true_positive,0.5453613996505737,0.6954925336285408,emitted_true_positive,0.5453613996505737,0.6954925336285408,True,686.078125,535.4664916992188,958.7218627929688,749.3335571289062,backbone.body.layer3,16,40,40,True,13153.883340837441,0.005734635255685793,False,755,371,0.07137680053710938,-0.06564216528142358
faster_rcnn,1a062886-29be-4120-92f3-5c1c8a951959.png,0,1,1024,1024,193.0,257.0,340.0,626.0,true_positive,0.7613611221313477,0.5696919269038756,emitted_true_positive,0.7613611221313477,0.5696919269038756,True,154.74832153320312,216.97183227539062,358.05169677734375,566.2282104492188,backbone.body.layer3,16,40,40,True,7194.831670360798,0.020538661710989687,False,319,63,0.05173015594482422,-0.031191494233834532
faster_rcnn,1a062886-29be-4120-92f3-5c1c8a951959.png,1,1,1024,1024,611.0,300.0,838.0,653.0,true_positive,0.699716329574585,0.6877089024229888,emitted_true_positive,0.699716329574585,0.6877089024229888,True,571.9496459960938,339.9511413574219,817.650390625,646.4489135742188,backbone.body.layer3,16,40,40,True,11126.852293304826,0.0,False,319,63,0.07641887664794922,-0.07641887664794922
faster_rcnn,228b3dc1-f78a-4ac9-b213-2a416583d063.png,0,1,1024,1024,625.0,401.0,777.0,537.0,false_negative,,,miss_proxy_candidate,0.09376094490289688,0.6459748881167775,False,623.8626098632812,420.1390075683594,792.1373901367188,566.260986328125,backbone.body.layer3,16,40,40,True,85925.12452401391,0.0,False,38,1011,0.01971435546875,-0.01971435546875
faster_rcnn,228b3dc1-f78a-4ac9-b213-2a416583d063.png,1,1,1024,1024,284.0,583.0,430.0,726.0,true_positive,0.44963425397872925,0.5225796568089608,emitted_true_positive,0.44963425397872925,0.5225796568089608,True,219.6548614501953,584.5095825195312,427.1451110839844,768.2904663085938,backbone.body.layer3,16,40,40,True,90999.35768438797,0.003002994182863793,False,780,140,0.019910812377929688,-0.016907818195065896
faster_rcnn,228b3dc1-f78a-4ac9-b213-2a416583d063.png,2,1,1024,1024,666.0,557.0,800.0,764.0,false_negative,,,miss_proxy_candidate,0.023353029042482376,0.5253817935165764,False,619.1227416992188,566.3861694335938,842.4772338867188,786.4138793945312,backbone.body.layer3,16,40,40,True,73790.77372218875,0.010722204825808263,False,371,755,0.026453018188476562,-0.0157308133626683
faster_rcnn,231de9e8-63d9-4093-9d57-2bdcdee49225.png,0,1,1024,1024,611.0,391.0,759.0,507.0,false_negative,,,miss_proxy_candidate,0.000284622423350811,0.4646472057184538,False,611.0269775390625,329.3072204589844,748.9730834960938,477.4927673339844,backbone.body.layer3,16,40,40,True,29758.108084514024,0.043570373123830136,False,704,780,0.0163726806640625,0.027197692459767636
faster_rcnn,231de9e8-63d9-4093-9d57-2bdcdee49225.png,1,1,1024,1024,292.0,486.0,422.0,736.0,true_positive,0.8124212622642517,0.5586378294724289,emitted_true_positive,0.00570803415030241,0.7465912980472812,False,300.5965881347656,515.17431640625,421.4034118652344,716.0256958007812,backbone.body.layer3,16,40,40,True,206991.6883977141,0.00017260113645964508,False,1011,755,0.030994415283203125,-0.03082181414674348
faster_rcnn,28ba0617-0cac-4198-8b8a-c35fde545ace.png,0,1,1024,1024,238.0,255.0,397.0,562.0,true_positive,0.673245370388031,0.583656527403008,emitted_true_positive,0.673245370388031,0.583656527403008,True,239.3065643310547,179.96925354003906,451.0934753417969,554.4307861328125,backbone.body.layer3,16,40,40,True,5632.587118240581,0.07764850053783894,False,269,217,0.04655170440673828,0.031096796131100654
faster_rcnn,28ba0617-0cac-4198-8b8a-c35fde545ace.png,1,1,1024,1024,587.0,237.0,811.0,498.0,false_negative,,,miss_proxy_candidate,0.006073934491723776,0.6172135963633655,False,575.8139038085938,313.3570861816406,796.986083984375,491.0429382324219,backbone.body.layer3,16,40,40,True,95549.01356152858,0.02163870027041706,False,345,576,0.055755615234375,-0.03411691496395794
faster_rcnn,29128fda-79ce-4a14-bbf9-9884422075d0.png,0,1,1024,1024,799.0,445.0,971.0,664.0,false_negative,,,miss_proxy_candidate,0.1965947300195694,0.6088170498723098,False,740.2808837890625,430.4645080566406,955.7191772460938,650.3355102539062,backbone.body.layer3,16,40,40,True,79331.48043083727,2.405466546413e-07,False,64,1011,0.035923004150390625,-0.03592276360373598
faster_rcnn,29128fda-79ce-4a14-bbf9-9884422075d0.png,1,1,1024,1024,343.0,523.0,525.0,738.0,false_negative,,,miss_proxy_candidate,0.10203596204519272,0.8121659169646462,False,340.52972412109375,537.6752319335938,523.4703369140625,764.7247924804688,backbone.body.layer3,16,40,40,True,78622.53015502045,0.0035526362084428616,False,396,396,0.03731727600097656,-0.033764639792533704
faster_rcnn,334c4445-63ce-401a-a1a2-1a467901a1ae.png,0,1,1024,1024,281.0,515.0,448.0,648.0,false_negative,,,miss_proxy_candidate,0.0004974744515493512,0.5448459266794232,False,318.4879150390625,522.4508666992188,467.912109375,682.34912109375,backbone.body.layer3,16,40,40,True,17382.95843622298,0.007006949791980245,False,89,345,0.02118206024169922,-0.014175110449718975
faster_rcnn,334c4445-63ce-401a-a1a2-1a467901a1ae.png,1,1,1024,1024,656.0,552.0,855.0,674.0,false_negative,,,miss_proxy_candidate,0.008898884057998657,0.5008266264326139,False,721.56689453125,545.4007568359375,906.43310546875,670.5993041992188,backbone.body.layer3,16,40,40,True,20885.367144954267,0.011632761207937128,False,729,371,0.023153305053710938,-0.01152054384577381
faster_rcnn,33c66fa9-6a08-4d0d-b309-88ce91a217c9.png,0,1,1024,1024,193.0,468.0,402.0,588.0,true_positive,0.6579231023788452,0.678523870106392,emitted_true_positive,0.19299525022506714,0.7076187428748725,False,212.3233184814453,477.37725830078125,379.67669677734375,583.4227905273438,backbone.body.layer3,16,40,40,True,52181.51667512994,0.01576246071471848,False,934,140,0.02391815185546875,-0.008155691140750269
faster_rcnn,33c66fa9-6a08-4d0d-b309-88ce91a217c9.png,1,1,1024,1024,619.0,357.0,795.0,498.0,true_positive,0.25063756108283997,0.8139619824652586,emitted_true_positive,0.25063756108283997,0.8139619824652586,True,611.4146728515625,351.07281494140625,813.3853759765625,493.7272033691406,backbone.body.layer3,16,40,40,True,106712.09435550476,0.0021570006158578474,False,320,627,0.0236663818359375,-0.021509381220079653
faster_rcnn,38e001a1-f518-4dc3-bdf7-b568ba90f512.png,0,1,1024,1024,134.0,742.0,346.0,960.0,true_positive,0.6935248374938965,0.8590998044226,emitted_true_positive,0.6935248374938965,0.8590998044226,True,125.90814208984375,731.9279174804688,354.4918518066406,967.2720947265625,backbone.body.layer3,16,40,40,True,111001.61066762288,0.03960629078976837,False,166,268,0.04407501220703125,-0.004468721417262879
faster_rcnn,3b081d12-6804-4a33-85cd-712a886e4e01.png,0,1,1024,1024,590.0,211.0,768.0,478.0,true_positive,0.5969325304031372,0.6749418331172982,emitted_true_positive,0.5969325304031372,0.6749418331172982,True,603.9274291992188,158.97703552246094,780.87255859375,457.4229431152344,backbone.body.layer3,16,40,40,True,78776.04015289764,0.07472645805333776,False,703,652,0.04532432556152344,0.029402132491814323
faster_rcnn,3b081d12-6804-4a33-85cd-712a886e4e01.png,1,1,1024,1024,227.0,241.0,445.0,737.0,true_positive,0.7392812371253967,0.7609624535571666,emitted_true_positive,0.7392812371253967,0.7609624535571666,True,237.3839874267578,202.68650817871094,471.416015625,758.9135131835938,backbone.body.layer3,16,40,40,True,53190.56129491453,0.10624870389103895,False,729,448,0.103118896484375,0.003129807406663951
faster_rcnn,3d63ab2e-862a-4f11-82d3-b9f561e8ecec.png,0,1,1024,1024,248.0,381.0,434.0,720.0,false_negative,,,miss_proxy_candidate,0.02124669775366783,0.7826730185298538,False,244.89622497558594,436.26885986328125,440.30377197265625,712.5311889648438,backbone.body.layer3,16,40,40,True,69593.9298542355,0.005362061586004299,False,345,38,0.06013298034667969,-0.054770918760675386
faster_rcnn,3d63ab2e-862a-4f11-82d3-b9f561e8ecec.png,1,1,1024,1024,549.0,428.0,768.0,751.0,true_positive,0.7038039565086365,0.5590351732390801,emitted_true_positive,0.16211454570293427,0.6568204146537006,False,561.7035522460938,506.88067626953125,771.896484375,774.7193603515625,backbone.body.layer3,16,40,40,True,57037.12503404425,0.02818376680003146,False,1011,243,0.0674600601196289,-0.03927629331959745
faster_rcnn,3f040848-3b3f-4cc9-b7e1-eb5bea7a3a7c.png,0,1,1024,1024,587.0,481.0,837.0,801.0,true_positive,0.7696000933647156,0.6981026411172008,emitted_true_positive,0.7696000933647156,0.6981026411172008,True,542.78857421875,429.2437438964844,834.0114135742188,814.7562866210938,backbone.body.layer3,16,40,40,True,35170.1468616323,0.03638991391810119,False,832,268,0.0762939453125,-0.03990403139439881
faster_rcnn,4672156e-25e5-4bf4-8891-9e0e4a742c49.png,0,1,1024,1024,619.0,315.0,874.0,655.0,false_negative,,,miss_proxy_candidate,0.0036856739316135645,0.6924972160912857,False,656.3849487304688,361.0260925292969,878.8150634765625,674.1739501953125,backbone.body.layer3,16,40,40,True,140012.38217855562,0.009889359923938735,False,986,115,0.08268356323242188,-0.07279420330848314
faster_rcnn,4672156e-25e5-4bf4-8891-9e0e4a742c49.png,1,1,1024,1024,324.0,313.0,516.0,646.0,true_positive,0.8081429600715637,0.7016061330896323,emitted_true_positive,0.8081429600715637,0.7016061330896323,True,287.1727600097656,299.8548278808594,499.62725830078125,666.545166015625,backbone.body.layer3,16,40,40,True,48937.16186256771,0.05559578073976194,False,601,64,0.06097412109375,-0.005378340353988063
faster_rcnn,4eb0ed96-3ad3-4608-8a3f-2012fe203df6.png,0,1,1024,1024,250.0,247.0,512.0,636.0,true_positive,0.9148249626159668,0.6888059695122415,emitted_true_positive,0.9148249626159668,0.6888059695122415,True,302.9772033691406,222.0009765625,497.0227966308594,625.9990234375,backbone.body.layer3,16,40,40,True,11134.81534561831,0.272850082321197,False,832,63,0.09719657897949219,0.17565350334170482
faster_rcnn,55d5fe58-1dd5-454e-8628-92ef7f2993dc.png,0,1,1024,1024,273.0,300.0,429.0,601.0,true_positive,0.9188450574874878,0.5590337979469715,emitted_true_positive,0.00821969285607338,0.6895637119723275,False,269.9580078125,304.744873046875,398.4419860839844,567.255126953125,backbone.body.layer3,16,40,40,True,185004.97056493795,0.002534060799782955,False,63,985,0.044780731201171875,-0.04224667040138892
faster_rcnn,55d5fe58-1dd5-454e-8628-92ef7f2993dc.png,1,1,1024,1024,693.0,385.0,828.0,517.0,false_negative,,,miss_proxy_candidate,0.0653061494231224,0.6601319437383878,False,664.4034423828125,373.0402526855469,813.99658203125,511.759765625,backbone.body.layer3,16,40,40,True,130399.78221634697,0.0030003798803072317,False,64,1011,0.016994476318359375,-0.013994096438052144
faster_rcnn,5ab24a6b-603a-4ace-90ed-6bc9569af1a5.png,0,1,1024,1024,483.0,194.0,729.0,434.0,true_positive,0.3724766671657562,0.5870858548292449,emitted_true_positive,0.3724766671657562,0.5870858548292449,True,523.3994140625,174.0229034423828,740.6005859375,381.1770935058594,backbone.body.layer3,16,40,40,True,54378.94985153651,0.10123984746321979,False,678,447,0.056304931640625,0.04493491582259479
faster_rcnn,5cfe7d99-d956-479c-85cf-7f8d65465f5b.png,0,1,1024,1024,609.0,482.0,715.0,578.0,false_negative,,,miss_proxy_candidate,0.0009344576974399388,0.7077530915642359,False,615.1514282226562,462.8423767089844,724.8485717773438,575.5576171875,backbone.body.layer3,16,40,40,True,48924.62341797918,0.00026688151485263785,False,165,677,0.00970458984375,-0.009437708328897362
faster_rcnn,60c027e6-b1fc-4064-9e9a-2301d520a19a.png,0,1,1024,1024,375.0,469.0,493.0,695.0,false_negative,,,miss_proxy_candidate,0.0028173404280096292,0.8674688023607164,False,376.0674743652344,453.08160400390625,494.33251953125,682.9183959960938,backbone.body.layer3,16,40,40,True,188162.12832178015,0.0007699109240695183,False,754,38,0.025432586669921875,-0.024662675745852358
faster_rcnn,62f42357-5ae3-4eed-a5b2-f189b545e579.png,0,1,1024,1024,709.0,384.0,921.0,560.0,false_negative,,,miss_proxy_candidate,0.0023006375413388014,0.6173734392296115,False,731.1715698242188,388.5879821777344,868.0284423828125,565.0120239257812,backbone.body.layer3,16,40,40,True,53631.917563889874,0.0019952821054314935,False,1011,115,0.03558349609375,-0.03358821398831851
faster_rcnn,62f42357-5ae3-4eed-a5b2-f189b545e579.png,1,1,1024,1024,293.0,384.0,522.0,658.0,true_positive,0.8501578569412231,0.5030444641891881,emitted_true_positive,0.34191206097602844,0.6835512333281166,True,305.0247802734375,443.6107482910156,509.7752380371094,665.1892700195312,backbone.body.layer3,16,40,40,True,48700.13150945111,0.0003971382610863131,False,934,1011,0.05983924865722656,-0.05944211039614025
faster_rcnn,660de8ab-b176-45d3-8a0b-faeab54c07f7.png,0,1,1024,1024,227.0,599.0,410.0,787.0,true_positive,0.6083322763442993,0.5990704068968037,emitted_true_positive,0.06954174488782883,0.6835004213820134,False,215.6545867919922,636.611083984375,391.54541015625,786.5889282226562,backbone.body.layer3,16,40,40,True,252041.99375444045,0.0032400159072662324,False,883,140,0.032810211181640625,-0.029570195274374392
faster_rcnn,6ed32587-0518-4b4b-95e6-a4b0651b1a6d.png,0,1,1024,1024,454.0,191.0,720.0,862.0,true_positive,0.879767894744873,0.7626089516973279,emitted_true_positive,0.879767894744873,0.7626089516973279,True,434.4994812011719,160.60447692871094,711.1005249023438,779.3955078125,backbone.body.layer3,16,40,40,True,19140.019251715108,0.0016818899028970128,False,678,63,0.17021751403808594,-0.16853562413518894
faster_rcnn,6ed32587-0518-4b4b-95e6-a4b0651b1a6d.png,1,1,1024,1024,153.0,207.0,379.0,854.0,true_positive,0.867260754108429,0.8128534831977966,emitted_true_positive,0.867260754108429,0.8128534831977966,True,140.97640991210938,177.7818145751953,365.423583984375,819.8181762695312,backbone.body.layer3,16,40,40,True,22307.062907432777,0.2299349042255057,False,422,140,0.1394481658935547,0.090486738331951
faster_rcnn,6f47bae9-705f-41c8-8a28-d5cf88927b0e.png,0,1,1024,1024,231.0,297.0,486.0,692.0,true_positive,0.9322068691253662,0.8236339494984741,emitted_true_positive,0.9322068691253662,0.8236339494984741,True,254.3206787109375,282.8396301269531,478.47930908203125,678.7603759765625,backbone.body.layer3,16,40,40,True,18020.518262940233,0.33497492780491206,False,601,0,0.09605884552001953,0.23891608228489253
faster_rcnn,711b8e6a-0406-4c61-8c13-3e90fd7ecba1.png,0,1,1024,1024,224.0,347.0,428.0,868.0,true_positive,0.7799091339111328,0.6042588154827307,emitted_true_positive,0.7167145609855652,0.6168009369090777,True,239.5425262451172,486.32257080078125,424.85748291015625,840.0774536132812,backbone.body.layer3,16,40,40,True,61632.45368913108,0.0024536824746777736,False,268,166,0.10136032104492188,-0.09890663857024411
faster_rcnn,711b8e6a-0406-4c61-8c13-3e90fd7ecba1.png,1,1,1024,1024,557.0,442.0,785.0,911.0,true_positive,0.8160401582717896,0.7055981713570604,emitted_true_positive,0.8160401582717896,0.7055981713570604,True,540.9952392578125,326.1094665527344,793.40478515625,897.8905639648438,backbone.body.layer3,16,40,40,True,11792.234147150202,0.07918447629198268,False,268,166,0.10197830200195312,-0.022793825709970447
faster_rcnn,72de14b5-3dd0-4971-8fa2-137e4f91bb90.png,0,1,1024,1024,607.0,689.0,818.0,853.0,false_negative,,,miss_proxy_candidate,0.001991652650758624,0.45976012896081625,False,571.0272827148438,641.3469848632812,834.57275390625,805.0530395507812,backbone.body.layer3,16,40,40,True,25914.575638712777,0.04437069298337247,False,370,780,0.033000946044921875,0.011369746938450595
faster_rcnn,73cb75e6-0cef-4f7a-9c8d-cc9cc4eb0fd7.png,0,1,1024,1024,213.0,360.0,432.0,692.0,false_negative,,,miss_proxy_candidate,0.001761469873599708,0.6844063915774304,False,216.9558563232422,403.10943603515625,418.244140625,752.8905639648438,backbone.body.layer3,16,40,40,True,63789.79084430263,0.07674828389052138,False,832,601,0.06933975219726562,0.007408531693255754
faster_rcnn,747b1c03-c554-41ea-9d57-7b54894985f3.png,0,1,1024,1024,703.0,338.0,894.0,787.0,true_positive,0.7440058588981628,0.5153979212215254,emitted_true_positive,0.7440058588981628,0.5153979212215254,True,645.4039306640625,181.0003662109375,911.3961181640625,769.3995971679688,backbone.body.layer3,16,40,40,True,8007.84320147654,0.2331358359463846,False,294,217,0.0817861557006836,0.151349680245701
faster_rcnn,747b1c03-c554-41ea-9d57-7b54894985f3.png,1,1,1024,1024,331.0,406.0,518.0,780.0,false_negative,,,miss_proxy_candidate,0.09301680326461792,0.7890597586460257,False,333.1737976074219,401.4178771972656,549.2262573242188,755.3821411132812,backbone.body.layer3,16,40,40,True,162303.37407700357,0.022889604384904432,False,986,89,0.06669807434082031,-0.04380846995591588
faster_rcnn,776b44fa-43e6-4f7b-87fb-7ae97763085f.png,0,1,1024,1024,313.0,445.0,459.0,724.0,true_positive,0.8366881012916565,0.5979252284441425,emitted_true_positive,0.8366881012916565,0.5979252284441425,True,318.0424499511719,401.4120788574219,501.95758056640625,751.387939453125,backbone.body.layer3,16,40,40,True,10170.460777072909,0.03439050617223608,False,1011,397,0.03884696960449219,-0.004456463432256107
faster_rcnn,81d9d146-e9bb-478b-aeed-c2431780030e.png,0,1,1024,1024,618.0,311.0,821.0,515.0,false_negative,,,miss_proxy_candidate,0.1880256086587906,0.7665385971612708,False,612.5433959960938,279.3848876953125,834.6566772460938,522.6151733398438,backbone.body.layer3,16,40,40,True,73086.5025061884,0.01470411450923781,False,832,64,0.039493560791015625,-0.024789446281777816
faster_rcnn,81d9d146-e9bb-478b-aeed-c2431780030e.png,1,1,1024,1024,327.0,169.0,497.0,563.0,false_negative,,,miss_proxy_candidate,0.027272667735815048,0.6646750171922081,False,321.177978515625,245.83984375,530.822021484375,555.7601928710938,backbone.body.layer3,16,40,40,True,162800.84796879927,0.039359538773575384,False,934,832,0.06387710571289062,-0.02451756693931524
faster_rcnn,83f0d9e7-520b-41ee-a7c0-f93713784281.png,0,1,1024,1024,554.0,109.0,889.0,655.0,true_positive,0.8168451189994812,0.8442463145380814,emitted_true_positive,0.8168451189994812,0.8442463145380814,True,565.941650390625,108.04692840576172,859.6583251953125,635.5531005859375,backbone.body.layer3,16,40,40,True,22432.173464272648,0.16723747259081162,False,345,140,0.1744365692138672,-0.0071990966230555675
faster_rcnn,83f0d9e7-520b-41ee-a7c0-f93713784281.png,1,1,1024,1024,152.0,79.0,449.0,677.0,true_positive,0.8494099378585815,0.8135020835915766,emitted_true_positive,0.8494099378585815,0.8135020835915766,True,183.17764282226562,99.1650161743164,458.42236328125,658.8349609375,backbone.body.layer3,16,40,40,True,27826.603687582377,0.31554709380238727,False,498,64,0.16937828063964844,0.14616881316273883
faster_rcnn,86936d5f-73fb-462e-bcbc-5815879cb3d6.png,0,1,1024,1024,522.0,263.0,647.0,421.0,false_negative,,,miss_proxy_candidate,0.0018785203574225307,0.8073035287307389,False,527.4852294921875,260.48095703125,665.3148193359375,417.9190368652344,backbone.body.layer3,16,40,40,True,70415.25337562055,0.0007363453531832634,False,294,141,0.018835067749023438,-0.018098722395840174
faster_rcnn,86936d5f-73fb-462e-bcbc-5815879cb3d6.png,1,1,1024,1024,117.0,166.0,359.0,562.0,true_positive,0.8786270022392273,0.7500950887357486,emitted_true_positive,0.8786270022392273,0.7500950887357486,True,134.98585510253906,203.07640075683594,339.4141540527344,571.7236328125,backbone.body.layer3,16,40,40,True,9629.443576219228,0.17455650475948645,True,294,166,0.09139251708984375,0.0831639876696427
faster_rcnn,8768a800-28e8-4ae4-83ba-2f4326b2d3ac.png,0,1,1024,1024,598.0,242.0,906.0,792.0,true_positive,0.8828830122947693,0.8833764113767558,emitted_true_positive,0.8828830122947693,0.8833764113767558,True,602.9734497070312,227.30992126464844,893.0265502929688,815.8900756835938,backbone.body.layer3,16,40,40,True,64192.27080229453,0.42058814424647095,False,192,678,0.16155242919921875,0.2590357150472522
faster_rcnn,8768a800-28e8-4ae4-83ba-2f4326b2d3ac.png,1,1,1024,1024,220.0,205.0,436.0,366.0,true_positive,0.5201802253723145,0.5843666161015315,emitted_true_positive,0.12874405086040497,0.6578740355351567,False,263.3394470214844,205.8821258544922,436.26055908203125,338.51788330078125,backbone.body.layer3,16,40,40,True,21836.020836385273,0.0014953193301960445,False,63,985,0.03316497802734375,-0.031669658697147704
faster_rcnn,87ddbd40-b218-4bfd-9a82-2ea252e08c1e.png,0,1,1024,1024,763.0,409.0,917.0,587.0,false_negative,,,miss_proxy_candidate,0.026130756363272667,0.7092932720436941,False,736.9351196289062,385.3663635253906,909.4649658203125,590.6336669921875,backbone.body.layer3,16,40,40,True,32634.716215306467,0.14620651570229873,False,806,294,0.026142120361328125,0.1200643953409706
faster_rcnn,90b2b94e-efa8-4ff7-98e1-86ea3e33b575.png,0,1,1024,1024,596.0,418.0,889.0,778.0,true_positive,0.3235403895378113,0.5519778801171215,emitted_true_positive,0.06998537480831146,0.6961854836304462,False,588.0912475585938,454.3733825683594,875.1088256835938,853.6266479492188,backbone.body.layer3,16,40,40,True,91585.50644768162,0.23386013038390147,True,755,652,0.10059356689453125,0.13326656348937022
faster_rcnn,980bedbf-2f34-4596-a7cb-ec66fd1ec4de.png,0,1,1024,1024,560.0,114.0,794.0,480.0,true_positive,0.9058233499526978,0.7401568852889595,emitted_true_positive,0.9058233499526978,0.7401568852889595,True,604.6022338867188,116.70272064208984,784.9977416992188,468.0972595214844,backbone.body.layer3,16,40,40,True,26656.789154201317,0.5051879855457841,True,703,294,0.08167648315429688,0.42351150239148727
faster_rcnn,a6a94200-33a0-410a-9e4b-bb080cfed624.png,0,1,1024,1024,134.0,314.0,398.0,852.0,true_positive,0.8598991632461548,0.8144253793979627,emitted_true_positive,0.8598991632461548,0.8144253793979627,True,148.4889678955078,279.50213623046875,419.51104736328125,858.8978881835938,backbone.body.layer3,16,40,40,True,49497.42377180143,0.24636394694906408,True,217,729,0.1354522705078125,0.11091167644125158
faster_rcnn,a6a94200-33a0-410a-9e4b-bb080cfed624.png,1,1,1024,1024,553.0,362.0,721.0,684.0,true_positive,0.8453049659729004,0.6911604967145408,emitted_true_positive,0.8453049659729004,0.6911604967145408,True,523.0153198242188,362.6389465332031,717.78466796875,750.1610717773438,backbone.body.layer3,16,40,40,True,35601.64817486922,0.0,False,191,64,0.0515899658203125,-0.0515899658203125
faster_rcnn,a9c3b3d8-0e8a-4b5f-b05d-d66f5f8fe2ad.png,0,1,1024,1024,539.0,381.0,862.0,634.0,true_positive,0.7849791049957275,0.7495517755102626,emitted_true_positive,0.7849791049957275,0.7495517755102626,True,569.8123168945312,395.17633056640625,830.1876831054688,630.4237060546875,backbone.body.layer3,16,40,40,True,70131.53989059574,0.06094606651499916,True,653,499,0.07793331146240234,-0.016987244947403182
faster_rcnn,a9c3b3d8-0e8a-4b5f-b05d-d66f5f8fe2ad.png,1,1,1024,1024,93.0,475.0,424.0,666.0,true_positive,0.26913344860076904,0.6754277208429483,emitted_true_positive,0.26913344860076904,0.6754277208429483,True,133.57208251953125,439.83966064453125,407.6279296875,654.5603637695312,backbone.body.layer3,16,40,40,True,87260.95309421196,0.07433599542245964,False,166,396,0.06029224395751953,0.014043751464940107
faster_rcnn,aa1ab66a-081e-4c5f-a6b8-791a5182466e.png,0,1,1024,1024,128.0,486.0,406.0,796.0,true_positive,0.8392734527587891,0.5091857984100245,emitted_true_positive,0.018176933750510216,0.7726663643153641,False,158.1197967529297,511.1380310058594,403.0802001953125,812.8619995117188,backbone.body.layer3,16,40,40,True,137730.13575160984,0.03834547113327427,False,345,320,0.08218765258789062,-0.04384218145461635
faster_rcnn,ac18858f-cb0a-4d54-89a0-25a8c2bc0980.png,0,1,1024,1024,265.0,251.0,499.0,798.0,true_positive,0.7748390436172485,0.7209017300105675,emitted_true_positive,0.7748390436172485,0.7209017300105675,True,268.0757141113281,180.0268096923828,533.5243530273438,764.773193359375,backbone.body.layer3,16,40,40,True,78047.70943822064,0.14237515547110857,True,422,575,0.12206840515136719,0.020306750319741385
faster_rcnn,ac18858f-cb0a-4d54-89a0-25a8c2bc0980.png,1,1,1024,1024,623.0,236.0,819.0,800.0,true_positive,0.8158201575279236,0.7905679936014325,emitted_true_positive,0.8158201575279236,0.7905679936014325,True,623.8493041992188,234.32054138183594,865.7506713867188,790.4794921875,backbone.body.layer3,16,40,40,True,58269.55804224371,0.03455074643468852,False,320,268,0.1054229736328125,-0.07087222719812397
faster_rcnn,ac81e9b6-5789-4797-ad85-510186cdd4a9.png,0,1,1024,1024,199.0,142.0,455.0,629.0,true_positive,0.7289895415306091,0.672988467024763,emitted_true_positive,0.7289895415306091,0.672988467024763,True,197.5850830078125,296.38720703125,454.81494140625,634.0128173828125,backbone.body.layer3,16,40,40,True,27534.89096287739,0.03906656989975651,False,1011,806,0.118896484375,-0.07982991447524349
faster_rcnn,ac81e9b6-5789-4797-ad85-510186cdd4a9.png,1,1,1024,1024,542.0,100.0,834.0,676.0,true_positive,0.2798777222633362,0.8627305695717035,emitted_true_positive,0.2798777222633362,0.8627305695717035,True,561.9796752929688,87.87471008300781,838.8203125,652.5253295898438,backbone.body.layer3,16,40,40,True,60497.47419871912,0.20508545761471342,False,319,396,0.160400390625,0.04468506698971342
faster_rcnn,b1e65c1c-79cc-4b8b-920e-c972bc296790.png,0,1,1024,1024,683.0,272.0,933.0,833.0,true_positive,0.7431214451789856,0.7500335305920421,emitted_true_positive,0.7431214451789856,0.7500335305920421,True,673.9991455078125,160.58506774902344,933.2008666992188,793.81494140625,backbone.body.layer3,16,40,40,True,33654.55835783874,0.41621199721586793,True,883,575,0.13375282287597656,0.2824591743398914
faster_rcnn,b1e65c1c-79cc-4b8b-920e-c972bc296790.png,1,1,1024,1024,360.0,467.0,528.0,783.0,true_positive,0.852751612663269,0.8609289565172858,emitted_true_positive,0.852751612663269,0.8609289565172858,True,352.6062927246094,452.1242370605469,535.3937377929688,789.4757690429688,backbone.body.layer3,16,40,40,True,11542.73507421335,6.658678699651019e-05,False,217,191,0.050628662109375,-0.05056207532237849
faster_rcnn,b3e97d1d-0b1b-42c0-9a5a-52222414ff10.png,0,1,1024,1024,239.0,294.0,449.0,827.0,true_positive,0.8073087334632874,0.678620948172128,emitted_true_positive,0.8073087334632874,0.678620948172128,True,238.614501953125,409.95977783203125,434.1855163574219,799.6402587890625,backbone.body.layer3,16,40,40,True,26756.213037215864,0.048869773391450946,False,626,89,0.10674476623535156,-0.057874992843900616
faster_rcnn,b3e97d1d-0b1b-42c0-9a5a-52222414ff10.png,1,1,1024,1024,572.0,314.0,784.0,885.0,true_positive,0.7515569925308228,0.7185962250431416,emitted_true_positive,0.7515569925308228,0.7185962250431416,True,566.2257080078125,207.5586395263672,806.5743408203125,908.44140625,backbone.body.layer3,16,40,40,True,28556.987552127386,0.23229075875020821,True,703,653,0.11544418334960938,0.11684657540059884
faster_rcnn,b52a4969-16fc-43c1-9d87-66392415d139.png,0,1,1024,1024,215.0,188.0,428.0,603.0,true_positive,0.8285229802131653,0.8317107890720893,emitted_true_positive,0.8285229802131653,0.8317107890720893,True,206.3514404296875,166.4362030029297,444.0485534667969,613.5637817382812,backbone.body.layer3,16,40,40,True,7111.256459826023,0.04039997927011081,False,601,396,0.08430004119873047,-0.04390006192861966
faster_rcnn,b52a4969-16fc-43c1-9d87-66392415d139.png,1,1,1024,1024,523.0,186.0,738.0,620.0,true_positive,0.8738621473312378,0.8074582509217404,emitted_true_positive,0.8738621473312378,0.8074582509217404,True,538.2218627929688,187.90682983398438,741.7781372070312,570.8931884765625,backbone.body.layer3,16,40,40,True,12840.867482125386,0.1283571025179477,False,422,140,0.08898735046386719,0.039369752054080526
faster_rcnn,b61e3955-0a8d-4678-9746-b7202fd6d777.png,0,1,1024,1024,612.0,579.0,886.0,801.0,true_positive,0.6695828437805176,0.8069391508806595,emitted_true_positive,0.6695828437805176,0.8069391508806595,True,624.7348022460938,553.7545166015625,884.0652465820312,788.6455078125,backbone.body.layer3,16,40,40,True,9083.180457161347,0.435723005680367,True,703,652,0.058010101318359375,0.3777129043620076
faster_rcnn,b61e3955-0a8d-4678-9746-b7202fd6d777.png,1,1,1024,1024,229.0,255.0,456.0,673.0,true_positive,0.5687302350997925,0.5632885837425853,emitted_true_positive,0.15674921870231628,0.6799817777099617,False,198.32388305664062,185.297119140625,469.276123046875,700.3029174804688,backbone.body.layer3,16,40,40,True,36121.93788924815,0.13210213649967276,False,703,652,0.09049034118652344,0.04161179531314932
faster_rcnn,b6e7d1aa-74ca-4fc1-b268-415b9e4954ce.png,0,1,1024,1024,551.0,194.0,770.0,486.0,true_positive,0.6398485898971558,0.5952986874650109,emitted_true_positive,0.03743230178952217,0.6947216500521314,False,550.5244750976562,200.8576202392578,722.2755737304688,460.7424011230469,backbone.body.layer3,16,40,40,True,257684.08625550367,0.020058874446058136,False,63,985,0.060985565185546875,-0.040926690739488736
faster_rcnn,b6e7d1aa-74ca-4fc1-b268-415b9e4954ce.png,1,1,1024,1024,195.0,217.0,412.0,621.0,true_positive,0.7970833778381348,0.8913466052530554,emitted_true_positive,0.7970833778381348,0.8913466052530554,True,202.7704315185547,218.978271484375,422.4295959472656,609.8217163085938,backbone.body.layer3,16,40,40,True,58435.10869834844,0.05590329632954657,False,473,192,0.08360671997070312,-0.027703423641156556
faster_rcnn,b79d126e-d469-4dc1-82e8-b3167e6b52d3.png,0,1,1024,1024,161.0,417.0,391.0,647.0,true_positive,0.5985175371170044,0.8501149419227885,emitted_true_positive,0.5985175371170044,0.8501149419227885,True,141.02700805664062,421.04864501953125,400.1730041503906,653.3513793945312,backbone.body.layer3,16,40,40,True,38957.78807513298,0.19125819153123427,False,396,447,0.050449371337890625,0.14080882019334365
faster_rcnn,b79d126e-d469-4dc1-82e8-b3167e6b52d3.png,1,1,1024,1024,618.0,487.0,827.0,657.0,false_negative,,,miss_proxy_candidate,0.0003590676642488688,0.564412269490359,False,608.6578979492188,486.40997314453125,743.3421630859375,654.3900756835938,backbone.body.layer3,16,40,40,True,38893.121589745264,0.0,False,370,652,0.03388404846191406,-0.03388404846191406
faster_rcnn,b9b46200-1045-4c7a-b790-a9f6cdd031e3.png,0,1,1024,1024,626.0,205.0,811.0,570.0,false_negative,,,miss_proxy_candidate,0.042009055614471436,0.7618798731970947,False,625.130615234375,138.6243438720703,811.6693725585938,536.1757202148438,backbone.body.layer3,16,40,40,True,72366.87306671098,0.021440874810074933,False,345,140,0.06439685821533203,-0.042955983405257095
faster_rcnn,b9b46200-1045-4c7a-b790-a9f6cdd031e3.png,1,1,1024,1024,294.0,276.0,498.0,579.0,true_positive,0.7961340546607971,0.6338852084011134,emitted_true_positive,0.7961340546607971,0.6338852084011134,True,248.39297485351562,304.2330017089844,508.40704345703125,622.1669921875,backbone.body.layer3,16,40,40,True,31954.360942000436,0.013755584872643016,False,550,192,0.058948516845703125,-0.04519293197306011
faster_rcnn,ba036253-6844-428c-a27b-14e9b6021740.png,0,1,1024,1024,270.0,486.0,438.0,715.0,true_positive,0.5325276851654053,0.7087459882732292,emitted_true_positive,0.5325276851654053,0.7087459882732292,True,229.009521484375,472.8565979003906,433.3904724121094,703.1434326171875,backbone.body.layer3,16,40,40,True,21369.65552478985,0.049099774212100065,False,293,63,0.03668975830078125,0.012410015911318815
faster_rcnn,ba036253-6844-428c-a27b-14e9b6021740.png,1,1,1024,1024,572.0,400.0,728.0,640.0,false_negative,,,miss_proxy_candidate,0.032930128276348114,0.8207125463294708,False,588.8864135742188,410.5989685058594,729.5136108398438,647.801025390625,backbone.body.layer3,16,40,40,True,62795.20490509117,0.0014254838416275799,False,243,652,0.03570556640625,-0.03428008256462242
faster_rcnn,bb7dca62-6180-4e52-81b6-8a9e09a4bfae.png,0,1,1024,1024,253.0,174.0,540.0,635.0,true_positive,0.9051547646522522,0.7523030812641106,emitted_true_positive,0.9051547646522522,0.7523030812641106,True,276.41632080078125,153.7148895263672,552.3837280273438,699.8851318359375,backbone.body.layer3,16,40,40,False,0.0,,,,,0.12617778778076172,
faster_rcnn,bb7dca62-6180-4e52-81b6-8a9e09a4bfae.png,1,1,1024,1024,631.0,143.0,912.0,592.0,true_positive,0.834811270236969,0.6632253071717078,emitted_true_positive,0.834811270236969,0.6632253071717078,True,615.82470703125,41.50749588012695,921.7753295898438,663.29248046875,backbone.body.layer3,16,40,40,True,27432.50418486538,0.23359678989676946,False,345,345,0.12032413482666016,0.11327265507010931
faster_rcnn,bce09fde-2765-4fe5-ac6f-1e5966a43882.png,0,1,1024,1024,557.0,304.0,756.0,683.0,true_positive,0.8009256720542908,0.6011059138256297,emitted_true_positive,0.033716537058353424,0.6388185942689417,False,577.7760009765625,372.2880554199219,783.8240356445312,695.7119140625,backbone.body.layer3,16,40,40,True,162829.7799594177,0.009744607705221064,False,345,832,0.07192707061767578,-0.06218246291245472
faster_rcnn,bce09fde-2765-4fe5-ac6f-1e5966a43882.png,1,1,1024,1024,215.0,177.0,435.0,819.0,true_positive,0.7202698588371277,0.7495957084076891,emitted_true_positive,0.7202698588371277,0.7495957084076891,True,211.70127868652344,150.9853057861328,471.0987243652344,759.4147338867188,backbone.body.layer3,16,40,40,True,61845.22091561209,0.22291484700052294,False,371,166,0.13469696044921875,0.08821788655130419
faster_rcnn,bff6b953-95d1-4a08-9d79-c3b43fde59ce.png,0,1,1024,1024,346.0,567.0,500.0,779.0,true_positive,0.744841992855072,0.5396100357749527,emitted_true_positive,0.004182493779808283,0.7132207681517998,False,301.0771179199219,570.1211547851562,504.12286376953125,789.8788452148438,backbone.body.layer3,16,40,40,True,78191.17569746362,0.045571402058482445,False,883,908,0.03113555908203125,0.014435842976451195
faster_rcnn,bff6b953-95d1-4a08-9d79-c3b43fde59ce.png,1,1,1024,1024,743.0,380.0,855.0,601.0,true_positive,0.611961841583252,0.5616145041402509,emitted_true_positive,0.611961841583252,0.5616145041402509,True,678.93212890625,398.8807067871094,861.8678588867188,591.519287109375,backbone.body.layer3,16,40,40,True,186933.11369065318,0.002837364192322127,False,243,652,0.0236053466796875,-0.020767982487365375
faster_rcnn,c033f66d-900e-4ba3-8da4-a6823ea89d09.png,0,1,1024,1024,547.0,369.0,724.0,654.0,false_negative,,,miss_proxy_candidate,0.021409772336483,0.6428589083266019,False,539.1239624023438,436.2129821777344,742.47607421875,672.5870361328125,backbone.body.layer3,16,40,40,True,203476.22899786604,9.254122266628617e-05,False,63,704,0.04810810089111328,-0.048015559668447
faster_rcnn,c033f66d-900e-4ba3-8da4-a6823ea89d09.png,1,1,1024,1024,217.0,348.0,378.0,836.0,true_positive,0.8515211939811707,0.6334361388669358,emitted_true_positive,0.8515211939811707,0.6334361388669358,True,184.302734375,301.2509460449219,416.0972595214844,835.5490112304688,backbone.body.layer3,16,40,40,True,47071.41474584836,0.0014733086866679833,False,754,89,0.07492828369140625,-0.07345497500473827
faster_rcnn,c2dd9e3d-9cc4-46c8-9109-0c438b2f7f1a.png,0,1,1024,1024,666.0,389.0,916.0,776.0,false_negative,,,miss_proxy_candidate,0.05566892772912979,0.7153822307081066,False,639.6905517578125,309.8682861328125,927.5094604492188,772.53173828125,backbone.body.layer3,16,40,40,True,26496.184163258607,0.20812821241842822,False,678,115,0.09226799011230469,0.11586022230612353
faster_rcnn,c3a6ca22-c09b-4be0-a59d-e52718fbb645.png,0,1,1024,1024,117.0,270.0,394.0,732.0,true_positive,0.8385475873947144,0.6116333694184153,emitted_true_positive,0.5299476385116577,0.6290170312371176,True,142.49317932128906,128.80320739746094,416.70684814453125,711.9967651367188,backbone.body.layer3,16,40,40,True,113910.52778907752,0.23477318368736985,False,627,473,0.12204551696777344,0.11272766671959641
faster_rcnn,c3a6ca22-c09b-4be0-a59d-e52718fbb645.png,1,1,1024,1024,549.0,246.0,848.0,729.0,true_positive,0.8113772869110107,0.9008331299732236,emitted_true_positive,0.8113772869110107,0.9008331299732236,True,543.1304931640625,239.0559844970703,856.0695190429688,751.3440551757812,backbone.body.layer3,16,40,40,True,47672.206535180616,0.3470743073130435,False,243,601,0.1377267837524414,0.2093475235606021
faster_rcnn,c5a8e91a-2d40-4355-91af-73abf5f0fdf1.png,0,1,1024,1024,208.0,166.0,490.0,687.0,true_positive,0.9060729146003723,0.810783686613571,emitted_true_positive,0.9060729146003723,0.810783686613571,True,224.77798461914062,120.0290298461914,496.822021484375,714.3710327148438,backbone.body.layer3,16,40,40,True,4416.461463410552,0.0941669343986469,False,345,140,0.14011573791503906,-0.04594880351639216
faster_rcnn,c5a8e91a-2d40-4355-91af-73abf5f0fdf1.png,1,1,1024,1024,591.0,170.0,879.0,714.0,true_positive,0.8701565861701965,0.8012587819957911,emitted_true_positive,0.8701565861701965,0.8012587819957911,True,601.7119750976562,121.56367492675781,900.6881103515625,697.6363525390625,backbone.body.layer3,16,40,40,True,35485.13941821655,0.08965649825331728,False,396,140,0.1494140625,-0.059757564246682715
faster_rcnn,db798a1e-84b8-43ff-b4d5-990470c2579d.png,0,1,1024,1024,289.0,495.0,409.0,651.0,true_positive,0.3208213150501251,0.5010332510516232,emitted_true_positive,0.004174367059022188,0.6499493945179234,False,293.010986328125,433.4818420410156,412.5890197753906,644.1181640625,backbone.body.layer3,16,40,40,True,175892.2721750861,3.6201099118154877e-06,False,883,985,0.017852783203125,-0.017849163093213185
faster_rcnn,db798a1e-84b8-43ff-b4d5-990470c2579d.png,1,1,1024,1024,654.0,606.0,809.0,752.0,false_negative,,,miss_proxy_candidate,0.0065134987235069275,0.6099433772090788,False,670.6994018554688,613.0972900390625,798.1006469726562,802.1027221679688,backbone.body.layer3,16,40,40,True,25292.153046551375,0.0,False,294,268,0.021581649780273438,-0.021581649780273438
faster_rcnn,dbfc2da5-fc7e-431d-b05d-9a0b580c357f.png,0,1,1024,1024,171.0,531.0,337.0,636.0,false_negative,,,miss_proxy_candidate,0.015513790771365166,0.823080730319661,False,176.65306091308594,523.5404052734375,352.5469665527344,636.4596557617188,backbone.body.layer3,16,40,40,True,9456.50231249156,0.151210376267368,True,320,601,0.016622543334960938,0.13458783293240706
faster_rcnn,e0227184-955d-4bfd-8eeb-0bc0b2a21a66.png,0,1,1024,1024,740.0,572.0,891.0,695.0,false_negative,,,miss_proxy_candidate,0.00985985528677702,0.6005765819707226,False,740.38037109375,531.4234619140625,894.8196411132812,672.5765991210938,backbone.body.layer3,16,40,40,True,41004.22181023027,0.0,False,908,0,0.01771259307861328,-0.01771259307861328
faster_rcnn,e6295ee0-bb33-49e3-9376-8b78f5a3fc52.png,0,1,1024,1024,162.0,539.0,361.0,676.0,false_negative,,,miss_proxy_candidate,0.004390866495668888,0.7260264966164808,False,193.2424774169922,535.1963500976562,343.95751953125,680.003662109375,backbone.body.layer3,16,40,40,True,10540.180411892012,0.09143857242402331,False,780,831,0.026000022888183594,0.06543854953583972
faster_rcnn,ebd9a666-b3ff-407c-9d50-9af3a285304f.png,0,1,1024,1024,194.0,504.0,354.0,784.0,true_positive,0.8652240633964539,0.6791971809892765,emitted_true_positive,0.8652240633964539,0.6791971809892765,True,192.1015625,464.667724609375,381.4984436035156,812.9323120117188,backbone.body.layer3,16,40,40,True,26948.576678469304,0.0058830153894668105,False,38,1011,0.042724609375,-0.03684159398553319
faster_rcnn,ebf2bdff-9e1a-4365-9010-738d58b62944.png,0,1,1024,1024,219.0,449.0,367.0,752.0,false_negative,,,miss_proxy_candidate,0.05037733167409897,0.6452922098205983,False,225.109619140625,458.4375915527344,433.6903991699219,751.1624145507812,backbone.body.layer3,16,40,40,True,165208.47119233024,0.00786897359243874,False,524,473,0.042766571044921875,-0.03489759745248314
faster_rcnn,ec8ab6f6-b08d-4768-86a1-07367371a0f4.png,0,1,1024,1024,362.0,106.0,506.0,309.0,false_negative,,,miss_proxy_candidate,0.004573863931000233,0.5226972315881842,False,338.01629638671875,114.8821029663086,466.78369140625,280.5179138183594,backbone.body.layer3,16,40,40,True,139044.07027930202,0.0037611015003418315,False,1011,960,0.0278778076171875,-0.024116706116845667
faster_rcnn,ec8ab6f6-b08d-4768-86a1-07367371a0f4.png,1,1,1024,1024,691.0,197.0,830.0,444.0,true_positive,0.47405287623405457,0.5952553304873169,emitted_true_positive,0.02134847454726696,0.7421077915656532,False,688.614501953125,182.0653076171875,810.5855102539062,424.73468017578125,backbone.body.layer3,16,40,40,True,225137.33561341383,0.005631327137611463,False,1011,396,0.03274250030517578,-0.02711117316756432
faster_rcnn,fe2e6108-895f-4469-8712-7965544dd47c.png,0,1,1024,1024,216.0,351.0,366.0,699.0,true_positive,0.70537930727005,0.5116965843828826,emitted_true_positive,0.70537930727005,0.5116965843828826,True,148.8573455810547,401.4579772949219,369.9426574707031,761.7420043945312,backbone.body.layer3,16,40,40,True,55697.91958769585,0.020943113001622576,False,242,140,0.04978179931640625,-0.028838686314783674
yolo11s,00eeb3c9-a892-4fac-a67a-aaa6cc7ffd5c.png,0,1,1024,1024,670.0,453.0,903.0,789.0,false_negative,,,miss_proxy_candidate,1.7583370208740234e-06,0.6177703810930416,False,633.6000366210938,524.7999877929688,902.4000244140625,755.2000122070312,model.6,16,40,40,True,56086.35410955267,0.11968360634874212,False,447,576,0.0746612548828125,0.045022351465929616
yolo11s,00eeb3c9-a892-4fac-a67a-aaa6cc7ffd5c.png,1,1,1024,1024,300.0,442.0,487.0,740.0,false_negative,,,miss_proxy_candidate,1.2993812561035156e-05,0.5984723128788925,False,320.0,363.20001220703125,480.0,697.6000366210938,model.6,16,40,40,True,99291.41489710298,0.08921824667685564,False,704,550,0.05314445495605469,0.036073791720800955
yolo11s,03a512bc-1162-404e-8c71-dc9e0dc7258f.png,0,1,1024,1024,815.0,604.0,871.0,686.0,false_negative,,,miss_proxy_candidate,2.753734588623047e-05,0.2831044768689022,False,800.0,563.2000122070312,915.2000122070312,704.0,model.6,16,40,40,True,288981.52485594485,0.004799998664258199,False,473,346,0.0043792724609375,0.0004207262033206994
yolo11s,061d0ff4-a611-42ce-b780-1d1eb55e50ab.png,0,1,1024,1024,220.0,209.0,518.0,912.0,false_negative,,,miss_proxy_candidate,5.029141902923584e-07,0.4847798349276478,False,270.3999938964844,358.3999938964844,614.4000244140625,864.0,model.6,16,40,40,True,60671.00802562875,0.17276304853993532,False,960,243,0.19978904724121094,-0.027025998701275616
yolo11s,061d0ff4-a611-42ce-b780-1d1eb55e50ab.png,1,1,1024,1024,600.0,262.0,856.0,983.0,false_negative,,,miss_proxy_candidate,0.197265625,0.7369762968785567,False,601.6000366210938,318.3999938964844,832.0,908.7999877929688,model.6,16,40,40,True,25099.600636524166,0.09436655773528002,False,959,243,0.176025390625,-0.08165883288971998
yolo11s,0851431b-cad7-436f-acb8-06aed97e5339.png,0,1,1024,1024,55.0,95.0,359.0,772.0,true_positive,0.376729279756546,0.554950484759362,emitted_true_positive,0.0021209716796875,0.5851024354216999,False,64.0,86.4000015258789,339.20001220703125,537.6000366210938,model.6,16,40,40,True,67246.37223638399,0.21428619956065592,False,908,141,0.1962738037109375,0.01801239584971842
yolo11s,0851431b-cad7-436f-acb8-06aed97e5339.png,1,1,1024,1024,529.0,460.0,724.0,721.0,false_negative,,,miss_proxy_candidate,1.0132789611816406e-05,0.6504345125151333,False,582.4000244140625,428.8000183105469,723.2000122070312,729.6000366210938,model.6,16,40,40,True,70920.77920553606,0.09613971868789292,False,166,115,0.048537254333496094,0.04760246435439683
yolo11s,087bcaa5-2477-4111-8390-fa5f2dec4852.png,0,1,1024,1024,265.0,254.0,535.0,732.0,true_positive,0.4648304879665375,0.6802212094050724,emitted_true_positive,0.46875,0.7148006291586779,True,307.20001220703125,260.8000183105469,518.4000244140625,697.6000366210938,model.6,16,40,40,True,37148.47598561265,0.2095281535368872,True,320,473,0.12308120727539062,0.08644694626149657
yolo11s,1015e103-bda6-4664-978d-f761cd2982cb.png,0,1,1024,1024,630.0,212.0,873.0,636.0,true_positive,0.49635452032089233,0.6123221092990632,emitted_true_positive,5.817413330078125e-05,0.667286659060719,False,576.0,160.0,870.4000244140625,598.4000244140625,model.6,16,40,40,True,64553.83484855507,0.19252002914790214,False,397,166,0.09825897216796875,0.0942610569799334
yolo11s,131cd368-4db7-4883-9408-47da2b59650a.png,0,1,1024,1024,666.0,549.0,990.0,780.0,false_negative,,,miss_proxy_candidate,0.00180816650390625,0.7552211509493147,False,691.2000122070312,524.7999877929688,972.7999877929688,768.0,model.6,16,40,40,True,171852.02384417458,0.05163534034085963,False,780,960,0.07137680053710938,-0.019741460196249748
yolo11s,1a062886-29be-4120-92f3-5c1c8a951959.png,0,1,1024,1024,193.0,257.0,340.0,626.0,false_negative,,,miss_proxy_candidate,0.00019073486328125,0.529120461254461,False,107.20000457763672,259.20001220703125,363.20001220703125,656.0,model.6,16,40,40,True,118575.17447078375,0.0657158502898601,False,754,345,0.05173015594482422,0.013985694345035882
yolo11s,1a062886-29be-4120-92f3-5c1c8a951959.png,1,1,1024,1024,611.0,300.0,838.0,653.0,false_negative,,,miss_proxy_candidate,6.628036499023438e-05,0.7079766565104308,False,576.0,355.20001220703125,832.0,662.4000244140625,model.6,16,40,40,True,48628.89932744146,0.1607396475767312,False,704,218,0.07641887664794922,0.08432077092878199
yolo11s,228b3dc1-f78a-4ac9-b213-2a416583d063.png,0,1,1024,1024,625.0,401.0,777.0,537.0,false_negative,,,miss_proxy_candidate,0.0003681182861328125,0.6408670821597889,False,652.7999877929688,422.3999938964844,780.7999877929688,531.2000122070312,model.6,16,40,40,True,93700.2814277822,0.019496846167525506,False,320,550,0.01971435546875,-0.0002175093012244944
yolo11s,228b3dc1-f78a-4ac9-b213-2a416583d063.png,1,1,1024,1024,284.0,583.0,430.0,726.0,false_negative,,,miss_proxy_candidate,1.6689300537109375e-05,0.5317878443890464,False,294.3999938964844,611.2000122070312,438.3999938964844,777.6000366210938,model.6,16,40,40,True,56915.46772812999,0.03138603784516422,False,652,268,0.019910812377929688,0.011475225467234534
yolo11s,228b3dc1-f78a-4ac9-b213-2a416583d063.png,2,1,1024,1024,666.0,557.0,800.0,764.0,false_negative,,,miss_proxy_candidate,3.0547380447387695e-07,0.6153521391404982,False,678.4000244140625,537.6000366210938,844.7999877929688,768.0,model.6,16,40,40,True,53240.93090762341,0.004811894298442313,False,550,293,0.026453018188476562,-0.02164112389003425
yolo11s,231de9e8-63d9-4093-9d57-2bdcdee49225.png,0,1,1024,1024,611.0,391.0,759.0,507.0,false_negative,,,miss_proxy_candidate,9.918585419654846e-08,0.43754628454363337,False,620.7999877929688,379.20001220703125,710.4000244140625,480.0,model.6,16,40,40,True,165100.63743474567,0.003998589815275893,False,294,166,0.0163726806640625,-0.012374090848786608
yolo11s,231de9e8-63d9-4093-9d57-2bdcdee49225.png,1,1,1024,1024,292.0,486.0,422.0,736.0,false_negative,,,miss_proxy_candidate,0.00014019012451171875,0.778187353679379,False,275.20001220703125,483.20001220703125,435.20001220703125,726.4000244140625,model.6,16,40,40,True,75872.10973029536,0.0420282655555555,False,781,601,0.030994415283203125,0.011033850272352375
yolo11s,28ba0617-0cac-4198-8b8a-c35fde545ace.png,0,1,1024,1024,238.0,255.0,397.0,562.0,false_negative,,,miss_proxy_candidate,0.1259765625,0.648998583979943,False,214.40000915527344,204.8000030517578,422.3999938964844,566.4000244140625,model.6,16,40,40,True,55602.92328014965,0.10093693406251321,False,627,243,0.04655170440673828,0.05438522965577493
yolo11s,28ba0617-0cac-4198-8b8a-c35fde545ace.png,1,1,1024,1024,587.0,237.0,811.0,498.0,false_negative,,,miss_proxy_candidate,0.00180816650390625,0.6750176870152027,False,595.2000122070312,208.0,774.4000244140625,476.8000183105469,model.6,16,40,40,True,48957.2529712109,0.1699767854710402,False,345,166,0.055755615234375,0.1142211702366652
yolo11s,29128fda-79ce-4a14-bbf9-9884422075d0.png,0,1,1024,1024,799.0,445.0,971.0,664.0,false_negative,,,miss_proxy_candidate,0.0003795623779296875,0.5664707485450449,False,768.0,473.6000061035156,998.4000244140625,627.2000122070312,model.6,16,40,40,True,209917.74057999402,0.035030949949896445,False,780,370,0.035923004150390625,-0.00089205420049418
yolo11s,29128fda-79ce-4a14-bbf9-9884422075d0.png,1,1,1024,1024,343.0,523.0,525.0,738.0,false_negative,,,miss_proxy_candidate,0.01495361328125,0.6579353977589621,False,337.6000061035156,467.20001220703125,531.2000122070312,774.4000244140625,model.6,16,40,40,True,57822.26265831715,0.04025755027425214,False,781,498,0.03731727600097656,0.0029402742732755754
yolo11s,334c4445-63ce-401a-a1a2-1a467901a1ae.png,0,1,1024,1024,281.0,515.0,448.0,648.0,false_negative,,,miss_proxy_candidate,1.4603137969970703e-06,0.5219721404820578,False,288.0,435.20001220703125,441.6000061035156,678.4000244140625,model.6,16,40,40,True,66908.30281050157,0.025866923933140443,False,345,217,0.02118206024169922,0.004684863691441225
yolo11s,334c4445-63ce-401a-a1a2-1a467901a1ae.png,1,1,1024,1024,656.0,552.0,855.0,674.0,false_negative,,,miss_proxy_candidate,1.4435499906539917e-07,0.7029791724156015,False,652.7999877929688,553.6000366210938,806.4000244140625,668.7999877929688,model.6,16,40,40,True,306989.7826448062,0.017600595568684724,False,627,397,0.023153305053710938,-0.005552709485026213
yolo11s,33c66fa9-6a08-4d0d-b309-88ce91a217c9.png,0,1,1024,1024,193.0,468.0,402.0,588.0,false_negative,,,miss_proxy_candidate,0.0004444122314453125,0.7867083785709093,False,172.8000030517578,464.0,425.6000061035156,585.6000366210938,model.6,16,40,40,True,76702.87278149335,0.05770587260961286,False,781,191,0.02391815185546875,0.03378772075414411
yolo11s,33c66fa9-6a08-4d0d-b309-88ce91a217c9.png,1,1,1024,1024,619.0,357.0,795.0,498.0,false_negative,,,miss_proxy_candidate,0.007110595703125,0.6809065064221589,False,582.4000244140625,364.8000183105469,812.7999877929688,486.3999938964844,model.6,16,40,40,True,63221.17246381607,0.04365312003403622,False,831,166,0.0236663818359375,0.019986738198098722
yolo11s,38e001a1-f518-4dc3-bdf7-b568ba90f512.png,0,1,1024,1024,134.0,742.0,346.0,960.0,false_negative,,,miss_proxy_candidate,8.940696716308594e-06,0.7016556790769903,False,147.1999969482422,716.7999877929688,332.8000183105469,934.4000244140625,model.6,16,40,40,True,135101.3564430335,0.02214531680870325,False,730,729,0.04407501220703125,-0.021929695398328
yolo11s,3b081d12-6804-4a33-85cd-712a886e4e01.png,0,1,1024,1024,590.0,211.0,768.0,478.0,false_negative,,,miss_proxy_candidate,0.049560546875,0.6691221765562224,False,601.6000366210938,147.1999969482422,768.0,444.8000183105469,model.6,16,40,40,True,76670.8835686702,0.06224639600123953,False,577,115,0.04532432556152344,0.016922070439716094
yolo11s,3b081d12-6804-4a33-85cd-712a886e4e01.png,1,1,1024,1024,227.0,241.0,445.0,737.0,false_negative,,,miss_proxy_candidate,0.0023193359375,0.5971768377146542,False,243.1999969482422,395.20001220703125,448.0,768.0,model.6,16,40,40,True,44265.76923947727,0.213128599966248,False,115,524,0.103118896484375,0.110009703481873
yolo11s,3d63ab2e-862a-4f11-82d3-b9f561e8ecec.png,0,1,1024,1024,248.0,381.0,434.0,720.0,false_negative,,,miss_proxy_candidate,1.0788440704345703e-05,0.6754271990579762,False,259.20001220703125,363.20001220703125,419.20001220703125,659.2000122070312,model.6,16,40,40,True,39516.16592660953,0.041731961654883035,False,1012,319,0.06013298034667969,-0.018401018691796653
yolo11s,3d63ab2e-862a-4f11-82d3-b9f561e8ecec.png,1,1,1024,1024,549.0,428.0,768.0,751.0,false_negative,,,miss_proxy_candidate,0.0004730224609375,0.5358820881460509,False,569.6000366210938,537.6000366210938,761.6000366210938,780.7999877929688,model.6,16,40,40,True,28654.178391975634,0.030764318690950705,False,1012,268,0.0674600601196289,-0.0366957414286782
yolo11s,3f040848-3b3f-4cc9-b7e1-eb5bea7a3a7c.png,0,1,1024,1024,587.0,481.0,837.0,801.0,false_negative,,,miss_proxy_candidate,0.00262451171875,0.78162493961392,False,556.7999877929688,486.3999938964844,812.7999877929688,806.4000244140625,model.6,16,40,40,True,42661.64328053592,0.10495971343298463,False,575,474,0.0762939453125,0.02866576812048463
yolo11s,4672156e-25e5-4bf4-8891-9e0e4a742c49.png,0,1,1024,1024,619.0,315.0,874.0,655.0,false_negative,,,miss_proxy_candidate,1.2889504432678223e-06,0.5422023960967202,False,652.7999877929688,233.60000610351562,934.4000244140625,630.4000244140625,model.6,16,40,40,True,42242.279395473335,0.16049477077620142,True,831,472,0.08268356323242188,0.07781120754377954
yolo11s,4672156e-25e5-4bf4-8891-9e0e4a742c49.png,1,1,1024,1024,324.0,313.0,516.0,646.0,false_negative,,,miss_proxy_candidate,1.1399388313293457e-06,0.6257343250967055,False,364.8000183105469,353.6000061035156,505.6000061035156,659.2000122070312,model.6,16,40,40,True,135049.0930947871,0.06738148444416758,False,294,550,0.06097412109375,0.006407363350417583
yolo11s,4eb0ed96-3ad3-4608-8a3f-2012fe203df6.png,0,1,1024,1024,250.0,247.0,512.0,636.0,true_positive,0.3271687626838684,0.6258838554872442,emitted_true_positive,0.328125,0.6271150779153265,True,284.8000183105469,179.1999969482422,489.6000061035156,601.6000366210938,model.6,16,40,40,True,57383.68441791253,0.11579000632191618,False,1012,550,0.09719657897949219,0.018593427342423988
yolo11s,55d5fe58-1dd5-454e-8628-92ef7f2993dc.png,0,1,1024,1024,273.0,300.0,429.0,601.0,true_positive,0.5991488099098206,0.5332421746441169,emitted_true_positive,0.0216064453125,0.6737837289745068,False,275.20001220703125,259.20001220703125,419.20001220703125,547.2000122070312,model.6,16,40,40,True,120349.64848666366,0.029923547075725563,False,628,268,0.044780731201171875,-0.014857184125446312
yolo11s,55d5fe58-1dd5-454e-8628-92ef7f2993dc.png,1,1,1024,1024,693.0,385.0,828.0,517.0,false_negative,,,miss_proxy_candidate,7.867813110351562e-06,0.7063075078806209,False,688.0,390.3999938964844,796.7999877929688,518.4000244140625,model.6,16,40,40,True,147173.84643959027,0.013372013125224536,False,781,345,0.016994476318359375,-0.003622463193134839
yolo11s,5ab24a6b-603a-4ace-90ed-6bc9569af1a5.png,0,1,1024,1024,483.0,194.0,729.0,434.0,false_negative,,,miss_proxy_candidate,4.4517219066619873e-07,0.9091965620082925,False,486.3999938964844,192.0,716.7999877929688,428.8000183105469,model.6,16,40,40,True,225429.65548716957,0.054192664305328694,False,217,165,0.056304931640625,-0.0021122673352963056
yolo11s,5cfe7d99-d956-479c-85cf-7f8d65465f5b.png,0,1,1024,1024,609.0,482.0,715.0,578.0,false_negative,,,miss_proxy_candidate,1.7583370208740234e-06,0.5327015880466677,False,608.0,444.8000183105469,736.0,566.4000244140625,model.6,16,40,40,True,180186.10952787526,0.006589956388976586,False,754,575,0.00970458984375,-0.0031146334547734137
yolo11s,60c027e6-b1fc-4064-9e9a-2301d520a19a.png,0,1,1024,1024,375.0,469.0,493.0,695.0,false_negative,,,miss_proxy_candidate,5.0961971282958984e-06,0.6071681738631043,False,355.20001220703125,531.2000122070312,502.3999938964844,697.6000366210938,model.6,16,40,40,True,42668.26050695917,0.03696244572884241,False,294,370,0.025432586669921875,0.011529859058920532
yolo11s,62f42357-5ae3-4eed-a5b2-f189b545e579.png,0,1,1024,1024,709.0,384.0,921.0,560.0,false_negative,,,miss_proxy_candidate,1.3828277587890625e-05,0.5973913033190557,False,736.0,358.3999938964844,915.2000122070312,620.7999877929688,model.6,16,40,40,True,20969.3397148831,0.02352447739601212,False,704,192,0.03558349609375,-0.012059018697737879
yolo11s,62f42357-5ae3-4eed-a5b2-f189b545e579.png,1,1,1024,1024,293.0,384.0,522.0,658.0,true_positive,0.3346288204193115,0.6754538332052096,emitted_true_positive,0.00010251998901367188,0.5875115389576626,False,355.20001220703125,396.8000183105469,515.2000122070312,627.2000122070312,model.6,16,40,40,True,107623.45329954881,0.030909025763953685,False,244,140,0.05983924865722656,-0.028930222893272878
yolo11s,660de8ab-b176-45d3-8a0b-faeab54c07f7.png,0,1,1024,1024,227.0,599.0,410.0,787.0,false_negative,,,miss_proxy_candidate,2.3990869522094727e-06,0.784000931340242,False,243.1999969482422,614.4000244140625,416.0,780.7999877929688,model.6,16,40,40,True,132943.5938044095,0.02845859089132466,False,294,370,0.032810211181640625,-0.004351620290315966
yolo11s,6ed32587-0518-4b4b-95e6-a4b0651b1a6d.png,0,1,1024,1024,454.0,191.0,720.0,862.0,true_positive,0.395193874835968,0.9121412133118723,emitted_true_positive,0.384765625,0.9230739589626586,True,448.0,190.40000915527344,716.7999877929688,832.0,model.6,16,40,40,True,48334.54453246089,0.19166498881373753,False,268,370,0.17021751403808594,0.021447474775651593
yolo11s,6ed32587-0518-4b4b-95e6-a4b0651b1a6d.png,1,1,1024,1024,153.0,207.0,379.0,854.0,true_positive,0.5371800661087036,0.5553814161304857,emitted_true_positive,0.0194091796875,0.6245537872814654,False,80.0,174.40000915527344,352.0,838.4000244140625,model.6,16,40,40,True,59721.28536391913,0.28262255940754005,True,268,370,0.1394481658935547,0.14317439351398537
yolo11s,6f47bae9-705f-41c8-8a28-d5cf88927b0e.png,0,1,1024,1024,231.0,297.0,486.0,692.0,true_positive,0.6475838422775269,0.8301891760425963,emitted_true_positive,0.64453125,0.8228598962211461,True,252.8000030517578,310.3999938964844,480.0,675.2000122070312,model.6,16,40,40,True,56417.95598579098,0.1351277664852591,False,422,729,0.09605884552001953,0.03906892096523956
yolo11s,711b8e6a-0406-4c61-8c13-3e90fd7ecba1.png,0,1,1024,1024,224.0,347.0,428.0,868.0,true_positive,0.25839635729789734,0.5584412054597314,emitted_true_positive,0.00016880035400390625,0.7540753547074673,False,198.40000915527344,294.3999938964844,428.8000183105469,832.0,model.6,16,40,40,True,37199.2392537118,0.16846970245279225,False,960,166,0.10136032104492188,0.06710938140787037
yolo11s,711b8e6a-0406-4c61-8c13-3e90fd7ecba1.png,1,1,1024,1024,557.0,442.0,785.0,911.0,false_negative,,,miss_proxy_candidate,0.248046875,0.7754431022235954,False,566.4000244140625,332.8000183105469,784.0,915.2000122070312,model.6,16,40,40,True,50244.053243564,0.02089877993589845,False,959,191,0.10197830200195312,-0.08107952206605468
yolo11s,72de14b5-3dd0-4971-8fa2-137e4f91bb90.png,0,1,1024,1024,607.0,689.0,818.0,853.0,false_negative,,,miss_proxy_candidate,9.424984455108643e-07,0.7610278676500842,False,614.4000244140625,672.0,819.2000122070312,832.0,model.6,16,40,40,True,140544.08805797045,0.005487694267200326,False,1012,549,0.033000946044921875,-0.02751325177772155
yolo11s,73cb75e6-0cef-4f7a-9c8d-cc9cc4eb0fd7.png,0,1,1024,1024,213.0,360.0,432.0,692.0,true_positive,0.25365474820137024,0.6107034542200708,emitted_true_positive,0.004058837890625,0.6358884652408457,False,201.60000610351562,364.8000183105469,454.3999938964844,806.4000244140625,model.6,16,40,40,True,161831.71837058238,0.1061305809659565,False,652,474,0.06933975219726562,0.03679082876869087
yolo11s,747b1c03-c554-41ea-9d57-7b54894985f3.png,0,1,1024,1024,703.0,338.0,894.0,787.0,false_negative,,,miss_proxy_candidate,0.00180816650390625,0.5483947012532822,False,646.4000244140625,435.20001220703125,928.0,768.0,model.6,16,40,40,True,9003.268857260835,0.0004587382615801202,False,1012,64,0.0817861557006836,-0.08132741743910347
yolo11s,747b1c03-c554-41ea-9d57-7b54894985f3.png,1,1,1024,1024,331.0,406.0,518.0,780.0,false_negative,,,miss_proxy_candidate,2.4318695068359375e-05,0.5815206499877847,False,342.3999938964844,422.3999938964844,617.6000366210938,768.0,model.6,16,40,40,True,41032.671765993095,0.008422742977882647,False,344,64,0.06669807434082031,-0.058275331362937666
yolo11s,776b44fa-43e6-4f7b-87fb-7ae97763085f.png,0,1,1024,1024,313.0,445.0,459.0,724.0,false_negative,,,miss_proxy_candidate,0.00555419921875,0.5580709330612593,False,291.20001220703125,416.0,502.3999938964844,761.6000366210938,model.6,16,40,40,True,37768.771182417346,0.07196775751942583,False,678,397,0.03884696960449219,0.03312078791493364
yolo11s,81d9d146-e9bb-478b-aeed-c2431780030e.png,0,1,1024,1024,618.0,311.0,821.0,515.0,false_negative,,,miss_proxy_candidate,7.486343383789062e-05,0.8568644364786516,False,608.0,313.6000061035156,838.4000244140625,518.4000244140625,model.6,16,40,40,True,69150.03487453211,0.039446286460050384,False,755,960,0.039493560791015625,-4.727433096524125e-05
yolo11s,81d9d146-e9bb-478b-aeed-c2431780030e.png,1,1,1024,1024,327.0,169.0,497.0,563.0,true_positive,0.26263171434402466,0.6859900642167267,emitted_true_positive,0.0002956390380859375,0.7118160780561795,False,337.6000061035156,249.60000610351562,492.8000183105469,556.7999877929688,model.6,16,40,40,True,200112.21368736244,0.0427372298740437,False,755,217,0.06387710571289062,-0.021139875838846925
yolo11s,83f0d9e7-520b-41ee-a7c0-f93713784281.png,0,1,1024,1024,554.0,109.0,889.0,655.0,false_negative,,,miss_proxy_candidate,0.0028076171875,0.7893717650799925,False,569.6000366210938,140.8000030517578,870.4000244140625,620.7999877929688,model.6,16,40,40,True,42586.51863193676,0.2547511685506512,True,704,370,0.1744365692138672,0.08031459933678403
yolo11s,83f0d9e7-520b-41ee-a7c0-f93713784281.png,1,1,1024,1024,152.0,79.0,449.0,677.0,false_negative,,,miss_proxy_candidate,0.0013275146484375,0.6789188674722862,False,211.1999969482422,70.4000015258789,451.20001220703125,595.2000122070312,model.6,16,40,40,True,38129.63713158508,0.29377031318244606,False,704,371,0.16937828063964844,0.12439203254279763
yolo11s,86936d5f-73fb-462e-bcbc-5815879cb3d6.png,0,1,1024,1024,522.0,263.0,647.0,421.0,false_negative,,,miss_proxy_candidate,2.2649765014648438e-06,0.534390506039306,False,531.2000122070312,243.1999969482422,684.7999877929688,390.3999938964844,model.6,16,40,40,True,57511.83602760968,0.0700811719081562,False,114,37,0.018835067749023438,0.05124610415913276
yolo11s,86936d5f-73fb-462e-bcbc-5815879cb3d6.png,1,1,1024,1024,117.0,166.0,359.0,562.0,true_positive,0.5234828591346741,0.7133077122725767,emitted_true_positive,0.5078125,0.70876036767142,True,124.80000305175781,243.1999969482422,339.20001220703125,560.0,model.6,16,40,40,True,127062.75778882921,0.07223849493383226,False,677,474,0.09139251708984375,-0.019154022156011488
yolo11s,8768a800-28e8-4ae4-83ba-2f4326b2d3ac.png,0,1,1024,1024,598.0,242.0,906.0,792.0,false_negative,,,miss_proxy_candidate,0.002044677734375,0.7660053248598032,False,620.7999877929688,284.8000183105469,902.4000244140625,745.6000366210938,model.6,16,40,40,True,90381.29264932657,0.15359953082617625,True,730,448,0.16155242919921875,-0.0079528983730425
yolo11s,8768a800-28e8-4ae4-83ba-2f4326b2d3ac.png,1,1,1024,1024,220.0,205.0,436.0,366.0,false_negative,,,miss_proxy_candidate,1.3709068298339844e-06,0.6902677184756886,False,236.8000030517578,166.40000915527344,454.3999938964844,364.8000183105469,model.6,16,40,40,True,118181.98483069694,0.039501102792434815,False,242,422,0.03316497802734375,0.006336124765091065
yolo11s,87ddbd40-b218-4bfd-9a82-2ea252e08c1e.png,0,1,1024,1024,763.0,409.0,917.0,587.0,false_negative,,,miss_proxy_candidate,4.500150680541992e-06,0.6453224633591724,False,755.2000122070312,432.0,883.2000122070312,585.6000366210938,model.6,16,40,40,True,185983.30982641142,0.027161382137438614,False,370,396,0.026142120361328125,0.0010192617761104888
yolo11s,90b2b94e-efa8-4ff7-98e1-86ea3e33b575.png,0,1,1024,1024,596.0,418.0,889.0,778.0,false_negative,,,miss_proxy_candidate,2.562999725341797e-06,0.4694614806393719,False,601.6000366210938,550.4000244140625,870.4000244140625,870.4000244140625,model.6,16,40,40,True,244953.47475333605,0.1163911009777911,False,730,269,0.10059356689453125,0.015797534083259845
yolo11s,980bedbf-2f34-4596-a7cb-ec66fd1ec4de.png,0,1,1024,1024,560.0,114.0,794.0,480.0,false_negative,,,miss_proxy_candidate,1.4722347259521484e-05,0.5422087351446789,False,601.6000366210938,0.0,832.0,467.20001220703125,model.6,16,40,40,True,58181.67628460491,0.22858866005019432,True,652,165,0.08167648315429688,0.14691217689589744
yolo11s,a6a94200-33a0-410a-9e4b-bb080cfed624.png,0,1,1024,1024,134.0,314.0,398.0,852.0,false_negative,,,miss_proxy_candidate,0.197265625,0.7596476098344183,False,158.40000915527344,217.60000610351562,404.8000183105469,851.2000122070312,model.6,16,40,40,True,105052.65244588561,0.15998507536885953,False,320,191,0.1354522705078125,0.02453280486104703
yolo11s,a6a94200-33a0-410a-9e4b-bb080cfed624.png,1,1,1024,1024,553.0,362.0,721.0,684.0,false_negative,,,miss_proxy_candidate,8.487701416015625e-05,0.8049320784704207,False,540.7999877929688,353.6000061035156,707.2000122070312,697.6000366210938,model.6,16,40,40,True,63925.713748921524,0.10919156410324113,False,320,191,0.0515899658203125,0.05760159828292863
yolo11s,a9c3b3d8-0e8a-4b5f-b05d-d66f5f8fe2ad.png,0,1,1024,1024,539.0,381.0,862.0,634.0,false_negative,,,miss_proxy_candidate,1.6689300537109375e-05,0.6920280655669888,False,582.4000244140625,320.0,851.2000122070312,633.6000366210938,model.6,16,40,40,True,78691.04641068935,0.1613709656944501,False,499,217,0.07793331146240234,0.08343765423204777
yolo11s,a9c3b3d8-0e8a-4b5f-b05d-d66f5f8fe2ad.png,1,1,1024,1024,93.0,475.0,424.0,666.0,false_negative,,,miss_proxy_candidate,3.123283386230469e-05,0.5746467733087137,False,118.4000015258789,454.3999938964844,403.20001220703125,614.4000244140625,model.6,16,40,40,True,98422.03709379998,0.14464007895444797,False,652,472,0.06029224395751953,0.08434783499692844
yolo11s,aa1ab66a-081e-4c5f-a6b8-791a5182466e.png,0,1,1024,1024,128.0,486.0,406.0,796.0,false_negative,,,miss_proxy_candidate,0.01165771484375,0.6551715020947926,False,144.0,460.8000183105469,387.20001220703125,889.6000366210938,model.6,16,40,40,True,181472.51384137405,0.0977390234071084,True,293,703,0.08218765258789062,0.015551370819217772
yolo11s,ac18858f-cb0a-4d54-89a0-25a8c2bc0980.png,0,1,1024,1024,265.0,251.0,499.0,798.0,false_negative,,,miss_proxy_candidate,0.055908203125,0.6984551532230688,False,278.3999938964844,235.1999969482422,502.3999938964844,672.0,model.6,16,40,40,True,52906.106618973026,0.21090663146555075,False,806,474,0.12206840515136719,0.08883822631418356
yolo11s,ac18858f-cb0a-4d54-89a0-25a8c2bc0980.png,1,1,1024,1024,623.0,236.0,819.0,800.0,false_negative,,,miss_proxy_candidate,0.0078125,0.8615253555696415,False,614.4000244140625,249.60000610351562,832.0,812.7999877929688,model.6,16,40,40,True,54256.09609235052,0.21133405033181196,True,806,474,0.1054229736328125,0.10591107669899946
yolo11s,ac81e9b6-5789-4797-ad85-510186cdd4a9.png,0,1,1024,1024,199.0,142.0,455.0,629.0,false_negative,,,miss_proxy_candidate,0.000667572021484375,0.775182959324041,False,200.8000030517578,86.4000015258789,432.0,662.4000244140625,model.6,16,40,40,True,59156.269280728695,0.23320589118784113,True,243,549,0.118896484375,0.11430940681284113
yolo11s,ac81e9b6-5789-4797-ad85-510186cdd4a9.png,1,1,1024,1024,542.0,100.0,834.0,676.0,false_negative,,,miss_proxy_candidate,1.7762184143066406e-05,0.9100733083412126,False,537.6000366210938,83.20000457763672,844.7999877929688,684.7999877929688,model.6,16,40,40,True,33640.82186482361,0.275443796631828,False,243,550,0.160400390625,0.115043406006828
yolo11s,b1e65c1c-79cc-4b8b-920e-c972bc296790.png,0,1,1024,1024,683.0,272.0,933.0,833.0,true_positive,0.6326581239700317,0.8463465185531772,emitted_true_positive,0.62890625,0.8329469344702195,True,678.4000244140625,302.3999938964844,921.6000366210938,800.0,model.6,16,40,40,True,64967.5903560081,0.12573269218826788,False,498,755,0.13375282287597656,-0.008020130687708682
yolo11s,b1e65c1c-79cc-4b8b-920e-c972bc296790.png,1,1,1024,1024,360.0,467.0,528.0,783.0,false_negative,,,miss_proxy_candidate,0.154296875,0.7237073367615219,False,369.6000061035156,454.3999938964844,550.4000244140625,748.7999877929688,model.6,16,40,40,True,15357.843189694318,0.08668787634306542,False,960,141,0.050628662109375,0.03605921423369042
yolo11s,b3e97d1d-0b1b-42c0-9a5a-52222414ff10.png,0,1,1024,1024,239.0,294.0,449.0,827.0,false_negative,,,miss_proxy_candidate,0.000804901123046875,0.6780991046448851,False,224.0,372.8000183105469,435.20001220703125,780.7999877929688,model.6,16,40,40,True,42455.249243906976,0.26484043832277704,True,422,294,0.10674476623535156,0.15809567208742548
yolo11s,b3e97d1d-0b1b-42c0-9a5a-52222414ff10.png,1,1,1024,1024,572.0,314.0,784.0,885.0,false_negative,,,miss_proxy_candidate,0.002471923828125,0.778851851444004,False,563.2000122070312,268.8000183105469,793.6000366210938,832.0,model.6,16,40,40,True,43994.10325314862,0.11111784743232465,False,422,294,0.11544418334960938,-0.004326335917284721
yolo11s,b52a4969-16fc-43c1-9d87-66392415d139.png,0,1,1024,1024,215.0,188.0,428.0,603.0,true_positive,0.2676351070404053,0.7912259479377607,emitted_true_positive,0.25,0.7921343031582165,True,208.0,160.8000030517578,441.6000061035156,569.6000366210938,model.6,16,40,40,True,17621.823862666643,0.06140410929896537,False,934,140,0.08430004119873047,-0.022895931899765097
yolo11s,b52a4969-16fc-43c1-9d87-66392415d139.png,1,1,1024,1024,523.0,186.0,738.0,620.0,true_positive,0.4435264766216278,0.7931193506643591,emitted_true_positive,0.4375,0.8066183854627191,True,524.7999877929688,217.60000610351562,755.2000122070312,595.2000122070312,model.6,16,40,40,True,34052.234601286546,0.15850207964609248,False,959,781,0.08898735046386719,0.06951472918222529
yolo11s,b61e3955-0a8d-4678-9746-b7202fd6d777.png,0,1,1024,1024,612.0,579.0,886.0,801.0,false_negative,,,miss_proxy_candidate,3.5017728805541992e-06,0.7121763318617086,False,614.4000244140625,512.0,896.0,793.6000366210938,model.6,16,40,40,True,63317.9583557633,0.1309311112045796,False,447,525,0.058010101318359375,0.07292100988622022
yolo11s,b61e3955-0a8d-4678-9746-b7202fd6d777.png,1,1,1024,1024,229.0,255.0,456.0,673.0,false_negative,,,miss_proxy_candidate,0.00020313262939453125,0.9098792622201655,False,217.60000610351562,246.40000915527344,460.8000183105469,675.2000122070312,model.6,16,40,40,True,66782.65165170791,0.20130128959450538,True,447,525,0.09049034118652344,0.11081094840798195
yolo11s,b6e7d1aa-74ca-4fc1-b268-415b9e4954ce.png,0,1,1024,1024,551.0,194.0,770.0,486.0,false_negative,,,miss_proxy_candidate,0.00124359130859375,0.6704694121457414,False,582.4000244140625,233.60000610351562,761.6000366210938,505.6000061035156,model.6,16,40,40,True,71150.89447799939,0.08914256827057367,False,780,192,0.060985565185546875,0.02815700308502679
yolo11s,b6e7d1aa-74ca-4fc1-b268-415b9e4954ce.png,1,1,1024,1024,195.0,217.0,412.0,621.0,false_negative,,,miss_proxy_candidate,0.00016880035400390625,0.8914090677499825,False,185.60000610351562,206.40000915527344,419.20001220703125,614.4000244140625,model.6,16,40,40,True,50982.78712041972,0.20067898957153607,False,781,191,0.08360671997070312,0.11707226960083295
yolo11s,b79d126e-d469-4dc1-82e8-b3167e6b52d3.png,0,1,1024,1024,161.0,417.0,391.0,647.0,false_negative,,,miss_proxy_candidate,9.632110595703125e-05,0.7320155511058258,False,180.0,387.20001220703125,416.0,649.6000366210938,model.6,16,40,40,True,282847.154688147,0.02251271588418261,False,63,729,0.050449371337890625,-0.027936655453708013
yolo11s,b79d126e-d469-4dc1-82e8-b3167e6b52d3.png,1,1,1024,1024,618.0,487.0,827.0,657.0,false_negative,,,miss_proxy_candidate,3.123283386230469e-05,0.5684303205388289,False,595.2000122070312,492.8000183105469,774.4000244140625,633.6000366210938,model.6,16,40,40,True,83841.48976920376,0.04177258457423934,False,370,678,0.03388404846191406,0.007888536112325276
yolo11s,b9b46200-1045-4c7a-b790-a9f6cdd031e3.png,0,1,1024,1024,626.0,205.0,811.0,570.0,false_negative,,,miss_proxy_candidate,3.46451997756958e-07,0.5358967381296026,False,614.4000244140625,340.8000183105469,832.0,556.7999877929688,model.6,16,40,40,True,172852.25544730792,0.08354520858367077,False,960,141,0.06439685821533203,0.019148350368338743
yolo11s,b9b46200-1045-4c7a-b790-a9f6cdd031e3.png,1,1,1024,1024,294.0,276.0,498.0,579.0,false_negative,,,miss_proxy_candidate,0.00555419921875,0.6895459030073322,False,272.0,321.6000061035156,496.0,614.4000244140625,model.6,16,40,40,True,94204.03635135658,0.10706829518781709,False,653,269,0.058948516845703125,0.048119778342113964
yolo11s,ba036253-6844-428c-a27b-14e9b6021740.png,0,1,1024,1024,270.0,486.0,438.0,715.0,false_negative,,,miss_proxy_candidate,2.276897430419922e-05,0.6597300922782696,False,243.1999969482422,454.3999938964844,425.6000061035156,697.6000366210938,model.6,16,40,40,True,216193.8037933668,0.022715838279137906,False,346,243,0.03668975830078125,-0.013973920021643344
yolo11s,ba036253-6844-428c-a27b-14e9b6021740.png,1,1,1024,1024,572.0,400.0,728.0,640.0,false_negative,,,miss_proxy_candidate,1.0654330253601074e-06,0.6840684646798091,False,576.0,409.6000061035156,755.2000122070312,601.6000366210938,model.6,16,40,40,True,146822.35184542363,0.031028488441954605,False,345,730,0.03570556640625,-0.004677077964295395
yolo11s,bb7dca62-6180-4e52-81b6-8a9e09a4bfae.png,0,1,1024,1024,253.0,174.0,540.0,635.0,true_positive,0.5535100102424622,0.8161762512408723,emitted_true_positive,0.546875,0.8181340336592114,True,288.0,192.0,537.6000366210938,646.4000244140625,model.6,16,40,40,True,32781.80012885033,0.2622026137074209,True,422,550,0.12617778778076172,0.13602482592665915
yolo11s,bb7dca62-6180-4e52-81b6-8a9e09a4bfae.png,1,1,1024,1024,631.0,143.0,912.0,592.0,false_negative,,,miss_proxy_candidate,0.259765625,0.7210434971748673,True,614.4000244140625,83.20000457763672,921.6000366210938,652.7999877929688,model.6,16,40,40,True,51606.14938369421,0.09254991408634068,False,1012,959,0.12032413482666016,-0.027774220740319475
yolo11s,bce09fde-2765-4fe5-ac6f-1e5966a43882.png,0,1,1024,1024,557.0,304.0,756.0,683.0,false_negative,,,miss_proxy_candidate,0.03515625,0.5983808294668053,False,582.4000244140625,203.1999969482422,774.4000244140625,652.7999877929688,model.6,16,40,40,True,42976.55602335123,0.028781419265857703,False,166,166,0.07192707061767578,-0.04314565135181808
yolo11s,bce09fde-2765-4fe5-ac6f-1e5966a43882.png,1,1,1024,1024,215.0,177.0,435.0,819.0,false_negative,,,miss_proxy_candidate,0.06298828125,0.7434594613721148,False,224.0,204.8000030517578,473.6000061035156,780.7999877929688,model.6,16,40,40,True,66648.92160399444,0.3038794330187616,True,243,805,0.13469696044921875,0.16918247256954283
yolo11s,bff6b953-95d1-4a08-9d79-c3b43fde59ce.png,0,1,1024,1024,346.0,567.0,500.0,779.0,false_negative,,,miss_proxy_candidate,0.119140625,0.7728303418279902,False,352.0,576.0,492.8000183105469,755.2000122070312,model.6,16,40,40,True,48279.05953743437,0.03314597667492162,False,985,115,0.03113555908203125,0.002010417592890369
yolo11s,bff6b953-95d1-4a08-9d79-c3b43fde59ce.png,1,1,1024,1024,743.0,380.0,855.0,601.0,false_negative,,,miss_proxy_candidate,0.006683349609375,0.5223296886198663,False,729.6000366210938,467.20001220703125,870.4000244140625,601.6000366210938,model.6,16,40,40,True,76037.08955025545,0.014376731627600026,False,831,140,0.0236053466796875,-0.009228615052087474
yolo11s,c033f66d-900e-4ba3-8da4-a6823ea89d09.png,0,1,1024,1024,547.0,369.0,724.0,654.0,false_negative,,,miss_proxy_candidate,0.00124359130859375,0.7405241900721392,False,569.6000366210938,340.8000183105469,736.0,659.2000122070312,model.6,16,40,40,True,41282.77663794557,0.005231865290852381,False,960,192,0.04810810089111328,-0.0428762356002609
yolo11s,c033f66d-900e-4ba3-8da4-a6823ea89d09.png,1,1,1024,1024,217.0,348.0,378.0,836.0,true_positive,0.30934178829193115,0.6228591364674997,emitted_true_positive,0.30078125,0.6212677269430081,True,190.40000915527344,249.60000610351562,398.3999938964844,857.6000366210938,model.6,16,40,40,True,40100.2743745843,0.19879431008734438,False,319,344,0.07492828369140625,0.12386602639593813
yolo11s,c2dd9e3d-9cc4-46c8-9109-0c438b2f7f1a.png,0,1,1024,1024,666.0,389.0,916.0,776.0,false_negative,,,miss_proxy_candidate,1.4722347259521484e-05,0.7586174292525854,False,640.0,324.8000183105469,921.6000366210938,774.4000244140625,model.6,16,40,40,True,75555.58902180119,0.16464389301202856,False,217,422,0.09226799011230469,0.07237590289972387
yolo11s,c3a6ca22-c09b-4be0-a59d-e52718fbb645.png,0,1,1024,1024,117.0,270.0,394.0,732.0,false_negative,,,miss_proxy_candidate,0.016357421875,0.6905705382193046,False,163.1999969482422,204.8000030517578,390.3999938964844,704.0,model.6,16,40,40,True,98817.58403295255,0.13843695057442607,False,63,140,0.12204551696777344,0.016391433606652628
yolo11s,c3a6ca22-c09b-4be0-a59d-e52718fbb645.png,1,1,1024,1024,549.0,246.0,848.0,729.0,false_negative,,,miss_proxy_candidate,0.00012302398681640625,0.7618421708523986,False,518.4000244140625,192.0,851.2000122070312,761.6000366210938,model.6,16,40,40,True,91841.48985794802,0.17740058468156225,False,243,294,0.1377267837524414,0.039673800929120845
yolo11s,c5a8e91a-2d40-4355-91af-73abf5f0fdf1.png,0,1,1024,1024,208.0,166.0,490.0,687.0,false_negative,,,miss_proxy_candidate,0.1669921875,0.7226169801195553,False,243.1999969482422,204.8000030517578,473.6000061035156,665.6000366210938,model.6,16,40,40,True,64161.10308731352,0.2249524558288378,False,550,38,0.14011573791503906,0.08483671791379874
yolo11s,c5a8e91a-2d40-4355-91af-73abf5f0fdf1.png,1,1,1024,1024,591.0,170.0,879.0,714.0,true_positive,0.41913217306137085,0.7695864359736171,emitted_true_positive,0.421875,0.7695181867315811,True,595.2000122070312,118.4000015258789,928.0,713.6000366210938,model.6,16,40,40,True,44333.436900084154,0.15224470054985703,False,653,140,0.1494140625,0.0028306380498570316
yolo11s,db798a1e-84b8-43ff-b4d5-990470c2579d.png,0,1,1024,1024,289.0,495.0,409.0,651.0,false_negative,,,miss_proxy_candidate,6.48200511932373e-07,0.3565173176632988,False,259.20001220703125,531.2000122070312,364.8000183105469,633.6000366210938,model.6,16,40,40,True,34790.25216155838,0.019487205089029416,False,909,192,0.017852783203125,0.0016344218859044163
yolo11s,db798a1e-84b8-43ff-b4d5-990470c2579d.png,1,1,1024,1024,654.0,606.0,809.0,752.0,false_negative,,,miss_proxy_candidate,1.55717134475708e-06,0.6212867140349365,False,678.4000244140625,595.2000122070312,780.7999877929688,755.2000122070312,model.6,16,40,40,True,152020.5156669826,0.0086752826562858,False,242,141,0.021581649780273438,-0.012906367123987638
yolo11s,dbfc2da5-fc7e-431d-b05d-9a0b580c357f.png,0,1,1024,1024,171.0,531.0,337.0,636.0,false_negative,,,miss_proxy_candidate,1.4603137969970703e-06,0.6777363100944149,False,153.60000610351562,524.7999877929688,320.0,652.7999877929688,model.6,16,40,40,True,129465.48522666495,0.011513469993868942,False,831,729,0.016622543334960938,-0.005109073341091995
yolo11s,e0227184-955d-4bfd-8eeb-0bc0b2a21a66.png,0,1,1024,1024,740.0,572.0,891.0,695.0,false_negative,,,miss_proxy_candidate,2.2649765014648438e-06,0.7205316970447048,False,748.7999877929688,582.4000244140625,902.4000244140625,710.4000244140625,model.6,16,40,40,True,164180.10067777516,0.022749211919896654,False,754,525,0.01771259307861328,0.0050366188412833725
yolo11s,e6295ee0-bb33-49e3-9376-8b78f5a3fc52.png,0,1,1024,1024,162.0,539.0,361.0,676.0,false_negative,,,miss_proxy_candidate,2.726912498474121e-06,0.49215430134594684,False,160.0,579.2000122070312,342.3999938964844,720.0,model.6,16,40,40,True,128053.86849384675,0.011896543294926752,False,601,346,0.026000022888183594,-0.014103479593256842
yolo11s,ebd9a666-b3ff-407c-9d50-9af3a285304f.png,0,1,1024,1024,194.0,504.0,354.0,784.0,false_negative,,,miss_proxy_candidate,0.0023193359375,0.6639938231596636,False,217.60000610351562,480.0,371.20001220703125,761.6000366210938,model.6,16,40,40,True,97078.18717014024,0.028881052330136252,False,346,422,0.042724609375,-0.013843557044863748
yolo11s,ebf2bdff-9e1a-4365-9010-738d58b62944.png,0,1,1024,1024,219.0,449.0,367.0,752.0,false_negative,,,miss_proxy_candidate,4.4517219066619873e-07,0.5509118324037267,False,211.1999969482422,512.0,377.6000061035156,691.2000122070312,model.6,16,40,40,True,69421.88721329658,0.057033553941593075,False,370,422,0.042766571044921875,0.0142669828966712
yolo11s,ec8ab6f6-b08d-4768-86a1-07367371a0f4.png,0,1,1024,1024,362.0,106.0,506.0,309.0,false_negative,,,miss_proxy_candidate,2.7008354663848877e-07,0.741609924320597,False,371.20001220703125,96.80000305175781,512.0,345.6000061035156,model.6,16,40,40,True,295997.0238103757,0.012195327501627386,False,1012,191,0.0278778076171875,-0.015682480115560116
yolo11s,ec8ab6f6-b08d-4768-86a1-07367371a0f4.png,1,1,1024,1024,691.0,197.0,830.0,444.0,false_negative,,,miss_proxy_candidate,0.007110595703125,0.5731005592930825,False,684.7999877929688,236.8000030517578,812.7999877929688,403.20001220703125,model.6,16,40,40,True,181416.2219159031,0.00787346702150252,False,346,89,0.03274250030517578,-0.02486903328367326
yolo11s,fe2e6108-895f-4469-8712-7965544dd47c.png,0,1,1024,1024,216.0,351.0,366.0,699.0,false_negative,,,miss_proxy_candidate,0.00555419921875,0.5945156293522067,False,171.1999969482422,438.3999938964844,369.6000061035156,694.4000244140625,model.6,16,40,40,True,145439.75500839402,0.0655111526447507,True,319,397,0.04978179931640625,0.01572935332834445
