detector,curve,iou_definition,recall,seed_count,precision,precision_std,average_precision,average_precision_std
faster_rcnn,ap50,IoU=0.50,0.0,3,1.0,1.5700924586837752e-16,0.3084005449593519,0.01229424896233832
faster_rcnn,ap50,IoU=0.50,0.01,3,0.9333333333333332,0.11547005383792514,0.3084005449593519,0.01229424896233832
faster_rcnn,ap50,IoU=0.50,0.02,3,0.8592592592592592,0.05132002392796668,0.3084005449593519,0.01229424896233832
faster_rcnn,ap50,IoU=0.50,0.03,3,0.8023809523809523,0.05361109642475093,0.3084005449593519,0.01229424896233832
faster_rcnn,ap50,IoU=0.50,0.04,3,0.7857142857142857,0.07953949089757174,0.3084005449593519,0.01229424896233832
faster_rcnn,ap50,IoU=0.50,0.05,3,0.744110275689223,0.04475000332930018,0.3084005449593519,0.01229424896233832
faster_rcnn,ap50,IoU=0.50,0.06,3,0.7273291925465838,0.02374101224051728,0.3084005449593519,0.01229424896233832
faster_rcnn,ap50,IoU=0.50,0.07,3,0.7155202821869487,0.023746732801743654,0.3084005449593519,0.01229424896233832
faster_rcnn,ap50,IoU=0.50,0.08,3,0.705952380952381,0.03431794120333232,0.3084005449593519,0.01229424896233832
faster_rcnn,ap50,IoU=0.50,0.09,3,0.705952380952381,0.03431794120333232,0.3084005449593519,0.01229424896233832
faster_rcnn,ap50,IoU=0.50,0.1,3,0.7015765765765766,0.027398905531949107,0.3084005449593519,0.01229424896233832
faster_rcnn,ap50,IoU=0.50,0.11,3,0.6743084182416842,0.02277523736069954,0.3084005449593519,0.01229424896233832
faster_rcnn,ap50,IoU=0.50,0.12,3,0.6608669108669109,0.01592283437819898,0.3084005449593519,0.01229424896233832
faster_rcnn,ap50,IoU=0.50,0.13,3,0.6608669108669109,0.01592283437819898,0.3084005449593519,0.01229424896233832
faster_rcnn,ap50,IoU=0.50,0.14,3,0.6426166698071729,0.011281305200461958,0.3084005449593519,0.01229424896233832
faster_rcnn,ap50,IoU=0.50,0.15,3,0.6200060304537917,0.007535428454157666,0.3084005449593519,0.01229424896233832
faster_rcnn,ap50,IoU=0.50,0.16,3,0.5969457262140189,0.014579457596232954,0.3084005449593519,0.01229424896233832
faster_rcnn,ap50,IoU=0.50,0.17,3,0.5943353531445944,0.01573004576773466,0.3084005449593519,0.01229424896233832
faster_rcnn,ap50,IoU=0.50,0.18,3,0.5858850857416137,0.02082605068969884,0.3084005449593519,0.01229424896233832
faster_rcnn,ap50,IoU=0.50,0.19,3,0.5709739464941423,0.033906814706877904,0.3084005449593519,0.01229424896233832
faster_rcnn,ap50,IoU=0.50,0.2,3,0.5552041605172535,0.025618505816095937,0.3084005449593519,0.01229424896233832
faster_rcnn,ap50,IoU=0.50,0.21,3,0.5344257941560114,0.02628346519084818,0.3084005449593519,0.01229424896233832
faster_rcnn,ap50,IoU=0.50,0.22,3,0.526808485632015,0.02090969487385412,0.3084005449593519,0.01229424896233832
faster_rcnn,ap50,IoU=0.50,0.23,3,0.5078409513192121,0.02018432543156968,0.3084005449593519,0.01229424896233832
faster_rcnn,ap50,IoU=0.50,0.24,3,0.5028658269411027,0.02446817739489056,0.3084005449593519,0.01229424896233832
faster_rcnn,ap50,IoU=0.50,0.25,3,0.5000109736905768,0.02784808902550141,0.3084005449593519,0.01229424896233832
faster_rcnn,ap50,IoU=0.50,0.26,3,0.4850313411811742,0.019411839499912528,0.3084005449593519,0.01229424896233832
faster_rcnn,ap50,IoU=0.50,0.27,3,0.4775098469365986,0.013730473967039813,0.3084005449593519,0.01229424896233832
faster_rcnn,ap50,IoU=0.50,0.28,3,0.4603058038881794,0.02058246839249384,0.3084005449593519,0.01229424896233832
faster_rcnn,ap50,IoU=0.50,0.29,3,0.44220252865414156,0.021309946902265703,0.3084005449593519,0.01229424896233832
faster_rcnn,ap50,IoU=0.50,0.3,3,0.40717926283955186,0.011116740971866435,0.3084005449593519,0.01229424896233832
faster_rcnn,ap50,IoU=0.50,0.31,3,0.38876772586627517,0.03552086781767044,0.3084005449593519,0.01229424896233832
faster_rcnn,ap50,IoU=0.50,0.32,3,0.37849719380880414,0.03259325527949494,0.3084005449593519,0.01229424896233832
faster_rcnn,ap50,IoU=0.50,0.33,3,0.3742185190762212,0.028854127807102073,0.3084005449593519,0.01229424896233832
faster_rcnn,ap50,IoU=0.50,0.34,3,0.3635396098330042,0.03528422826833741,0.3084005449593519,0.01229424896233832
faster_rcnn,ap50,IoU=0.50,0.35000000000000003,3,0.35266934735539746,0.03884987962172747,0.3084005449593519,0.01229424896233832
faster_rcnn,ap50,IoU=0.50,0.36,3,0.3484278178041595,0.03989883211966271,0.3084005449593519,0.01229424896233832
faster_rcnn,ap50,IoU=0.50,0.37,3,0.33979615455885526,0.03279542507935603,0.3084005449593519,0.01229424896233832
faster_rcnn,ap50,IoU=0.50,0.38,3,0.33104443676134476,0.026260678296183018,0.3084005449593519,0.01229424896233832
faster_rcnn,ap50,IoU=0.50,0.39,3,0.32675951659417674,0.028276992533422675,0.3084005449593519,0.01229424896233832
faster_rcnn,ap50,IoU=0.50,0.4,3,0.3228631229335932,0.02634315349087416,0.3084005449593519,0.01229424896233832
faster_rcnn,ap50,IoU=0.50,0.41000000000000003,3,0.31735534350918965,0.020825993144353912,0.3084005449593519,0.01229424896233832
faster_rcnn,ap50,IoU=0.50,0.42,3,0.3070857648385565,0.029229405145473685,0.3084005449593519,0.01229424896233832
faster_rcnn,ap50,IoU=0.50,0.43,3,0.2981066504748855,0.027589690268510086,0.3084005449593519,0.01229424896233832
faster_rcnn,ap50,IoU=0.50,0.44,3,0.28896725941838725,0.03606333065626064,0.3084005449593519,0.01229424896233832
faster_rcnn,ap50,IoU=0.50,0.45,3,0.2835227171833022,0.03598782058491722,0.3084005449593519,0.01229424896233832
faster_rcnn,ap50,IoU=0.50,0.46,3,0.2776471805061467,0.030714194156669577,0.3084005449593519,0.01229424896233832
faster_rcnn,ap50,IoU=0.50,0.47000000000000003,3,0.27168008891850165,0.03278411888859412,0.3084005449593519,0.01229424896233832
faster_rcnn,ap50,IoU=0.50,0.48,3,0.2659991724952168,0.033464513010133055,0.3084005449593519,0.01229424896233832
faster_rcnn,ap50,IoU=0.50,0.49,3,0.2611538458428568,0.030152476418933927,0.3084005449593519,0.01229424896233832
faster_rcnn,ap50,IoU=0.50,0.5,3,0.25522050977647165,0.02607583729294976,0.3084005449593519,0.01229424896233832
faster_rcnn,ap50,IoU=0.50,0.51,3,0.24634513765807461,0.021223158136414292,0.3084005449593519,0.01229424896233832
faster_rcnn,ap50,IoU=0.50,0.52,3,0.24008069220071696,0.016111529166304397,0.3084005449593519,0.01229424896233832
faster_rcnn,ap50,IoU=0.50,0.53,3,0.23609135163149428,0.014771630797315095,0.3084005449593519,0.01229424896233832
faster_rcnn,ap50,IoU=0.50,0.54,3,0.22663130205716428,0.026251341116074522,0.3084005449593519,0.01229424896233832
faster_rcnn,ap50,IoU=0.50,0.55,3,0.22208083875416976,0.02559750087659534,0.3084005449593519,0.01229424896233832
faster_rcnn,ap50,IoU=0.50,0.56,3,0.21915441888356377,0.02500480672773564,0.3084005449593519,0.01229424896233832
faster_rcnn,ap50,IoU=0.50,0.5700000000000001,3,0.2156893170336118,0.0293149456418268,0.3084005449593519,0.01229424896233832
faster_rcnn,ap50,IoU=0.50,0.58,3,0.21187343354935895,0.029619143664731635,0.3084005449593519,0.01229424896233832
faster_rcnn,ap50,IoU=0.50,0.59,3,0.194042923523705,0.028476384737960325,0.3084005449593519,0.01229424896233832
faster_rcnn,ap50,IoU=0.50,0.6,3,0.19175356677984387,0.025930900814186406,0.3084005449593519,0.01229424896233832
faster_rcnn,ap50,IoU=0.50,0.61,3,0.17762764527329403,0.01679084535436865,0.3084005449593519,0.01229424896233832
faster_rcnn,ap50,IoU=0.50,0.62,3,0.162645517943841,0.01568117117435267,0.3084005449593519,0.01229424896233832
faster_rcnn,ap50,IoU=0.50,0.63,3,0.1586105086955174,0.01918559196202001,0.3084005449593519,0.01229424896233832
faster_rcnn,ap50,IoU=0.50,0.64,3,0.15447833156131113,0.01932993905169296,0.3084005449593519,0.01229424896233832
faster_rcnn,ap50,IoU=0.50,0.65,3,0.14038689992428885,0.024399732951882785,0.3084005449593519,0.01229424896233832
faster_rcnn,ap50,IoU=0.50,0.66,3,0.13811402153231758,0.02390396850140827,0.3084005449593519,0.01229424896233832
faster_rcnn,ap50,IoU=0.50,0.67,3,0.13557729087126477,0.024051887180527247,0.3084005449593519,0.01229424896233832
faster_rcnn,ap50,IoU=0.50,0.68,3,0.1284669731353171,0.02198968204254327,0.3084005449593519,0.01229424896233832
faster_rcnn,ap50,IoU=0.50,0.6900000000000001,3,0.12187328689074906,0.015793500901356766,0.3084005449593519,0.01229424896233832
faster_rcnn,ap50,IoU=0.50,0.7000000000000001,3,0.1155861985464927,0.012166715433788633,0.3084005449593519,0.01229424896233832
faster_rcnn,ap50,IoU=0.50,0.71,3,0.11072509121083679,0.010742073083060084,0.3084005449593519,0.01229424896233832
faster_rcnn,ap50,IoU=0.50,0.72,3,0.1065273585291015,0.005191294944420593,0.3084005449593519,0.01229424896233832
faster_rcnn,ap50,IoU=0.50,0.73,3,0.10393718854214144,0.0030095002845805826,0.3084005449593519,0.01229424896233832
faster_rcnn,ap50,IoU=0.50,0.74,3,0.09616433358245384,0.006149619666643131,0.3084005449593519,0.01229424896233832
faster_rcnn,ap50,IoU=0.50,0.75,3,0.09416963384536503,0.0074093852669556174,0.3084005449593519,0.01229424896233832
faster_rcnn,ap50,IoU=0.50,0.76,3,0.08866989187715126,0.008207045164329099,0.3084005449593519,0.01229424896233832
faster_rcnn,ap50,IoU=0.50,0.77,3,0.08221808882216626,0.005881205988126253,0.3084005449593519,0.01229424896233832
faster_rcnn,ap50,IoU=0.50,0.78,3,0.07553392217191336,0.002134578839369023,0.3084005449593519,0.01229424896233832
faster_rcnn,ap50,IoU=0.50,0.79,3,0.07222924377520912,0.001680533834075934,0.3084005449593519,0.01229424896233832
faster_rcnn,ap50,IoU=0.50,0.8,3,0.06854107577125217,0.004452111921520688,0.3084005449593519,0.01229424896233832
faster_rcnn,ap50,IoU=0.50,0.81,3,0.06472107062216619,0.005950813084624642,0.3084005449593519,0.01229424896233832
faster_rcnn,ap50,IoU=0.50,0.8200000000000001,3,0.062336633652773636,0.0060358049991459896,0.3084005449593519,0.01229424896233832
faster_rcnn,ap50,IoU=0.50,0.8300000000000001,3,0.05814839058971601,0.0020815750170851397,0.3084005449593519,0.01229424896233832
faster_rcnn,ap50,IoU=0.50,0.84,3,0.05238197631794526,0.004207312278977974,0.3084005449593519,0.01229424896233832
faster_rcnn,ap50,IoU=0.50,0.85,3,0.048524402178098225,0.006203685214618738,0.3084005449593519,0.01229424896233832
faster_rcnn,ap50,IoU=0.50,0.86,3,0.04466065341163087,0.005251885338349723,0.3084005449593519,0.01229424896233832
faster_rcnn,ap50,IoU=0.50,0.87,3,0.04192270570233977,0.0071443786580962,0.3084005449593519,0.01229424896233832
faster_rcnn,ap50,IoU=0.50,0.88,3,0.04076448963621504,0.007382313650964866,0.3084005449593519,0.01229424896233832
faster_rcnn,ap50,IoU=0.50,0.89,3,0.03697086413184683,0.0067769126067209005,0.3084005449593519,0.01229424896233832
faster_rcnn,ap50,IoU=0.50,0.9,3,0.0324554165457693,0.007344818013828583,0.3084005449593519,0.01229424896233832
faster_rcnn,ap50,IoU=0.50,0.91,3,0.02954067895205638,0.005829426785861271,0.3084005449593519,0.01229424896233832
faster_rcnn,ap50,IoU=0.50,0.92,3,0.01698783054775746,0.015407687568161695,0.3084005449593519,0.01229424896233832
faster_rcnn,ap50,IoU=0.50,0.93,3,0.01421694020109772,0.012590500274169874,0.3084005449593519,0.01229424896233832
faster_rcnn,ap50,IoU=0.50,0.9400000000000001,3,0.01292598565429435,0.011516336021083469,0.3084005449593519,0.01229424896233832
faster_rcnn,ap50,IoU=0.50,0.9500000000000001,3,0.011175695362871397,0.009832450771847754,0.3084005449593519,0.01229424896233832
faster_rcnn,ap50,IoU=0.50,0.96,3,0.004254898080348308,0.007369699656190552,0.3084005449593519,0.01229424896233832
faster_rcnn,ap50,IoU=0.50,0.97,3,0.0,0.0,0.3084005449593519,0.01229424896233832
faster_rcnn,ap50,IoU=0.50,0.98,3,0.0,0.0,0.3084005449593519,0.01229424896233832
faster_rcnn,ap50,IoU=0.50,0.99,3,0.0,0.0,0.3084005449593519,0.01229424896233832
faster_rcnn,ap50,IoU=0.50,1.0,3,0.0,0.0,0.3084005449593519,0.01229424896233832
faster_rcnn,ap50_95,mean IoU=0.50:0.95,0.0,3,0.56272821261327,0.009216978545013986,0.10232138459103056,0.003599812697806189
faster_rcnn,ap50_95,mean IoU=0.50:0.95,0.01,3,0.46067756724510617,0.08759981899863328,0.10232138459103056,0.003599812697806189
faster_rcnn,ap50_95,mean IoU=0.50:0.95,0.02,3,0.41199492609778393,0.05834497485521231,0.10232138459103056,0.003599812697806189
faster_rcnn,ap50_95,mean IoU=0.50:0.95,0.03,3,0.35602398768598587,0.030424410509090755,0.10232138459103056,0.003599812697806189
faster_rcnn,ap50_95,mean IoU=0.50:0.95,0.04,3,0.3428959878237532,0.023744200340919452,0.10232138459103056,0.003599812697806189
faster_rcnn,ap50_95,mean IoU=0.50:0.95,0.05,3,0.3242019638463007,0.014699116762581321,0.10232138459103056,0.003599812697806189
faster_rcnn,ap50_95,mean IoU=0.50:0.95,0.06,3,0.31172128963403695,0.005945827036565045,0.10232138459103056,0.003599812697806189
faster_rcnn,ap50_95,mean IoU=0.50:0.95,0.07,3,0.30349523872313233,0.003200702025219308,0.10232138459103056,0.003599812697806189
faster_rcnn,ap50_95,mean IoU=0.50:0.95,0.08,3,0.2952606663506024,0.003144732384333793,0.10232138459103056,0.003599812697806189
faster_rcnn,ap50_95,mean IoU=0.50:0.95,0.09,3,0.28413876572852126,0.006646413617127257,0.10232138459103056,0.003599812697806189
faster_rcnn,ap50_95,mean IoU=0.50:0.95,0.1,3,0.27426662065400964,0.009580853644090122,0.10232138459103056,0.003599812697806189
faster_rcnn,ap50_95,mean IoU=0.50:0.95,0.11,3,0.2616779099867705,0.013172913824899843,0.10232138459103056,0.003599812697806189
faster_rcnn,ap50_95,mean IoU=0.50:0.95,0.12,3,0.2532686677806317,0.010875625988459902,0.10232138459103056,0.003599812697806189
faster_rcnn,ap50_95,mean IoU=0.50:0.95,0.13,3,0.24505211278128936,0.009634738134750801,0.10232138459103056,0.003599812697806189
faster_rcnn,ap50_95,mean IoU=0.50:0.95,0.14,3,0.2348612703396263,0.00854758827382516,0.10232138459103056,0.003599812697806189
faster_rcnn,ap50_95,mean IoU=0.50:0.95,0.15,3,0.21913896385929274,0.002187886572784389,0.10232138459103056,0.003599812697806189
faster_rcnn,ap50_95,mean IoU=0.50:0.95,0.16,3,0.21098399674779109,0.004716115920914191,0.10232138459103056,0.003599812697806189
faster_rcnn,ap50_95,mean IoU=0.50:0.95,0.17,3,0.2044706972530886,0.004783495020759817,0.10232138459103056,0.003599812697806189
faster_rcnn,ap50_95,mean IoU=0.50:0.95,0.18,3,0.19563368831206004,0.009129944997749048,0.10232138459103056,0.003599812697806189
faster_rcnn,ap50_95,mean IoU=0.50:0.95,0.19,3,0.1889938549006572,0.011079459103594688,0.10232138459103056,0.003599812697806189
faster_rcnn,ap50_95,mean IoU=0.50:0.95,0.2,3,0.1815940760892215,0.0107966492199618,0.10232138459103056,0.003599812697806189
faster_rcnn,ap50_95,mean IoU=0.50:0.95,0.21,3,0.1730552219137834,0.01314120373795187,0.10232138459103056,0.003599812697806189
faster_rcnn,ap50_95,mean IoU=0.50:0.95,0.22,3,0.16823578347168758,0.01248568549656771,0.10232138459103056,0.003599812697806189
faster_rcnn,ap50_95,mean IoU=0.50:0.95,0.23,3,0.16186942909914925,0.014824093489371479,0.10232138459103056,0.003599812697806189
faster_rcnn,ap50_95,mean IoU=0.50:0.95,0.24,3,0.15476818397989908,0.01277130202997774,0.10232138459103056,0.003599812697806189
faster_rcnn,ap50_95,mean IoU=0.50:0.95,0.25,3,0.15029141438477317,0.014362792425509882,0.10232138459103056,0.003599812697806189
faster_rcnn,ap50_95,mean IoU=0.50:0.95,0.26,3,0.1441179415787847,0.01462988336434211,0.10232138459103056,0.003599812697806189
faster_rcnn,ap50_95,mean IoU=0.50:0.95,0.27,3,0.137155172045316,0.013378416679309378,0.10232138459103056,0.003599812697806189
faster_rcnn,ap50_95,mean IoU=0.50:0.95,0.28,3,0.1292992013262895,0.012382508581967395,0.10232138459103056,0.003599812697806189
faster_rcnn,ap50_95,mean IoU=0.50:0.95,0.29,3,0.12450669990318891,0.012120882851614743,0.10232138459103056,0.003599812697806189
faster_rcnn,ap50_95,mean IoU=0.50:0.95,0.3,3,0.11793194299401938,0.011660347491212872,0.10232138459103056,0.003599812697806189
faster_rcnn,ap50_95,mean IoU=0.50:0.95,0.31,3,0.11297642143884111,0.01524107032209936,0.10232138459103056,0.003599812697806189
faster_rcnn,ap50_95,mean IoU=0.50:0.95,0.32,3,0.10859595337253548,0.0163902666687717,0.10232138459103056,0.003599812697806189
faster_rcnn,ap50_95,mean IoU=0.50:0.95,0.33,3,0.10607270739552087,0.015374965499960537,0.10232138459103056,0.003599812697806189
faster_rcnn,ap50_95,mean IoU=0.50:0.95,0.34,3,0.10222441823260375,0.015464342679693314,0.10232138459103056,0.003599812697806189
faster_rcnn,ap50_95,mean IoU=0.50:0.95,0.35000000000000003,3,0.0996837366575563,0.014524710253399685,0.10232138459103056,0.003599812697806189
faster_rcnn,ap50_95,mean IoU=0.50:0.95,0.36,3,0.09629620801862633,0.014609669415856816,0.10232138459103056,0.003599812697806189
faster_rcnn,ap50_95,mean IoU=0.50:0.95,0.37,3,0.0932850438961154,0.013260674147141164,0.10232138459103056,0.003599812697806189
faster_rcnn,ap50_95,mean IoU=0.50:0.95,0.38,3,0.09044452722106472,0.01420773006104965,0.10232138459103056,0.003599812697806189
faster_rcnn,ap50_95,mean IoU=0.50:0.95,0.39,3,0.08756893714078516,0.013035505328834152,0.10232138459103056,0.003599812697806189
faster_rcnn,ap50_95,mean IoU=0.50:0.95,0.4,3,0.08483872135363447,0.011639547144366926,0.10232138459103056,0.003599812697806189
faster_rcnn,ap50_95,mean IoU=0.50:0.95,0.41000000000000003,3,0.08273337700176693,0.011832051346634585,0.10232138459103056,0.003599812697806189
faster_rcnn,ap50_95,mean IoU=0.50:0.95,0.42,3,0.0793079966750736,0.011499595231361195,0.10232138459103056,0.003599812697806189
faster_rcnn,ap50_95,mean IoU=0.50:0.95,0.43,3,0.07655551354464406,0.011519944003295469,0.10232138459103056,0.003599812697806189
faster_rcnn,ap50_95,mean IoU=0.50:0.95,0.44,3,0.07485092089455227,0.012382280366010192,0.10232138459103056,0.003599812697806189
faster_rcnn,ap50_95,mean IoU=0.50:0.95,0.45,3,0.07189521052830039,0.011969338168633341,0.10232138459103056,0.003599812697806189
faster_rcnn,ap50_95,mean IoU=0.50:0.95,0.46,3,0.06882714744500261,0.011812989081369268,0.10232138459103056,0.003599812697806189
faster_rcnn,ap50_95,mean IoU=0.50:0.95,0.47000000000000003,3,0.06687693142327851,0.010989103596368862,0.10232138459103056,0.003599812697806189
faster_rcnn,ap50_95,mean IoU=0.50:0.95,0.48,3,0.064329578195329,0.009846193896244353,0.10232138459103056,0.003599812697806189
faster_rcnn,ap50_95,mean IoU=0.50:0.95,0.49,3,0.06208573331619188,0.008712950534827938,0.10232138459103056,0.003599812697806189
faster_rcnn,ap50_95,mean IoU=0.50:0.95,0.5,3,0.060904432068475796,0.008637079928640367,0.10232138459103056,0.003599812697806189
faster_rcnn,ap50_95,mean IoU=0.50:0.95,0.51,3,0.05885374462955336,0.00787471928146554,0.10232138459103056,0.003599812697806189
faster_rcnn,ap50_95,mean IoU=0.50:0.95,0.52,3,0.056261184589735724,0.007132251341184932,0.10232138459103056,0.003599812697806189
faster_rcnn,ap50_95,mean IoU=0.50:0.95,0.53,3,0.054335780601137994,0.006592661693525667,0.10232138459103056,0.003599812697806189
faster_rcnn,ap50_95,mean IoU=0.50:0.95,0.54,3,0.05235081938611016,0.007069110479302026,0.10232138459103056,0.003599812697806189
faster_rcnn,ap50_95,mean IoU=0.50:0.95,0.55,3,0.050427017069606485,0.006546869673446203,0.10232138459103056,0.003599812697806189
faster_rcnn,ap50_95,mean IoU=0.50:0.95,0.56,3,0.048220249527691626,0.0057977413611118404,0.10232138459103056,0.003599812697806189
faster_rcnn,ap50_95,mean IoU=0.50:0.95,0.5700000000000001,3,0.04726180052928824,0.006226623509267374,0.10232138459103056,0.003599812697806189
faster_rcnn,ap50_95,mean IoU=0.50:0.95,0.58,3,0.045019041033660855,0.0054467458851289495,0.10232138459103056,0.003599812697806189
faster_rcnn,ap50_95,mean IoU=0.50:0.95,0.59,3,0.04169440888386058,0.004852342830391179,0.10232138459103056,0.003599812697806189
faster_rcnn,ap50_95,mean IoU=0.50:0.95,0.6,3,0.040871600034295734,0.004277289622256552,0.10232138459103056,0.003599812697806189
faster_rcnn,ap50_95,mean IoU=0.50:0.95,0.61,3,0.03832949358934926,0.002690352832171588,0.10232138459103056,0.003599812697806189
faster_rcnn,ap50_95,mean IoU=0.50:0.95,0.62,3,0.03575424006063594,0.002607351456110879,0.10232138459103056,0.003599812697806189
faster_rcnn,ap50_95,mean IoU=0.50:0.95,0.63,3,0.03454607143249922,0.0031194766176497924,0.10232138459103056,0.003599812697806189
faster_rcnn,ap50_95,mean IoU=0.50:0.95,0.64,3,0.03199185735293734,0.002365182383477412,0.10232138459103056,0.003599812697806189
faster_rcnn,ap50_95,mean IoU=0.50:0.95,0.65,3,0.029768837993789442,0.0022809694830109523,0.10232138459103056,0.003599812697806189
faster_rcnn,ap50_95,mean IoU=0.50:0.95,0.66,3,0.029003724370687312,0.002195828652891879,0.10232138459103056,0.003599812697806189
faster_rcnn,ap50_95,mean IoU=0.50:0.95,0.67,3,0.027760659761543197,0.0023681780922275766,0.10232138459103056,0.003599812697806189
faster_rcnn,ap50_95,mean IoU=0.50:0.95,0.68,3,0.02594732528891457,0.00284489744076491,0.10232138459103056,0.003599812697806189
faster_rcnn,ap50_95,mean IoU=0.50:0.95,0.6900000000000001,3,0.024556671374690465,0.00238871785533179,0.10232138459103056,0.003599812697806189
faster_rcnn,ap50_95,mean IoU=0.50:0.95,0.7000000000000001,3,0.023194928461618327,0.001589530399325284,0.10232138459103056,0.003599812697806189
faster_rcnn,ap50_95,mean IoU=0.50:0.95,0.71,3,0.021802968838705,0.0011407545543570792,0.10232138459103056,0.003599812697806189
faster_rcnn,ap50_95,mean IoU=0.50:0.95,0.72,3,0.02116602460058004,0.001009822546742075,0.10232138459103056,0.003599812697806189
faster_rcnn,ap50_95,mean IoU=0.50:0.95,0.73,3,0.020430750223115208,0.0008294689821717623,0.10232138459103056,0.003599812697806189
faster_rcnn,ap50_95,mean IoU=0.50:0.95,0.74,3,0.019126073769825617,0.0006540718212518742,0.10232138459103056,0.003599812697806189
faster_rcnn,ap50_95,mean IoU=0.50:0.95,0.75,3,0.018684338050835487,0.0008103633026393728,0.10232138459103056,0.003599812697806189
faster_rcnn,ap50_95,mean IoU=0.50:0.95,0.76,3,0.016433913696552904,0.0009631836528780579,0.10232138459103056,0.003599812697806189
faster_rcnn,ap50_95,mean IoU=0.50:0.95,0.77,3,0.01532342561618931,0.001088424481994015,0.10232138459103056,0.003599812697806189
faster_rcnn,ap50_95,mean IoU=0.50:0.95,0.78,3,0.013955575789410027,0.0008591795840918692,0.10232138459103056,0.003599812697806189
faster_rcnn,ap50_95,mean IoU=0.50:0.95,0.79,3,0.01322727241205956,0.0008850975945645258,0.10232138459103056,0.003599812697806189
faster_rcnn,ap50_95,mean IoU=0.50:0.95,0.8,3,0.012573688268133662,0.0008546792161603133,0.10232138459103056,0.003599812697806189
faster_rcnn,ap50_95,mean IoU=0.50:0.95,0.81,3,0.011949765600999323,0.0010550672165040352,0.10232138459103056,0.003599812697806189
faster_rcnn,ap50_95,mean IoU=0.50:0.95,0.8200000000000001,3,0.011407358458787042,0.0013131176495770505,0.10232138459103056,0.003599812697806189
faster_rcnn,ap50_95,mean IoU=0.50:0.95,0.8300000000000001,3,0.010568555793993725,0.0009695575055654238,0.10232138459103056,0.003599812697806189
faster_rcnn,ap50_95,mean IoU=0.50:0.95,0.84,3,0.009773280758006616,0.0012317396048450535,0.10232138459103056,0.003599812697806189
faster_rcnn,ap50_95,mean IoU=0.50:0.95,0.85,3,0.008164605336872074,0.0010337263787385702,0.10232138459103056,0.003599812697806189
faster_rcnn,ap50_95,mean IoU=0.50:0.95,0.86,3,0.0073726527040826025,0.0011357770844634674,0.10232138459103056,0.003599812697806189
faster_rcnn,ap50_95,mean IoU=0.50:0.95,0.87,3,0.006664532651167363,0.0011555578069188048,0.10232138459103056,0.003599812697806189
faster_rcnn,ap50_95,mean IoU=0.50:0.95,0.88,3,0.005455504270848853,0.0013473996205088296,0.10232138459103056,0.003599812697806189
faster_rcnn,ap50_95,mean IoU=0.50:0.95,0.89,3,0.004966309109286649,0.0013369027514706611,0.10232138459103056,0.003599812697806189
faster_rcnn,ap50_95,mean IoU=0.50:0.95,0.9,3,0.00436534481071275,0.0009891773675750036,0.10232138459103056,0.003599812697806189
faster_rcnn,ap50_95,mean IoU=0.50:0.95,0.91,3,0.0034334580480603672,0.000259107986294219,0.10232138459103056,0.003599812697806189
faster_rcnn,ap50_95,mean IoU=0.50:0.95,0.92,3,0.002153839338052888,0.001878776478027787,0.10232138459103056,0.003599812697806189
faster_rcnn,ap50_95,mean IoU=0.50:0.95,0.93,3,0.0018105206967304014,0.0016002772804358941,0.10232138459103056,0.003599812697806189
faster_rcnn,ap50_95,mean IoU=0.50:0.95,0.9400000000000001,3,0.001292598565429435,0.001151633602108347,0.10232138459103056,0.003599812697806189
faster_rcnn,ap50_95,mean IoU=0.50:0.95,0.9500000000000001,3,0.0011175695362871396,0.0009832450771847753,0.10232138459103056,0.003599812697806189
faster_rcnn,ap50_95,mean IoU=0.50:0.95,0.96,3,0.00042548980803483076,0.0007369699656190553,0.10232138459103056,0.003599812697806189
faster_rcnn,ap50_95,mean IoU=0.50:0.95,0.97,3,0.0,0.0,0.10232138459103056,0.003599812697806189
faster_rcnn,ap50_95,mean IoU=0.50:0.95,0.98,3,0.0,0.0,0.10232138459103056,0.003599812697806189
faster_rcnn,ap50_95,mean IoU=0.50:0.95,0.99,3,0.0,0.0,0.10232138459103056,0.003599812697806189
faster_rcnn,ap50_95,mean IoU=0.50:0.95,1.0,3,0.0,0.0,0.10232138459103056,0.003599812697806189
yolo11s,ap50,IoU=0.50,0.0,3,1.0,1.5700924586837752e-16,0.16426611796035703,0.022604145863215196
yolo11s,ap50,IoU=0.50,0.01,3,0.8431372549019608,0.27169424432452977,0.16426611796035703,0.022604145863215196
yolo11s,ap50,IoU=0.50,0.02,3,0.6673130790777849,0.16992451631131053,0.16426611796035703,0.022604145863215196
yolo11s,ap50,IoU=0.50,0.03,3,0.5445261437908496,0.016728427475035352,0.16426611796035703,0.022604145863215196
yolo11s,ap50,IoU=0.50,0.04,3,0.494281045751634,0.05048860965843259,0.16426611796035703,0.022604145863215196
yolo11s,ap50,IoU=0.50,0.05,3,0.479360165118679,0.04324217813321632,0.16426611796035703,0.022604145863215196
yolo11s,ap50,IoU=0.50,0.06,3,0.46406010570097256,0.05430083675965147,0.16426611796035703,0.022604145863215196
yolo11s,ap50,IoU=0.50,0.07,3,0.46406010570097256,0.05430083675965147,0.16426611796035703,0.022604145863215196
yolo11s,ap50,IoU=0.50,0.08,3,0.45916414486865925,0.0458921344262033,0.16426611796035703,0.022604145863215196
yolo11s,ap50,IoU=0.50,0.09,3,0.44585421361226024,0.023295570630720117,0.16426611796035703,0.022604145863215196
yolo11s,ap50,IoU=0.50,0.1,3,0.43616249281630187,0.008547303054320566,0.16426611796035703,0.022604145863215196
yolo11s,ap50,IoU=0.50,0.11,3,0.4230516431924882,0.013317371256139146,0.16426611796035703,0.022604145863215196
yolo11s,ap50,IoU=0.50,0.12,3,0.4099112325025606,0.0039270072163192764,0.16426611796035703,0.022604145863215196
yolo11s,ap50,IoU=0.50,0.13,3,0.4099112325025606,0.0039270072163192764,0.16426611796035703,0.022604145863215196
yolo11s,ap50,IoU=0.50,0.14,3,0.39864686468646865,0.016275713997371544,0.16426611796035703,0.022604145863215196
yolo11s,ap50,IoU=0.50,0.15,3,0.3840020559432993,0.041563799591417865,0.16426611796035703,0.022604145863215196
yolo11s,ap50,IoU=0.50,0.16,3,0.3810186173421563,0.0394430660548962,0.16426611796035703,0.022604145863215196
yolo11s,ap50,IoU=0.50,0.17,3,0.379113390821687,0.03783707735112791,0.16426611796035703,0.022604145863215196
yolo11s,ap50,IoU=0.50,0.18,3,0.36871672670470845,0.029942869347587206,0.16426611796035703,0.022604145863215196
yolo11s,ap50,IoU=0.50,0.19,3,0.3641030574689275,0.027050930700176348,0.16426611796035703,0.022604145863215196
yolo11s,ap50,IoU=0.50,0.2,3,0.3524571223391939,0.02177328834626856,0.16426611796035703,0.022604145863215196
yolo11s,ap50,IoU=0.50,0.21,3,0.34428085010850856,0.021138829564245797,0.16426611796035703,0.022604145863215196
yolo11s,ap50,IoU=0.50,0.22,3,0.3346943839430951,0.029431415488193474,0.16426611796035703,0.022604145863215196
yolo11s,ap50,IoU=0.50,0.23,3,0.32210270896711574,0.026349514754927073,0.16426611796035703,0.022604145863215196
yolo11s,ap50,IoU=0.50,0.24,3,0.3093707853511775,0.01486268217926757,0.16426611796035703,0.022604145863215196
yolo11s,ap50,IoU=0.50,0.25,3,0.3093707853511775,0.01486268217926757,0.16426611796035703,0.022604145863215196
yolo11s,ap50,IoU=0.50,0.26,3,0.3046143553322803,0.014002161571666881,0.16426611796035703,0.022604145863215196
yolo11s,ap50,IoU=0.50,0.27,3,0.29976510380371185,0.020477055104702577,0.16426611796035703,0.022604145863215196
yolo11s,ap50,IoU=0.50,0.28,3,0.2989881030267111,0.019306941766408695,0.16426611796035703,0.022604145863215196
yolo11s,ap50,IoU=0.50,0.29,3,0.2905682413112642,0.01030475506318121,0.16426611796035703,0.022604145863215196
yolo11s,ap50,IoU=0.50,0.3,3,0.2813750565473084,0.016675126862462062,0.16426611796035703,0.022604145863215196
yolo11s,ap50,IoU=0.50,0.31,3,0.27340155945419103,0.022308625756064692,0.16426611796035703,0.022604145863215196
yolo11s,ap50,IoU=0.50,0.32,3,0.26535648367020986,0.016738330106195767,0.16426611796035703,0.022604145863215196
yolo11s,ap50,IoU=0.50,0.33,3,0.2551378707511373,0.018554822887639065,0.16426611796035703,0.022604145863215196
yolo11s,ap50,IoU=0.50,0.34,3,0.2536105108363759,0.02081628765200001,0.16426611796035703,0.022604145863215196
yolo11s,ap50,IoU=0.50,0.35000000000000003,3,0.2510863291394976,0.017322579954707585,0.16426611796035703,0.022604145863215196
yolo11s,ap50,IoU=0.50,0.36,3,0.2419564537148369,0.008448906220737842,0.16426611796035703,0.022604145863215196
yolo11s,ap50,IoU=0.50,0.37,3,0.15459344115004492,0.13416266194256046,0.16426611796035703,0.022604145863215196
yolo11s,ap50,IoU=0.50,0.38,3,0.15146750524109015,0.13185378720027705,0.16426611796035703,0.022604145863215196
yolo11s,ap50,IoU=0.50,0.39,3,0.14736968251462912,0.12788924364746565,0.16426611796035703,0.022604145863215196
yolo11s,ap50,IoU=0.50,0.4,3,0.14112079976666767,0.12222683431317215,0.16426611796035703,0.022604145863215196
yolo11s,ap50,IoU=0.50,0.41000000000000003,3,0.13968304646910282,0.12096972505351089,0.16426611796035703,0.022604145863215196
yolo11s,ap50,IoU=0.50,0.42,3,0.13658178974634672,0.11828449923456648,0.16426611796035703,0.022604145863215196
yolo11s,ap50,IoU=0.50,0.43,3,0.12968665347235275,0.1123260210239812,0.16426611796035703,0.022604145863215196
yolo11s,ap50,IoU=0.50,0.44,3,0.1265762267212068,0.10961918565035803,0.16426611796035703,0.022604145863215196
yolo11s,ap50,IoU=0.50,0.45,3,0.11509980202316057,0.09981970251633866,0.16426611796035703,0.022604145863215196
yolo11s,ap50,IoU=0.50,0.46,3,0.11257629901189307,0.09772891134034517,0.16426611796035703,0.022604145863215196
yolo11s,ap50,IoU=0.50,0.47000000000000003,3,0.05651980418335559,0.09789517247941586,0.16426611796035703,0.022604145863215196
yolo11s,ap50,IoU=0.50,0.48,3,0.05612244897959184,0.09720693307784514,0.16426611796035703,0.022604145863215196
yolo11s,ap50,IoU=0.50,0.49,3,0.05612244897959184,0.09720693307784514,0.16426611796035703,0.022604145863215196
yolo11s,ap50,IoU=0.50,0.5,3,0.05494054940549405,0.09515982296606378,0.16426611796035703,0.022604145863215196
yolo11s,ap50,IoU=0.50,0.51,3,0.05488782051282051,0.09506849384492637,0.16426611796035703,0.022604145863215196
yolo11s,ap50,IoU=0.50,0.52,3,0.05303030303030303,0.09185117918925864,0.16426611796035703,0.022604145863215196
yolo11s,ap50,IoU=0.50,0.53,3,0.05158730158730159,0.08935182737458494,0.16426611796035703,0.022604145863215196
yolo11s,ap50,IoU=0.50,0.54,3,0.048381715048381714,0.08379958862111686,0.16426611796035703,0.022604145863215196
yolo11s,ap50,IoU=0.50,0.55,3,0.0,0.0,0.16426611796035703,0.022604145863215196
yolo11s,ap50,IoU=0.50,0.56,3,0.0,0.0,0.16426611796035703,0.022604145863215196
yolo11s,ap50,IoU=0.50,0.5700000000000001,3,0.0,0.0,0.16426611796035703,0.022604145863215196
yolo11s,ap50,IoU=0.50,0.58,3,0.0,0.0,0.16426611796035703,0.022604145863215196
yolo11s,ap50,IoU=0.50,0.59,3,0.0,0.0,0.16426611796035703,0.022604145863215196
yolo11s,ap50,IoU=0.50,0.6,3,0.0,0.0,0.16426611796035703,0.022604145863215196
yolo11s,ap50,IoU=0.50,0.61,3,0.0,0.0,0.16426611796035703,0.022604145863215196
yolo11s,ap50,IoU=0.50,0.62,3,0.0,0.0,0.16426611796035703,0.022604145863215196
yolo11s,ap50,IoU=0.50,0.63,3,0.0,0.0,0.16426611796035703,0.022604145863215196
yolo11s,ap50,IoU=0.50,0.64,3,0.0,0.0,0.16426611796035703,0.022604145863215196
yolo11s,ap50,IoU=0.50,0.65,3,0.0,0.0,0.16426611796035703,0.022604145863215196
yolo11s,ap50,IoU=0.50,0.66,3,0.0,0.0,0.16426611796035703,0.022604145863215196
yolo11s,ap50,IoU=0.50,0.67,3,0.0,0.0,0.16426611796035703,0.022604145863215196
yolo11s,ap50,IoU=0.50,0.68,3,0.0,0.0,0.16426611796035703,0.022604145863215196
yolo11s,ap50,IoU=0.50,0.6900000000000001,3,0.0,0.0,0.16426611796035703,0.022604145863215196
yolo11s,ap50,IoU=0.50,0.7000000000000001,3,0.0,0.0,0.16426611796035703,0.022604145863215196
yolo11s,ap50,IoU=0.50,0.71,3,0.0,0.0,0.16426611796035703,0.022604145863215196
yolo11s,ap50,IoU=0.50,0.72,3,0.0,0.0,0.16426611796035703,0.022604145863215196
yolo11s,ap50,IoU=0.50,0.73,3,0.0,0.0,0.16426611796035703,0.022604145863215196
yolo11s,ap50,IoU=0.50,0.74,3,0.0,0.0,0.16426611796035703,0.022604145863215196
yolo11s,ap50,IoU=0.50,0.75,3,0.0,0.0,0.16426611796035703,0.022604145863215196
yolo11s,ap50,IoU=0.50,0.76,3,0.0,0.0,0.16426611796035703,0.022604145863215196
yolo11s,ap50,IoU=0.50,0.77,3,0.0,0.0,0.16426611796035703,0.022604145863215196
yolo11s,ap50,IoU=0.50,0.78,3,0.0,0.0,0.16426611796035703,0.022604145863215196
yolo11s,ap50,IoU=0.50,0.79,3,0.0,0.0,0.16426611796035703,0.022604145863215196
yolo11s,ap50,IoU=0.50,0.8,3,0.0,0.0,0.16426611796035703,0.022604145863215196
yolo11s,ap50,IoU=0.50,0.81,3,0.0,0.0,0.16426611796035703,0.022604145863215196
yolo11s,ap50,IoU=0.50,0.8200000000000001,3,0.0,0.0,0.16426611796035703,0.022604145863215196
yolo11s,ap50,IoU=0.50,0.8300000000000001,3,0.0,0.0,0.16426611796035703,0.022604145863215196
yolo11s,ap50,IoU=0.50,0.84,3,0.0,0.0,0.16426611796035703,0.022604145863215196
yolo11s,ap50,IoU=0.50,0.85,3,0.0,0.0,0.16426611796035703,0.022604145863215196
yolo11s,ap50,IoU=0.50,0.86,3,0.0,0.0,0.16426611796035703,0.022604145863215196
yolo11s,ap50,IoU=0.50,0.87,3,0.0,0.0,0.16426611796035703,0.022604145863215196
yolo11s,ap50,IoU=0.50,0.88,3,0.0,0.0,0.16426611796035703,0.022604145863215196
yolo11s,ap50,IoU=0.50,0.89,3,0.0,0.0,0.16426611796035703,0.022604145863215196
yolo11s,ap50,IoU=0.50,0.9,3,0.0,0.0,0.16426611796035703,0.022604145863215196
yolo11s,ap50,IoU=0.50,0.91,3,0.0,0.0,0.16426611796035703,0.022604145863215196
yolo11s,ap50,IoU=0.50,0.92,3,0.0,0.0,0.16426611796035703,0.022604145863215196
yolo11s,ap50,IoU=0.50,0.93,3,0.0,0.0,0.16426611796035703,0.022604145863215196
yolo11s,ap50,IoU=0.50,0.9400000000000001,3,0.0,0.0,0.16426611796035703,0.022604145863215196
yolo11s,ap50,IoU=0.50,0.9500000000000001,3,0.0,0.0,0.16426611796035703,0.022604145863215196
yolo11s,ap50,IoU=0.50,0.96,3,0.0,0.0,0.16426611796035703,0.022604145863215196
yolo11s,ap50,IoU=0.50,0.97,3,0.0,0.0,0.16426611796035703,0.022604145863215196
yolo11s,ap50,IoU=0.50,0.98,3,0.0,0.0,0.16426611796035703,0.022604145863215196
yolo11s,ap50,IoU=0.50,0.99,3,0.0,0.0,0.16426611796035703,0.022604145863215196
yolo11s,ap50,IoU=0.50,1.0,3,0.0,0.0,0.16426611796035703,0.022604145863215196
yolo11s,ap50_95,mean IoU=0.50:0.95,0.0,3,0.6392423403469913,0.06743299940772836,0.05494713162785276,0.007987496408908676
yolo11s,ap50_95,mean IoU=0.50:0.95,0.01,3,0.43977870745182,0.10323126299280627,0.05494713162785276,0.007987496408908676
yolo11s,ap50_95,mean IoU=0.50:0.95,0.02,3,0.28610062420650656,0.014572960184314955,0.05494713162785276,0.007987496408908676
yolo11s,ap50_95,mean IoU=0.50:0.95,0.03,3,0.2398695393742684,0.009014964039676708,0.05494713162785276,0.007987496408908676
yolo11s,ap50_95,mean IoU=0.50:0.95,0.04,3,0.22502355279037464,0.009513223898205492,0.05494713162785276,0.007987496408908676
yolo11s,ap50_95,mean IoU=0.50:0.95,0.05,3,0.2051316114096362,0.013108469001039683,0.05494713162785276,0.007987496408908676
yolo11s,ap50_95,mean IoU=0.50:0.95,0.06,3,0.19348957700161343,0.01417849408615984,0.05494713162785276,0.007987496408908676
yolo11s,ap50_95,mean IoU=0.50:0.95,0.07,3,0.19009382964572655,0.012627064692585177,0.05494713162785276,0.007987496408908676
yolo11s,ap50_95,mean IoU=0.50:0.95,0.08,3,0.17995041475923235,0.010782429112937862,0.05494713162785276,0.007987496408908676
yolo11s,ap50_95,mean IoU=0.50:0.95,0.09,3,0.17054650227193044,0.010248781775430274,0.05494713162785276,0.007987496408908676
yolo11s,ap50_95,mean IoU=0.50:0.95,0.1,3,0.16641425048548145,0.012535692656484595,0.05494713162785276,0.007987496408908676
yolo11s,ap50_95,mean IoU=0.50:0.95,0.11,3,0.15644275800492832,0.016575958451321326,0.05494713162785276,0.007987496408908676
yolo11s,ap50_95,mean IoU=0.50:0.95,0.12,3,0.14966661631630074,0.017434649004424978,0.05494713162785276,0.007987496408908676
yolo11s,ap50_95,mean IoU=0.50:0.95,0.13,3,0.14486451880012408,0.016631655032956202,0.05494713162785276,0.007987496408908676
yolo11s,ap50_95,mean IoU=0.50:0.95,0.14,3,0.13696625883821967,0.013122908889609281,0.05494713162785276,0.007987496408908676
yolo11s,ap50_95,mean IoU=0.50:0.95,0.15,3,0.1306930371475637,0.01488173069107157,0.05494713162785276,0.007987496408908676
yolo11s,ap50_95,mean IoU=0.50:0.95,0.16,3,0.1245550610155929,0.020100966413509554,0.05494713162785276,0.007987496408908676
yolo11s,ap50_95,mean IoU=0.50:0.95,0.17,3,0.12115960748368095,0.01746608122189538,0.05494713162785276,0.007987496408908676
yolo11s,ap50_95,mean IoU=0.50:0.95,0.18,3,0.11415756687975255,0.013931896995204486,0.05494713162785276,0.007987496408908676
yolo11s,ap50_95,mean IoU=0.50:0.95,0.19,3,0.1093968489324942,0.010858788024631654,0.05494713162785276,0.007987496408908676
yolo11s,ap50_95,mean IoU=0.50:0.95,0.2,3,0.09808452031957123,0.014683225000445976,0.05494713162785276,0.007987496408908676
yolo11s,ap50_95,mean IoU=0.50:0.95,0.21,3,0.09459353349811678,0.012629391511418163,0.05494713162785276,0.007987496408908676
yolo11s,ap50_95,mean IoU=0.50:0.95,0.22,3,0.09115015694219608,0.01073233736128176,0.05494713162785276,0.007987496408908676
yolo11s,ap50_95,mean IoU=0.50:0.95,0.23,3,0.08851399136257831,0.010283100451673518,0.05494713162785276,0.007987496408908676
yolo11s,ap50_95,mean IoU=0.50:0.95,0.24,3,0.07936232252361793,0.01924521976343679,0.05494713162785276,0.007987496408908676
yolo11s,ap50_95,mean IoU=0.50:0.95,0.25,3,0.0782056637067262,0.01824794422266921,0.05494713162785276,0.007987496408908676
yolo11s,ap50_95,mean IoU=0.50:0.95,0.26,3,0.07524892421095843,0.01735700169272674,0.05494713162785276,0.007987496408908676
yolo11s,ap50_95,mean IoU=0.50:0.95,0.27,3,0.07030278358781471,0.013428378485170213,0.05494713162785276,0.007987496408908676
yolo11s,ap50_95,mean IoU=0.50:0.95,0.28,3,0.06814469617948664,0.013055577797203137,0.05494713162785276,0.007987496408908676
yolo11s,ap50_95,mean IoU=0.50:0.95,0.29,3,0.06669780732178307,0.01268732801868062,0.05494713162785276,0.007987496408908676
yolo11s,ap50_95,mean IoU=0.50:0.95,0.3,3,0.06396303666951875,0.011030353784414174,0.05494713162785276,0.007987496408908676
yolo11s,ap50_95,mean IoU=0.50:0.95,0.31,3,0.05483074037022028,0.022401713157649068,0.05494713162785276,0.007987496408908676
yolo11s,ap50_95,mean IoU=0.50:0.95,0.32,3,0.05370422340492668,0.022666689181839395,0.05494713162785276,0.007987496408908676
yolo11s,ap50_95,mean IoU=0.50:0.95,0.33,3,0.048057501002109586,0.017927369530093537,0.05494713162785276,0.007987496408908676
yolo11s,ap50_95,mean IoU=0.50:0.95,0.34,3,0.04290151617529053,0.013951058219380783,0.05494713162785276,0.007987496408908676
yolo11s,ap50_95,mean IoU=0.50:0.95,0.35000000000000003,3,0.042286797639622016,0.014171487078100174,0.05494713162785276,0.007987496408908676
yolo11s,ap50_95,mean IoU=0.50:0.95,0.36,3,0.0408897523763275,0.014908099997098691,0.05494713162785276,0.007987496408908676
yolo11s,ap50_95,mean IoU=0.50:0.95,0.37,3,0.03189610913758117,0.028086774961631922,0.05494713162785276,0.007987496408908676
yolo11s,ap50_95,mean IoU=0.50:0.95,0.38,3,0.03117754095065603,0.02734574387500483,0.05494713162785276,0.007987496408908676
yolo11s,ap50_95,mean IoU=0.50:0.95,0.39,3,0.02978244595981093,0.02615411106156137,0.05494713162785276,0.007987496408908676
yolo11s,ap50_95,mean IoU=0.50:0.95,0.4,3,0.024248926211909133,0.021000386569576333,0.05494713162785276,0.007987496408908676
yolo11s,ap50_95,mean IoU=0.50:0.95,0.41000000000000003,3,0.023701252862541294,0.02052753684289587,0.05494713162785276,0.007987496408908676
yolo11s,ap50_95,mean IoU=0.50:0.95,0.42,3,0.018556315082133585,0.017648061290040283,0.05494713162785276,0.007987496408908676
yolo11s,ap50_95,mean IoU=0.50:0.95,0.43,3,0.01773629355236348,0.016868987231752862,0.05494713162785276,0.007987496408908676
yolo11s,ap50_95,mean IoU=0.50:0.95,0.44,3,0.017425250877248884,0.016679908178263987,0.05494713162785276,0.007987496408908676
yolo11s,ap50_95,mean IoU=0.50:0.95,0.45,3,0.015959287277443703,0.015585535025553402,0.05494713162785276,0.007987496408908676
yolo11s,ap50_95,mean IoU=0.50:0.95,0.46,3,0.015536442875654456,0.01521124951003658,0.05494713162785276,0.007987496408908676
yolo11s,ap50_95,mean IoU=0.50:0.95,0.47000000000000003,3,0.005651980418335559,0.009789517247941587,0.05494713162785276,0.007987496408908676
yolo11s,ap50_95,mean IoU=0.50:0.95,0.48,3,0.005612244897959184,0.009720693307784516,0.05494713162785276,0.007987496408908676
yolo11s,ap50_95,mean IoU=0.50:0.95,0.49,3,0.005612244897959184,0.009720693307784516,0.05494713162785276,0.007987496408908676
yolo11s,ap50_95,mean IoU=0.50:0.95,0.5,3,0.005494054940549405,0.009515982296606378,0.05494713162785276,0.007987496408908676
yolo11s,ap50_95,mean IoU=0.50:0.95,0.51,3,0.005488782051282052,0.009506849384492635,0.05494713162785276,0.007987496408908676
yolo11s,ap50_95,mean IoU=0.50:0.95,0.52,3,0.0053030303030303025,0.009185117918925864,0.05494713162785276,0.007987496408908676
yolo11s,ap50_95,mean IoU=0.50:0.95,0.53,3,0.005158730158730159,0.008935182737458493,0.05494713162785276,0.007987496408908676
yolo11s,ap50_95,mean IoU=0.50:0.95,0.54,3,0.004838171504838172,0.008379958862111686,0.05494713162785276,0.007987496408908676
yolo11s,ap50_95,mean IoU=0.50:0.95,0.55,3,0.0,0.0,0.05494713162785276,0.007987496408908676
yolo11s,ap50_95,mean IoU=0.50:0.95,0.56,3,0.0,0.0,0.05494713162785276,0.007987496408908676
yolo11s,ap50_95,mean IoU=0.50:0.95,0.5700000000000001,3,0.0,0.0,0.05494713162785276,0.007987496408908676
yolo11s,ap50_95,mean IoU=0.50:0.95,0.58,3,0.0,0.0,0.05494713162785276,0.007987496408908676
yolo11s,ap50_95,mean IoU=0.50:0.95,0.59,3,0.0,0.0,0.05494713162785276,0.007987496408908676
yolo11s,ap50_95,mean IoU=0.50:0.95,0.6,3,0.0,0.0,0.05494713162785276,0.007987496408908676
yolo11s,ap50_95,mean IoU=0.50:0.95,0.61,3,0.0,0.0,0.05494713162785276,0.007987496408908676
yolo11s,ap50_95,mean IoU=0.50:0.95,0.62,3,0.0,0.0,0.05494713162785276,0.007987496408908676
yolo11s,ap50_95,mean IoU=0.50:0.95,0.63,3,0.0,0.0,0.05494713162785276,0.007987496408908676
yolo11s,ap50_95,mean IoU=0.50:0.95,0.64,3,0.0,0.0,0.05494713162785276,0.007987496408908676
yolo11s,ap50_95,mean IoU=0.50:0.95,0.65,3,0.0,0.0,0.05494713162785276,0.007987496408908676
yolo11s,ap50_95,mean IoU=0.50:0.95,0.66,3,0.0,0.0,0.05494713162785276,0.007987496408908676
yolo11s,ap50_95,mean IoU=0.50:0.95,0.67,3,0.0,0.0,0.05494713162785276,0.007987496408908676
yolo11s,ap50_95,mean IoU=0.50:0.95,0.68,3,0.0,0.0,0.05494713162785276,0.007987496408908676
yolo11s,ap50_95,mean IoU=0.50:0.95,0.6900000000000001,3,0.0,0.0,0.05494713162785276,0.007987496408908676
yolo11s,ap50_95,mean IoU=0.50:0.95,0.7000000000000001,3,0.0,0.0,0.05494713162785276,0.007987496408908676
yolo11s,ap50_95,mean IoU=0.50:0.95,0.71,3,0.0,0.0,0.05494713162785276,0.007987496408908676
yolo11s,ap50_95,mean IoU=0.50:0.95,0.72,3,0.0,0.0,0.05494713162785276,0.007987496408908676
yolo11s,ap50_95,mean IoU=0.50:0.95,0.73,3,0.0,0.0,0.05494713162785276,0.007987496408908676
yolo11s,ap50_95,mean IoU=0.50:0.95,0.74,3,0.0,0.0,0.05494713162785276,0.007987496408908676
yolo11s,ap50_95,mean IoU=0.50:0.95,0.75,3,0.0,0.0,0.05494713162785276,0.007987496408908676
yolo11s,ap50_95,mean IoU=0.50:0.95,0.76,3,0.0,0.0,0.05494713162785276,0.007987496408908676
yolo11s,ap50_95,mean IoU=0.50:0.95,0.77,3,0.0,0.0,0.05494713162785276,0.007987496408908676
yolo11s,ap50_95,mean IoU=0.50:0.95,0.78,3,0.0,0.0,0.05494713162785276,0.007987496408908676
yolo11s,ap50_95,mean IoU=0.50:0.95,0.79,3,0.0,0.0,0.05494713162785276,0.007987496408908676
yolo11s,ap50_95,mean IoU=0.50:0.95,0.8,3,0.0,0.0,0.05494713162785276,0.007987496408908676
yolo11s,ap50_95,mean IoU=0.50:0.95,0.81,3,0.0,0.0,0.05494713162785276,0.007987496408908676
yolo11s,ap50_95,mean IoU=0.50:0.95,0.8200000000000001,3,0.0,0.0,0.05494713162785276,0.007987496408908676
yolo11s,ap50_95,mean IoU=0.50:0.95,0.8300000000000001,3,0.0,0.0,0.05494713162785276,0.007987496408908676
yolo11s,ap50_95,mean IoU=0.50:0.95,0.84,3,0.0,0.0,0.05494713162785276,0.007987496408908676
yolo11s,ap50_95,mean IoU=0.50:0.95,0.85,3,0.0,0.0,0.05494713162785276,0.007987496408908676
yolo11s,ap50_95,mean IoU=0.50:0.95,0.86,3,0.0,0.0,0.05494713162785276,0.007987496408908676
yolo11s,ap50_95,mean IoU=0.50:0.95,0.87,3,0.0,0.0,0.05494713162785276,0.007987496408908676
yolo11s,ap50_95,mean IoU=0.50:0.95,0.88,3,0.0,0.0,0.05494713162785276,0.007987496408908676
yolo11s,ap50_95,mean IoU=0.50:0.95,0.89,3,0.0,0.0,0.05494713162785276,0.007987496408908676
yolo11s,ap50_95,mean IoU=0.50:0.95,0.9,3,0.0,0.0,0.05494713162785276,0.007987496408908676
yolo11s,ap50_95,mean IoU=0.50:0.95,0.91,3,0.0,0.0,0.05494713162785276,0.007987496408908676
yolo11s,ap50_95,mean IoU=0.50:0.95,0.92,3,0.0,0.0,0.05494713162785276,0.007987496408908676
yolo11s,ap50_95,mean IoU=0.50:0.95,0.93,3,0.0,0.0,0.05494713162785276,0.007987496408908676
yolo11s,ap50_95,mean IoU=0.50:0.95,0.9400000000000001,3,0.0,0.0,0.05494713162785276,0.007987496408908676
yolo11s,ap50_95,mean IoU=0.50:0.95,0.9500000000000001,3,0.0,0.0,0.05494713162785276,0.007987496408908676
yolo11s,ap50_95,mean IoU=0.50:0.95,0.96,3,0.0,0.0,0.05494713162785276,0.007987496408908676
yolo11s,ap50_95,mean IoU=0.50:0.95,0.97,3,0.0,0.0,0.05494713162785276,0.007987496408908676
yolo11s,ap50_95,mean IoU=0.50:0.95,0.98,3,0.0,0.0,0.05494713162785276,0.007987496408908676
yolo11s,ap50_95,mean IoU=0.50:0.95,0.99,3,0.0,0.0,0.05494713162785276,0.007987496408908676
yolo11s,ap50_95,mean IoU=0.50:0.95,1.0,3,0.0,0.0,0.05494713162785276,0.007987496408908676
