detector,seed,curve,iou_definition,recall,precision,average_precision
faster_rcnn,17,ap50,IoU=0.50,0.0,1.0,0.2955726614421415
faster_rcnn,17,ap50,IoU=0.50,0.01,1.0,0.2955726614421415
faster_rcnn,17,ap50,IoU=0.50,0.02,0.8888888888888888,0.2955726614421415
faster_rcnn,17,ap50,IoU=0.50,0.03,0.8,0.2955726614421415
faster_rcnn,17,ap50,IoU=0.50,0.04,0.8,0.2955726614421415
faster_rcnn,17,ap50,IoU=0.50,0.05,0.7894736842105263,0.2955726614421415
faster_rcnn,17,ap50,IoU=0.50,0.06,0.7391304347826086,0.2955726614421415
faster_rcnn,17,ap50,IoU=0.50,0.07,0.7037037037037037,0.2955726614421415
faster_rcnn,17,ap50,IoU=0.50,0.08,0.675,0.2955726614421415
faster_rcnn,17,ap50,IoU=0.50,0.09,0.675,0.2955726614421415
faster_rcnn,17,ap50,IoU=0.50,0.1,0.675,0.2955726614421415
faster_rcnn,17,ap50,IoU=0.50,0.11,0.6730769230769231,0.2955726614421415
faster_rcnn,17,ap50,IoU=0.50,0.12,0.6730769230769231,0.2955726614421415
faster_rcnn,17,ap50,IoU=0.50,0.13,0.6730769230769231,0.2955726614421415
faster_rcnn,17,ap50,IoU=0.50,0.14,0.639344262295082,0.2955726614421415
faster_rcnn,17,ap50,IoU=0.50,0.15,0.6212121212121212,0.2955726614421415
faster_rcnn,17,ap50,IoU=0.50,0.16,0.6,0.2955726614421415
faster_rcnn,17,ap50,IoU=0.50,0.17,0.5949367088607594,0.2955726614421415
faster_rcnn,17,ap50,IoU=0.50,0.18,0.5764705882352941,0.2955726614421415
faster_rcnn,17,ap50,IoU=0.50,0.19,0.5368421052631579,0.2955726614421415
faster_rcnn,17,ap50,IoU=0.50,0.2,0.5294117647058824,0.2955726614421415
faster_rcnn,17,ap50,IoU=0.50,0.21,0.504424778761062,0.2955726614421415
faster_rcnn,17,ap50,IoU=0.50,0.22,0.5042016806722689,0.2955726614421415
faster_rcnn,17,ap50,IoU=0.50,0.23,0.5,0.2955726614421415
faster_rcnn,17,ap50,IoU=0.50,0.24,0.48507462686567165,0.2955726614421415
faster_rcnn,17,ap50,IoU=0.50,0.25,0.47651006711409394,0.2955726614421415
faster_rcnn,17,ap50,IoU=0.50,0.26,0.47651006711409394,0.2955726614421415
faster_rcnn,17,ap50,IoU=0.50,0.27,0.46794871794871795,0.2955726614421415
faster_rcnn,17,ap50,IoU=0.50,0.28,0.4367816091954023,0.2955726614421415
faster_rcnn,17,ap50,IoU=0.50,0.29,0.41935483870967744,0.2955726614421415
faster_rcnn,17,ap50,IoU=0.50,0.3,0.3961352657004831,0.2955726614421415
faster_rcnn,17,ap50,IoU=0.50,0.31,0.34854771784232363,0.2955726614421415
faster_rcnn,17,ap50,IoU=0.50,0.32,0.34099616858237547,0.2955726614421415
faster_rcnn,17,ap50,IoU=0.50,0.33,0.34099616858237547,0.2955726614421415
faster_rcnn,17,ap50,IoU=0.50,0.34,0.3229166666666667,0.2955726614421415
faster_rcnn,17,ap50,IoU=0.50,0.35000000000000003,0.3081967213114754,0.2955726614421415
faster_rcnn,17,ap50,IoU=0.50,0.36,0.3023952095808383,0.2955726614421415
faster_rcnn,17,ap50,IoU=0.50,0.37,0.3023952095808383,0.2955726614421415
faster_rcnn,17,ap50,IoU=0.50,0.38,0.30177514792899407,0.2955726614421415
faster_rcnn,17,ap50,IoU=0.50,0.39,0.29577464788732394,0.2955726614421415
faster_rcnn,17,ap50,IoU=0.50,0.4,0.29333333333333333,0.2955726614421415
faster_rcnn,17,ap50,IoU=0.50,0.41000000000000003,0.29333333333333333,0.2955726614421415
faster_rcnn,17,ap50,IoU=0.50,0.42,0.2736077481840194,0.2955726614421415
faster_rcnn,17,ap50,IoU=0.50,0.43,0.26651480637813213,0.2955726614421415
faster_rcnn,17,ap50,IoU=0.50,0.44,0.24842105263157896,0.2955726614421415
faster_rcnn,17,ap50,IoU=0.50,0.45,0.2421875,0.2955726614421415
faster_rcnn,17,ap50,IoU=0.50,0.46,0.2421875,0.2955726614421415
faster_rcnn,17,ap50,IoU=0.50,0.47000000000000003,0.2340036563071298,0.2955726614421415
faster_rcnn,17,ap50,IoU=0.50,0.48,0.22773972602739725,0.2955726614421415
faster_rcnn,17,ap50,IoU=0.50,0.49,0.22773972602739725,0.2955726614421415
faster_rcnn,17,ap50,IoU=0.50,0.5,0.22651006711409397,0.2955726614421415
faster_rcnn,17,ap50,IoU=0.50,0.51,0.22422258592471359,0.2955726614421415
faster_rcnn,17,ap50,IoU=0.50,0.52,0.22151898734177214,0.2955726614421415
faster_rcnn,17,ap50,IoU=0.50,0.53,0.2196620583717358,0.2955726614421415
faster_rcnn,17,ap50,IoU=0.50,0.54,0.19701086956521738,0.2955726614421415
faster_rcnn,17,ap50,IoU=0.50,0.55,0.1925545571245186,0.2955726614421415
faster_rcnn,17,ap50,IoU=0.50,0.56,0.19065656565656566,0.2955726614421415
faster_rcnn,17,ap50,IoU=0.50,0.5700000000000001,0.18203309692671396,0.2955726614421415
faster_rcnn,17,ap50,IoU=0.50,0.58,0.17869415807560138,0.2955726614421415
faster_rcnn,17,ap50,IoU=0.50,0.59,0.16701680672268907,0.2955726614421415
faster_rcnn,17,ap50,IoU=0.50,0.6,0.16666666666666666,0.2955726614421415
faster_rcnn,17,ap50,IoU=0.50,0.61,0.16350947158524426,0.2955726614421415
faster_rcnn,17,ap50,IoU=0.50,0.62,0.14897413024085637,0.2955726614421415
faster_rcnn,17,ap50,IoU=0.50,0.63,0.14016393442622951,0.2955726614421415
faster_rcnn,17,ap50,IoU=0.50,0.64,0.1374900079936051,0.2955726614421415
faster_rcnn,17,ap50,IoU=0.50,0.65,0.11540983606557377,0.2955726614421415
faster_rcnn,17,ap50,IoU=0.50,0.66,0.11530944625407166,0.2955726614421415
faster_rcnn,17,ap50,IoU=0.50,0.67,0.11499364675984752,0.2955726614421415
faster_rcnn,17,ap50,IoU=0.50,0.68,0.10990990990990991,0.2955726614421415
faster_rcnn,17,ap50,IoU=0.50,0.6900000000000001,0.10768335273573923,0.2955726614421415
faster_rcnn,17,ap50,IoU=0.50,0.7000000000000001,0.10421286031042129,0.2955726614421415
faster_rcnn,17,ap50,IoU=0.50,0.71,0.10056439199589533,0.2955726614421415
faster_rcnn,17,ap50,IoU=0.50,0.72,0.10056439199589533,0.2955726614421415
faster_rcnn,17,ap50,IoU=0.50,0.73,0.10056439199589533,0.2955726614421415
faster_rcnn,17,ap50,IoU=0.50,0.74,0.09024943310657596,0.2955726614421415
faster_rcnn,17,ap50,IoU=0.50,0.75,0.08611825192802057,0.2955726614421415
faster_rcnn,17,ap50,IoU=0.50,0.76,0.079408330089529,0.2955726614421415
faster_rcnn,17,ap50,IoU=0.50,0.77,0.07546481954064893,0.2955726614421415
faster_rcnn,17,ap50,IoU=0.50,0.78,0.07404795486600846,0.2955726614421415
faster_rcnn,17,ap50,IoU=0.50,0.79,0.07057256990679095,0.2955726614421415
faster_rcnn,17,ap50,IoU=0.50,0.8,0.06587009803921569,0.2955726614421415
faster_rcnn,17,ap50,IoU=0.50,0.81,0.06379865378987416,0.2955726614421415
faster_rcnn,17,ap50,IoU=0.50,0.8200000000000001,0.06204173716864072,0.2955726614421415
faster_rcnn,17,ap50,IoU=0.50,0.8300000000000001,0.05860709592641262,0.2955726614421415
faster_rcnn,17,ap50,IoU=0.50,0.84,0.056232893754665336,0.2955726614421415
faster_rcnn,17,ap50,IoU=0.50,0.85,0.051104664137469315,0.2955726614421415
faster_rcnn,17,ap50,IoU=0.50,0.86,0.047443762781186095,0.2955726614421415
faster_rcnn,17,ap50,IoU=0.50,0.87,0.04725517796098934,0.2955726614421415
faster_rcnn,17,ap50,IoU=0.50,0.88,0.04675118858954041,0.2955726614421415
faster_rcnn,17,ap50,IoU=0.50,0.89,0.04324226524335082,0.2955726614421415
faster_rcnn,17,ap50,IoU=0.50,0.9,0.036946564885496185,0.2955726614421415
faster_rcnn,17,ap50,IoU=0.50,0.91,0.03353030094819294,0.2955726614421415
faster_rcnn,17,ap50,IoU=0.50,0.92,0.030059632469271024,0.2955726614421415
faster_rcnn,17,ap50,IoU=0.50,0.93,0.023957834211787255,0.2955726614421415
faster_rcnn,17,ap50,IoU=0.50,0.9400000000000001,0.022093634928984744,0.2955726614421415
faster_rcnn,17,ap50,IoU=0.50,0.9500000000000001,0.01849702596837371,0.2955726614421415
faster_rcnn,17,ap50,IoU=0.50,0.96,0.0,0.2955726614421415
faster_rcnn,17,ap50,IoU=0.50,0.97,0.0,0.2955726614421415
faster_rcnn,17,ap50,IoU=0.50,0.98,0.0,0.2955726614421415
faster_rcnn,17,ap50,IoU=0.50,0.99,0.0,0.2955726614421415
faster_rcnn,17,ap50,IoU=0.50,1.0,0.0,0.2955726614421415
faster_rcnn,17,ap50_95,mean IoU=0.50:0.95,0.0,0.5582010582010583,0.0983562201940088
faster_rcnn,17,ap50_95,mean IoU=0.50:0.95,0.01,0.4561528059499661,0.0983562201940088
faster_rcnn,17,ap50_95,mean IoU=0.50:0.95,0.02,0.41949483255183795,0.0983562201940088
faster_rcnn,17,ap50_95,mean IoU=0.50:0.95,0.03,0.3586264158344638,0.0983562201940088
faster_rcnn,17,ap50_95,mean IoU=0.50:0.95,0.04,0.3544903403516391,0.0983562201940088
faster_rcnn,17,ap50_95,mean IoU=0.50:0.95,0.05,0.33943845293976826,0.0983562201940088
faster_rcnn,17,ap50_95,mean IoU=0.50:0.95,0.06,0.3170397291547108,0.0983562201940088
faster_rcnn,17,ap50_95,mean IoU=0.50:0.95,0.07,0.3025860454887509,0.0983562201940088
faster_rcnn,17,ap50_95,mean IoU=0.50:0.95,0.08,0.29827237589361516,0.0983562201940088
faster_rcnn,17,ap50_95,mean IoU=0.50:0.95,0.09,0.2898741884355206,0.0983562201940088
faster_rcnn,17,ap50_95,mean IoU=0.50:0.95,0.1,0.2773474636330074,0.0983562201940088
faster_rcnn,17,ap50_95,mean IoU=0.50:0.95,0.11,0.2713643269474717,0.0983562201940088
faster_rcnn,17,ap50_95,mean IoU=0.50:0.95,0.12,0.2627643924573586,0.0983562201940088
faster_rcnn,17,ap50_95,mean IoU=0.50:0.95,0.13,0.24889745212746747,0.0983562201940088
faster_rcnn,17,ap50_95,mean IoU=0.50:0.95,0.14,0.23250891741276317,0.0983562201940088
faster_rcnn,17,ap50_95,mean IoU=0.50:0.95,0.15,0.21943764095817797,0.0983562201940088
faster_rcnn,17,ap50_95,mean IoU=0.50:0.95,0.16,0.20819334631557673,0.0983562201940088
faster_rcnn,17,ap50_95,mean IoU=0.50:0.95,0.17,0.20200320457217763,0.0983562201940088
faster_rcnn,17,ap50_95,mean IoU=0.50:0.95,0.18,0.18970876102348963,0.0983562201940088
faster_rcnn,17,ap50_95,mean IoU=0.50:0.95,0.19,0.17967661850854746,0.0983562201940088
faster_rcnn,17,ap50_95,mean IoU=0.50:0.95,0.2,0.17341994602190755,0.0983562201940088
faster_rcnn,17,ap50_95,mean IoU=0.50:0.95,0.21,0.1628034716117349,0.0983562201940088
faster_rcnn,17,ap50_95,mean IoU=0.50:0.95,0.22,0.15837325264924867,0.0983562201940088
faster_rcnn,17,ap50_95,mean IoU=0.50:0.95,0.23,0.15244324304772686,0.0983562201940088
faster_rcnn,17,ap50_95,mean IoU=0.50:0.95,0.24,0.14454358308796256,0.0983562201940088
faster_rcnn,17,ap50_95,mean IoU=0.50:0.95,0.25,0.13819470625420704,0.0983562201940088
faster_rcnn,17,ap50_95,mean IoU=0.50:0.95,0.26,0.13260848318632018,0.0983562201940088
faster_rcnn,17,ap50_95,mean IoU=0.50:0.95,0.27,0.12585577353661387,0.0983562201940088
faster_rcnn,17,ap50_95,mean IoU=0.50:0.95,0.28,0.11726117027593885,0.0983562201940088
faster_rcnn,17,ap50_95,mean IoU=0.50:0.95,0.29,0.11399688491189597,0.0983562201940088
faster_rcnn,17,ap50_95,mean IoU=0.50:0.95,0.3,0.107372125580812,0.0983562201940088
faster_rcnn,17,ap50_95,mean IoU=0.50:0.95,0.31,0.0987787466172248,0.0983562201940088
faster_rcnn,17,ap50_95,mean IoU=0.50:0.95,0.32,0.09245447653757013,0.0983562201940088
faster_rcnn,17,ap50_95,mean IoU=0.50:0.95,0.33,0.09148101500017113,0.0983562201940088
faster_rcnn,17,ap50_95,mean IoU=0.50:0.95,0.34,0.08745162859361494,0.0983562201940088
faster_rcnn,17,ap50_95,mean IoU=0.50:0.95,0.35000000000000003,0.0854153107793861,0.0983562201940088
faster_rcnn,17,ap50_95,mean IoU=0.50:0.95,0.36,0.08204692056581643,0.0983562201940088
faster_rcnn,17,ap50_95,mean IoU=0.50:0.95,0.37,0.08085101006075723,0.0983562201940088
faster_rcnn,17,ap50_95,mean IoU=0.50:0.95,0.38,0.0765135008914504,0.0983562201940088
faster_rcnn,17,ap50_95,mean IoU=0.50:0.95,0.39,0.07420730261494753,0.0983562201940088
faster_rcnn,17,ap50_95,mean IoU=0.50:0.95,0.4,0.07280606273257656,0.0983562201940088
faster_rcnn,17,ap50_95,mean IoU=0.50:0.95,0.41000000000000003,0.07087550038750902,0.0983562201940088
faster_rcnn,17,ap50_95,mean IoU=0.50:0.95,0.42,0.0680820847322134,0.0983562201940088
faster_rcnn,17,ap50_95,mean IoU=0.50:0.95,0.43,0.06578261122890303,0.0983562201940088
faster_rcnn,17,ap50_95,mean IoU=0.50:0.95,0.44,0.06313660490685816,0.0983562201940088
faster_rcnn,17,ap50_95,mean IoU=0.50:0.95,0.45,0.06037654781275471,0.0983562201940088
faster_rcnn,17,ap50_95,mean IoU=0.50:0.95,0.46,0.056763720789841376,0.0983562201940088
faster_rcnn,17,ap50_95,mean IoU=0.50:0.95,0.47000000000000003,0.05555064909058103,0.0983562201940088
faster_rcnn,17,ap50_95,mean IoU=0.50:0.95,0.48,0.0537517765119679,0.0983562201940088
faster_rcnn,17,ap50_95,mean IoU=0.50:0.95,0.49,0.05282042789167503,0.0983562201940088
faster_rcnn,17,ap50_95,mean IoU=0.50:0.95,0.5,0.051593899330386814,0.0983562201940088
faster_rcnn,17,ap50_95,mean IoU=0.50:0.95,0.51,0.050804666414894825,0.0983562201940088
faster_rcnn,17,ap50_95,mean IoU=0.50:0.95,0.52,0.04898593487255644,0.0983562201940088
faster_rcnn,17,ap50_95,mean IoU=0.50:0.95,0.53,0.04823547755451844,0.0983562201940088
faster_rcnn,17,ap50_95,mean IoU=0.50:0.95,0.54,0.04527738471057021,0.0983562201940088
faster_rcnn,17,ap50_95,mean IoU=0.50:0.95,0.55,0.043746913699589794,0.0983562201940088
faster_rcnn,17,ap50_95,mean IoU=0.50:0.95,0.56,0.04189665492570823,0.0983562201940088
faster_rcnn,17,ap50_95,mean IoU=0.50:0.95,0.5700000000000001,0.040521585283792336,0.0983562201940088
faster_rcnn,17,ap50_95,mean IoU=0.50:0.95,0.58,0.03889558126152846,0.0983562201940088
faster_rcnn,17,ap50_95,mean IoU=0.50:0.95,0.59,0.0361055804668526,0.0983562201940088
faster_rcnn,17,ap50_95,mean IoU=0.50:0.95,0.6,0.03594577830504802,0.0983562201940088
faster_rcnn,17,ap50_95,mean IoU=0.50:0.95,0.61,0.035224495531867746,0.0983562201940088
faster_rcnn,17,ap50_95,mean IoU=0.50:0.95,0.62,0.03276486207956773,0.0983562201940088
faster_rcnn,17,ap50_95,mean IoU=0.50:0.95,0.63,0.030948527113349122,0.0983562201940088
faster_rcnn,17,ap50_95,mean IoU=0.50:0.95,0.64,0.030078136703550813,0.0983562201940088
faster_rcnn,17,ap50_95,mean IoU=0.50:0.95,0.65,0.027409930715637777,0.0983562201940088
faster_rcnn,17,ap50_95,mean IoU=0.50:0.95,0.66,0.026980476976352225,0.0983562201940088
faster_rcnn,17,ap50_95,mean IoU=0.50:0.95,0.67,0.02553900947411124,0.0983562201940088
faster_rcnn,17,ap50_95,mean IoU=0.50:0.95,0.68,0.023295315462458006,0.0983562201940088
faster_rcnn,17,ap50_95,mean IoU=0.50:0.95,0.6900000000000001,0.0219864461667706,0.0983562201940088
faster_rcnn,17,ap50_95,mean IoU=0.50:0.95,0.7000000000000001,0.021359636290981303,0.0983562201940088
faster_rcnn,17,ap50_95,mean IoU=0.50:0.95,0.71,0.020499366821184792,0.0983562201940088
faster_rcnn,17,ap50_95,mean IoU=0.50:0.95,0.72,0.020258517034327413,0.0983562201940088
faster_rcnn,17,ap50_95,mean IoU=0.50:0.95,0.73,0.019754581938692457,0.0983562201940088
faster_rcnn,17,ap50_95,mean IoU=0.50:0.95,0.74,0.018376492983735195,0.0983562201940088
faster_rcnn,17,ap50_95,mean IoU=0.50:0.95,0.75,0.017805262826523355,0.0983562201940088
faster_rcnn,17,ap50_95,mean IoU=0.50:0.95,0.76,0.016532091968739653,0.0983562201940088
faster_rcnn,17,ap50_95,mean IoU=0.50:0.95,0.77,0.015584236880421477,0.0983562201940088
faster_rcnn,17,ap50_95,mean IoU=0.50:0.95,0.78,0.014772803535555845,0.0983562201940088
faster_rcnn,17,ap50_95,mean IoU=0.50:0.95,0.79,0.014027698885254245,0.0983562201940088
faster_rcnn,17,ap50_95,mean IoU=0.50:0.95,0.8,0.013234246840529665,0.0983562201940088
faster_rcnn,17,ap50_95,mean IoU=0.50:0.95,0.81,0.012949997775734481,0.0983562201940088
faster_rcnn,17,ap50_95,mean IoU=0.50:0.95,0.8200000000000001,0.012651405728729729,0.0983562201940088
faster_rcnn,17,ap50_95,mean IoU=0.50:0.95,0.8300000000000001,0.011670925855826391,0.0983562201940088
faster_rcnn,17,ap50_95,mean IoU=0.50:0.95,0.84,0.011173344833470215,0.0983562201940088
faster_rcnn,17,ap50_95,mean IoU=0.50:0.95,0.85,0.008591382444281283,0.0983562201940088
faster_rcnn,17,ap50_95,mean IoU=0.50:0.95,0.86,0.00766953773183521,0.0983562201940088
faster_rcnn,17,ap50_95,mean IoU=0.50:0.95,0.87,0.007069972259579548,0.0983562201940088
faster_rcnn,17,ap50_95,mean IoU=0.50:0.95,0.88,0.0069367384085467585,0.0983562201940088
faster_rcnn,17,ap50_95,mean IoU=0.50:0.95,0.89,0.006419614916409429,0.0983562201940088
faster_rcnn,17,ap50_95,mean IoU=0.50:0.95,0.9,0.005492977065201176,0.0983562201940088
faster_rcnn,17,ap50_95,mean IoU=0.50:0.95,0.91,0.003353030094819294,0.0983562201940088
faster_rcnn,17,ap50_95,mean IoU=0.50:0.95,0.92,0.0030059632469271024,0.0983562201940088
faster_rcnn,17,ap50_95,mean IoU=0.50:0.95,0.93,0.0023957834211787254,0.0983562201940088
faster_rcnn,17,ap50_95,mean IoU=0.50:0.95,0.9400000000000001,0.0022093634928984744,0.0983562201940088
faster_rcnn,17,ap50_95,mean IoU=0.50:0.95,0.9500000000000001,0.0018497025968373711,0.0983562201940088
faster_rcnn,17,ap50_95,mean IoU=0.50:0.95,0.96,0.0,0.0983562201940088
faster_rcnn,17,ap50_95,mean IoU=0.50:0.95,0.97,0.0,0.0983562201940088
faster_rcnn,17,ap50_95,mean IoU=0.50:0.95,0.98,0.0,0.0983562201940088
faster_rcnn,17,ap50_95,mean IoU=0.50:0.95,0.99,0.0,0.0983562201940088
faster_rcnn,17,ap50_95,mean IoU=0.50:0.95,1.0,0.0,0.0983562201940088
faster_rcnn,42,ap50,IoU=0.50,0.0,0.9999999999999998,0.30954831060054333
faster_rcnn,42,ap50,IoU=0.50,0.01,0.8,0.30954831060054333
faster_rcnn,42,ap50,IoU=0.50,0.02,0.8,0.30954831060054333
faster_rcnn,42,ap50,IoU=0.50,0.03,0.75,0.30954831060054333
faster_rcnn,42,ap50,IoU=0.50,0.04,0.7,0.30954831060054333
faster_rcnn,42,ap50,IoU=0.50,0.05,0.7,0.30954831060054333
faster_rcnn,42,ap50,IoU=0.50,0.06,0.7,0.30954831060054333
faster_rcnn,42,ap50,IoU=0.50,0.07,0.7,0.30954831060054333
faster_rcnn,42,ap50,IoU=0.50,0.08,0.7,0.30954831060054333
faster_rcnn,42,ap50,IoU=0.50,0.09,0.7,0.30954831060054333
faster_rcnn,42,ap50,IoU=0.50,0.1,0.7,0.30954831060054333
faster_rcnn,42,ap50,IoU=0.50,0.11,0.6976744186046512,0.30954831060054333
faster_rcnn,42,ap50,IoU=0.50,0.12,0.6666666666666666,0.30954831060054333
faster_rcnn,42,ap50,IoU=0.50,0.13,0.6666666666666666,0.30954831060054333
faster_rcnn,42,ap50,IoU=0.50,0.14,0.6551724137931034,0.30954831060054333
faster_rcnn,42,ap50,IoU=0.50,0.15,0.6119402985074627,0.30954831060054333
faster_rcnn,42,ap50,IoU=0.50,0.16,0.581081081081081,0.30954831060054333
faster_rcnn,42,ap50,IoU=0.50,0.17,0.5783132530120482,0.30954831060054333
faster_rcnn,42,ap50,IoU=0.50,0.18,0.5714285714285714,0.30954831060054333
faster_rcnn,42,ap50,IoU=0.50,0.19,0.5714285714285714,0.30954831060054333
faster_rcnn,42,ap50,IoU=0.50,0.2,0.5555555555555556,0.30954831060054333
faster_rcnn,42,ap50,IoU=0.50,0.21,0.5533980582524272,0.30954831060054333
faster_rcnn,42,ap50,IoU=0.50,0.22,0.5307692307692308,0.30954831060054333
faster_rcnn,42,ap50,IoU=0.50,0.23,0.5307692307692308,0.30954831060054333
faster_rcnn,42,ap50,IoU=0.50,0.24,0.5307692307692308,0.30954831060054333
faster_rcnn,42,ap50,IoU=0.50,0.25,0.5307692307692308,0.30954831060054333
faster_rcnn,42,ap50,IoU=0.50,0.26,0.5072463768115942,0.30954831060054333
faster_rcnn,42,ap50,IoU=0.50,0.27,0.49324324324324326,0.30954831060054333
faster_rcnn,42,ap50,IoU=0.50,0.28,0.475,0.30954831060054333
faster_rcnn,42,ap50,IoU=0.50,0.29,0.46153846153846156,0.30954831060054333
faster_rcnn,42,ap50,IoU=0.50,0.3,0.40703517587939697,0.30954831060054333
faster_rcnn,42,ap50,IoU=0.50,0.31,0.4019138755980861,0.30954831060054333
faster_rcnn,42,ap50,IoU=0.50,0.32,0.3944954128440367,0.30954831060054333
faster_rcnn,42,ap50,IoU=0.50,0.33,0.3930131004366812,0.30954831060054333
faster_rcnn,42,ap50,IoU=0.50,0.34,0.3865546218487395,0.30954831060054333
faster_rcnn,42,ap50,IoU=0.50,0.35000000000000003,0.36981132075471695,0.30954831060054333
faster_rcnn,42,ap50,IoU=0.50,0.36,0.36981132075471695,0.30954831060054333
faster_rcnn,42,ap50,IoU=0.50,0.37,0.35335689045936397,0.30954831060054333
faster_rcnn,42,ap50,IoU=0.50,0.38,0.33881578947368424,0.30954831060054333
faster_rcnn,42,ap50,IoU=0.50,0.39,0.3333333333333333,0.30954831060054333
faster_rcnn,42,ap50,IoU=0.50,0.4,0.331306990881459,0.30954831060054333
faster_rcnn,42,ap50,IoU=0.50,0.41000000000000003,0.3303303303303303,0.30954831060054333
faster_rcnn,42,ap50,IoU=0.50,0.42,0.32753623188405795,0.30954831060054333
faster_rcnn,42,ap50,IoU=0.50,0.43,0.31746031746031744,0.30954831060054333
faster_rcnn,42,ap50,IoU=0.50,0.44,0.31746031746031744,0.30954831060054333
faster_rcnn,42,ap50,IoU=0.50,0.45,0.30788804071246817,0.30954831060054333
faster_rcnn,42,ap50,IoU=0.50,0.46,0.294811320754717,0.30954831060054333
faster_rcnn,42,ap50,IoU=0.50,0.47000000000000003,0.2937062937062937,0.30954831060054333
faster_rcnn,42,ap50,IoU=0.50,0.48,0.28982300884955753,0.30954831060054333
faster_rcnn,42,ap50,IoU=0.50,0.49,0.28633405639913234,0.30954831060054333
faster_rcnn,42,ap50,IoU=0.50,0.5,0.2774327122153209,0.30954831060054333
faster_rcnn,42,ap50,IoU=0.50,0.51,0.26653696498054474,0.30954831060054333
faster_rcnn,42,ap50,IoU=0.50,0.52,0.2504472271914132,0.30954831060054333
faster_rcnn,42,ap50,IoU=0.50,0.53,0.24033613445378152,0.30954831060054333
faster_rcnn,42,ap50,IoU=0.50,0.54,0.2358642972536349,0.30954831060054333
faster_rcnn,42,ap50,IoU=0.50,0.55,0.2356687898089172,0.30954831060054333
faster_rcnn,42,ap50,IoU=0.50,0.56,0.22938530734632684,0.30954831060054333
faster_rcnn,42,ap50,IoU=0.50,0.5700000000000001,0.22938530734632684,0.30954831060054333
faster_rcnn,42,ap50,IoU=0.50,0.58,0.22127659574468084,0.30954831060054333
faster_rcnn,42,ap50,IoU=0.50,0.59,0.19133574007220217,0.30954831060054333
faster_rcnn,42,ap50,IoU=0.50,0.6,0.19014084507042253,0.30954831060054333
faster_rcnn,42,ap50,IoU=0.50,0.61,0.17317845828933473,0.30954831060054333
faster_rcnn,42,ap50,IoU=0.50,0.62,0.15919923736892277,0.30954831060054333
faster_rcnn,42,ap50,IoU=0.50,0.63,0.1572093023255814,0.30954831060054333
faster_rcnn,42,ap50,IoU=0.50,0.64,0.15043478260869564,0.30954831060054333
faster_rcnn,42,ap50,IoU=0.50,0.65,0.14158576051779936,0.30954831060054333
faster_rcnn,42,ap50,IoU=0.50,0.66,0.13604919292851653,0.30954831060054333
faster_rcnn,42,ap50,IoU=0.50,0.67,0.12972202423378476,0.30954831060054333
faster_rcnn,42,ap50,IoU=0.50,0.68,0.1227364185110664,0.30954831060054333
faster_rcnn,42,ap50,IoU=0.50,0.6900000000000001,0.11904761904761904,0.30954831060054333
faster_rcnn,42,ap50,IoU=0.50,0.7000000000000001,0.11413043478260869,0.30954831060054333
faster_rcnn,42,ap50,IoU=0.50,0.71,0.10964408725602756,0.30954831060054333
faster_rcnn,42,ap50,IoU=0.50,0.72,0.10897797854319594,0.30954831060054333
faster_rcnn,42,ap50,IoU=0.50,0.73,0.10634834508952794,0.30954831060054333
faster_rcnn,42,ap50,IoU=0.50,0.74,0.09571909571909572,0.30954831060054333
faster_rcnn,42,ap50,IoU=0.50,0.75,0.09568924680246328,0.30954831060054333
faster_rcnn,42,ap50,IoU=0.50,0.76,0.09156193895870736,0.30954831060054333
faster_rcnn,42,ap50,IoU=0.50,0.77,0.08497536945812807,0.30954831060054333
faster_rcnn,42,ap50,IoU=0.50,0.78,0.077979948013368,0.30954831060054333
faster_rcnn,42,ap50,IoU=0.50,0.79,0.07218249914879128,0.30954831060054333
faster_rcnn,42,ap50,IoU=0.50,0.8,0.06607252612169637,0.30954831060054333
faster_rcnn,42,ap50,IoU=0.50,0.81,0.05928532755820249,0.30954831060054333
faster_rcnn,42,ap50,IoU=0.50,0.8200000000000001,0.05645368231973313,0.30954831060054333
faster_rcnn,42,ap50,IoU=0.50,0.8300000000000001,0.05587572037083438,0.30954831060054333
faster_rcnn,42,ap50,IoU=0.50,0.84,0.053021532762213476,0.30954831060054333
faster_rcnn,42,ap50,IoU=0.50,0.85,0.053021532762213476,0.30954831060054333
faster_rcnn,42,ap50,IoU=0.50,0.86,0.04793525627723594,0.30954831060054333
faster_rcnn,42,ap50,IoU=0.50,0.87,0.044707680550248374,0.30954831060054333
faster_rcnn,42,ap50,IoU=0.50,0.88,0.04302643573381951,0.30954831060054333
faster_rcnn,42,ap50,IoU=0.50,0.89,0.03788839568801522,0.30954831060054333
faster_rcnn,42,ap50,IoU=0.50,0.9,0.036440295136274656,0.30954831060054333
faster_rcnn,42,ap50,IoU=0.50,0.91,0.03224101479915433,0.30954831060054333
faster_rcnn,42,ap50,IoU=0.50,0.92,0.0,0.30954831060054333
faster_rcnn,42,ap50,IoU=0.50,0.93,0.0,0.30954831060054333
faster_rcnn,42,ap50,IoU=0.50,0.9400000000000001,0.0,0.30954831060054333
faster_rcnn,42,ap50,IoU=0.50,0.9500000000000001,0.0,0.30954831060054333
faster_rcnn,42,ap50,IoU=0.50,0.96,0.0,0.30954831060054333
faster_rcnn,42,ap50,IoU=0.50,0.97,0.0,0.30954831060054333
faster_rcnn,42,ap50,IoU=0.50,0.98,0.0,0.30954831060054333
faster_rcnn,42,ap50,IoU=0.50,0.99,0.0,0.30954831060054333
faster_rcnn,42,ap50,IoU=0.50,1.0,0.0,0.30954831060054333
faster_rcnn,42,ap50_95,mean IoU=0.50:0.95,0.0,0.5733333333333331,0.10538413110006555
faster_rcnn,42,ap50_95,mean IoU=0.50:0.95,0.01,0.3754278162193487,0.10538413110006555
faster_rcnn,42,ap50_95,mean IoU=0.50:0.95,0.02,0.3502626510541835,0.10538413110006555
faster_rcnn,42,ap50_95,mean IoU=0.50:0.95,0.03,0.3243819548913386,0.10538413110006555
faster_rcnn,42,ap50_95,mean IoU=0.50:0.95,0.04,0.3155821832941165,0.10538413110006555
faster_rcnn,42,ap50_95,mean IoU=0.50:0.95,0.05,0.31010675367680174,0.10538413110006555
faster_rcnn,42,ap50_95,mean IoU=0.50:0.95,0.06,0.3053019488719969,0.10538413110006555
faster_rcnn,42,ap50_95,mean IoU=0.50:0.95,0.07,0.30084749441754244,0.10538413110006555
faster_rcnn,42,ap50_95,mean IoU=0.50:0.95,0.08,0.2919979547293578,0.10538413110006555
faster_rcnn,42,ap50_95,mean IoU=0.50:0.95,0.09,0.28568733207790237,0.10538413110006555
faster_rcnn,42,ap50_95,mean IoU=0.50:0.95,0.1,0.2819280501442618,0.10538413110006555
faster_rcnn,42,ap50_95,mean IoU=0.50:0.95,0.11,0.2669912586733843,0.10538413110006555
faster_rcnn,42,ap50_95,mean IoU=0.50:0.95,0.12,0.25563787297663326,0.10538413110006555
faster_rcnn,42,ap50_95,mean IoU=0.50:0.95,0.13,0.2521703613640951,0.10538413110006555
faster_rcnn,42,ap50_95,mean IoU=0.50:0.95,0.14,0.2443387173130125,0.10538413110006555
faster_rcnn,42,ap50_95,mean IoU=0.50:0.95,0.15,0.22116216797878008,0.10538413110006555
faster_rcnn,42,ap50_95,mean IoU=0.50:0.95,0.16,0.216429130848696,0.10538413110006555
faster_rcnn,42,ap50_95,mean IoU=0.50:0.95,0.17,0.2099840971444606,0.10538413110006555
faster_rcnn,42,ap50_95,mean IoU=0.50:0.95,0.18,0.2061477956933596,0.10538413110006555
faster_rcnn,42,ap50_95,mean IoU=0.50:0.95,0.19,0.20124498543047792,0.10538413110006555
faster_rcnn,42,ap50_95,mean IoU=0.50:0.95,0.2,0.1938331551446327,0.10538413110006555
faster_rcnn,42,ap50_95,mean IoU=0.50:0.95,0.21,0.18786961849434974,0.10538413110006555
faster_rcnn,42,ap50_95,mean IoU=0.50:0.95,0.22,0.1822742002844998,0.10538413110006555
faster_rcnn,42,ap50_95,mean IoU=0.50:0.95,0.23,0.1789564467316537,0.10538413110006555
faster_rcnn,42,ap50_95,mean IoU=0.50:0.95,0.24,0.169083707121824,0.10538413110006555
faster_rcnn,42,ap50_95,mean IoU=0.50:0.95,0.25,0.16616534963191035,0.10538413110006555
faster_rcnn,42,ap50_95,mean IoU=0.50:0.95,0.26,0.1605816745983588,0.10538413110006555
faster_rcnn,42,ap50_95,mean IoU=0.50:0.95,0.27,0.15192763008478127,0.10538413110006555
faster_rcnn,42,ap50_95,mean IoU=0.50:0.95,0.28,0.1419995995755416,0.10538413110006555
faster_rcnn,42,ap50_95,mean IoU=0.50:0.95,0.29,0.13776620874675796,0.10538413110006555
faster_rcnn,42,ap50_95,mean IoU=0.50:0.95,0.3,0.13044589591984276,0.10538413110006555
faster_rcnn,42,ap50_95,mean IoU=0.50:0.95,0.31,0.12908135383071123,0.10538413110006555
faster_rcnn,42,ap50_95,mean IoU=0.50:0.95,0.32,0.1252241672158173,0.10538413110006555
faster_rcnn,42,ap50_95,mean IoU=0.50:0.95,0.33,0.12212648993143183,0.10538413110006555
faster_rcnn,42,ap50_95,mean IoU=0.50:0.95,0.34,0.11829812617104482,0.10538413110006555
faster_rcnn,42,ap50_95,mean IoU=0.50:0.95,0.35000000000000003,0.1144518362322017,0.10538413110006555
faster_rcnn,42,ap50_95,mean IoU=0.50:0.95,0.36,0.11124138853965208,0.10538413110006555
faster_rcnn,42,ap50_95,mean IoU=0.50:0.95,0.37,0.10724102591079125,0.10538413110006555
faster_rcnn,42,ap50_95,mean IoU=0.50:0.95,0.38,0.10491367100979976,0.10538413110006555
faster_rcnn,42,ap50_95,mean IoU=0.50:0.95,0.39,0.10025179083116102,0.10538413110006555
faster_rcnn,42,ap50_95,mean IoU=0.50:0.95,0.4,0.09604064634911137,0.10538413110006555
faster_rcnn,42,ap50_95,mean IoU=0.50:0.95,0.41000000000000003,0.09453943286090842,0.10538413110006555
faster_rcnn,42,ap50_95,mean IoU=0.50:0.95,0.42,0.09106300981601187,0.10538413110006555
faster_rcnn,42,ap50_95,mean IoU=0.50:0.95,0.43,0.08869974108315114,0.10538413110006555
faster_rcnn,42,ap50_95,mean IoU=0.50:0.95,0.44,0.08780751321571176,0.10538413110006555
faster_rcnn,42,ap50_95,mean IoU=0.50:0.95,0.45,0.0842693255657733,0.10538413110006555
faster_rcnn,42,ap50_95,mean IoU=0.50:0.95,0.46,0.08037266291250525,0.10538413110006555
faster_rcnn,42,ap50_95,mean IoU=0.50:0.95,0.47000000000000003,0.07749455482713156,0.10538413110006555
faster_rcnn,42,ap50_95,mean IoU=0.50:0.95,0.48,0.07322820449790707,0.10538413110006555
faster_rcnn,42,ap50_95,mean IoU=0.50:0.95,0.49,0.07011413242139139,0.10538413110006555
faster_rcnn,42,ap50_95,mean IoU=0.50:0.95,0.5,0.06865560457199081,0.10538413110006555
faster_rcnn,42,ap50_95,mean IoU=0.50:0.95,0.51,0.06654167815771929,0.10538413110006555
faster_rcnn,42,ap50_95,mean IoU=0.50:0.95,0.52,0.06324127341347836,0.10538413110006555
faster_rcnn,42,ap50_95,mean IoU=0.50:0.95,0.53,0.061329650580401976,0.10538413110006555
faster_rcnn,42,ap50_95,mean IoU=0.50:0.95,0.54,0.05941559771920455,0.10538413110006555
faster_rcnn,42,ap50_95,mean IoU=0.50:0.95,0.55,0.0568319776840136,0.10538413110006555
faster_rcnn,42,ap50_95,mean IoU=0.50:0.95,0.56,0.05328544336452966,0.10538413110006555
faster_rcnn,42,ap50_95,mean IoU=0.50:0.95,0.5700000000000001,0.05279938690843718,0.10538413110006555
faster_rcnn,42,ap50_95,mean IoU=0.50:0.95,0.58,0.04932353841667746,0.10538413110006555
faster_rcnn,42,ap50_95,mean IoU=0.50:0.95,0.59,0.04483375589390974,0.10538413110006555
faster_rcnn,42,ap50_95,mean IoU=0.50:0.95,0.6,0.04364662743391391,0.10538413110006555
faster_rcnn,42,ap50_95,mean IoU=0.50:0.95,0.61,0.03996707292633269,0.10538413110006555
faster_rcnn,42,ap50_95,mean IoU=0.50:0.95,0.62,0.03755876139359408,0.10538413110006555
faster_rcnn,42,ap50_95,mean IoU=0.50:0.95,0.63,0.0365010182439129,0.10538413110006555
faster_rcnn,42,ap50_95,mean IoU=0.50:0.95,0.64,0.031261310594501095,0.10538413110006555
faster_rcnn,42,ap50_95,mean IoU=0.50:0.95,0.65,0.029933654198980846,0.10538413110006555
faster_rcnn,42,ap50_95,mean IoU=0.50:0.95,0.66,0.02869189955776912,0.10538413110006555
faster_rcnn,42,ap50_95,mean IoU=0.50:0.95,0.67,0.027490735117364284,0.10538413110006555
faster_rcnn,42,ap50_95,mean IoU=0.50:0.95,0.68,0.02559446917193396,0.10538413110006555
faster_rcnn,42,ap50_95,mean IoU=0.50:0.95,0.6900000000000001,0.024974933485306335,0.10538413110006555
faster_rcnn,42,ap50_95,mean IoU=0.50:0.95,0.7000000000000001,0.024092981775871197,0.10538413110006555
faster_rcnn,42,ap50_95,mean IoU=0.50:0.95,0.71,0.022618438073533417,0.10538413110006555
faster_rcnn,42,ap50_95,mean IoU=0.50:0.95,0.72,0.02225386362151301,0.10538413110006555
faster_rcnn,42,ap50_95,mean IoU=0.50:0.95,0.73,0.021356300220283835,0.10538413110006555
faster_rcnn,42,ap50_95,mean IoU=0.50:0.95,0.74,0.019580904347770607,0.10538413110006555
faster_rcnn,42,ap50_95,mean IoU=0.50:0.95,0.75,0.019401560276834352,0.10538413110006555
faster_rcnn,42,ap50_95,mean IoU=0.50:0.95,0.76,0.015425401025557275,0.10538413110006555
faster_rcnn,42,ap50_95,mean IoU=0.50:0.95,0.77,0.01412828951755076,0.10538413110006555
faster_rcnn,42,ap50_95,mean IoU=0.50:0.95,0.78,0.013059833939397436,0.10538413110006555
faster_rcnn,42,ap50_95,mean IoU=0.50:0.95,0.79,0.012276708516644816,0.10538413110006555
faster_rcnn,42,ap50_95,mean IoU=0.50:0.95,0.8,0.011608410287557458,0.10538413110006555
faster_rcnn,42,ap50_95,mean IoU=0.50:0.95,0.81,0.010847305318997144,0.10538413110006555
faster_rcnn,42,ap50_95,mean IoU=0.50:0.95,0.8200000000000001,0.010034643306451962,0.10538413110006555
faster_rcnn,42,ap50_95,mean IoU=0.50:0.95,0.8300000000000001,0.00984817578182933,0.10538413110006555
faster_rcnn,42,ap50_95,mean IoU=0.50:0.95,0.84,0.00929015398206218,0.10538413110006555
faster_rcnn,42,ap50_95,mean IoU=0.50:0.95,0.85,0.008916611107546648,0.10538413110006555
faster_rcnn,42,ap50_95,mean IoU=0.50:0.95,0.86,0.00833050311968501,0.10538413110006555
faster_rcnn,42,ap50_95,mean IoU=0.50:0.95,0.87,0.00756273422838636,0.10538413110006555
faster_rcnn,42,ap50_95,mean IoU=0.50:0.95,0.88,0.0043026435733819505,0.10538413110006555
faster_rcnn,42,ap50_95,mean IoU=0.50:0.95,0.89,0.003788839568801522,0.10538413110006555
faster_rcnn,42,ap50_95,mean IoU=0.50:0.95,0.9,0.0036440295136274657,0.10538413110006555
faster_rcnn,42,ap50_95,mean IoU=0.50:0.95,0.91,0.003224101479915433,0.10538413110006555
faster_rcnn,42,ap50_95,mean IoU=0.50:0.95,0.92,0.0,0.10538413110006555
faster_rcnn,42,ap50_95,mean IoU=0.50:0.95,0.93,0.0,0.10538413110006555
faster_rcnn,42,ap50_95,mean IoU=0.50:0.95,0.9400000000000001,0.0,0.10538413110006555
faster_rcnn,42,ap50_95,mean IoU=0.50:0.95,0.9500000000000001,0.0,0.10538413110006555
faster_rcnn,42,ap50_95,mean IoU=0.50:0.95,0.96,0.0,0.10538413110006555
faster_rcnn,42,ap50_95,mean IoU=0.50:0.95,0.97,0.0,0.10538413110006555
faster_rcnn,42,ap50_95,mean IoU=0.50:0.95,0.98,0.0,0.10538413110006555
faster_rcnn,42,ap50_95,mean IoU=0.50:0.95,0.99,0.0,0.10538413110006555
faster_rcnn,42,ap50_95,mean IoU=0.50:0.95,1.0,0.0,0.10538413110006555
faster_rcnn,137,ap50,IoU=0.50,0.0,1.0,0.3200806628353708
faster_rcnn,137,ap50,IoU=0.50,0.01,1.0,0.3200806628353708
faster_rcnn,137,ap50,IoU=0.50,0.02,0.8888888888888888,0.3200806628353708
faster_rcnn,137,ap50,IoU=0.50,0.03,0.8571428571428571,0.3200806628353708
faster_rcnn,137,ap50,IoU=0.50,0.04,0.8571428571428571,0.3200806628353708
faster_rcnn,137,ap50,IoU=0.50,0.05,0.7428571428571429,0.3200806628353708
faster_rcnn,137,ap50,IoU=0.50,0.06,0.7428571428571429,0.3200806628353708
faster_rcnn,137,ap50,IoU=0.50,0.07,0.7428571428571429,0.3200806628353708
faster_rcnn,137,ap50,IoU=0.50,0.08,0.7428571428571429,0.3200806628353708
faster_rcnn,137,ap50,IoU=0.50,0.09,0.7428571428571429,0.3200806628353708
faster_rcnn,137,ap50,IoU=0.50,0.1,0.7297297297297297,0.3200806628353708
faster_rcnn,137,ap50,IoU=0.50,0.11,0.6521739130434783,0.3200806628353708
faster_rcnn,137,ap50,IoU=0.50,0.12,0.6428571428571429,0.3200806628353708
faster_rcnn,137,ap50,IoU=0.50,0.13,0.6428571428571429,0.3200806628353708
faster_rcnn,137,ap50,IoU=0.50,0.14,0.6333333333333333,0.3200806628353708
faster_rcnn,137,ap50,IoU=0.50,0.15,0.6268656716417911,0.3200806628353708
faster_rcnn,137,ap50,IoU=0.50,0.16,0.6097560975609756,0.3200806628353708
faster_rcnn,137,ap50,IoU=0.50,0.17,0.6097560975609756,0.3200806628353708
faster_rcnn,137,ap50,IoU=0.50,0.18,0.6097560975609756,0.3200806628353708
faster_rcnn,137,ap50,IoU=0.50,0.19,0.6046511627906976,0.3200806628353708
faster_rcnn,137,ap50,IoU=0.50,0.2,0.5806451612903226,0.3200806628353708
faster_rcnn,137,ap50,IoU=0.50,0.21,0.5454545454545454,0.3200806628353708
faster_rcnn,137,ap50,IoU=0.50,0.22,0.5454545454545454,0.3200806628353708
faster_rcnn,137,ap50,IoU=0.50,0.23,0.4927536231884058,0.3200806628353708
faster_rcnn,137,ap50,IoU=0.50,0.24,0.4927536231884058,0.3200806628353708
faster_rcnn,137,ap50,IoU=0.50,0.25,0.4927536231884058,0.3200806628353708
faster_rcnn,137,ap50,IoU=0.50,0.26,0.4713375796178344,0.3200806628353708
faster_rcnn,137,ap50,IoU=0.50,0.27,0.4713375796178344,0.3200806628353708
faster_rcnn,137,ap50,IoU=0.50,0.28,0.4691358024691358,0.3200806628353708
faster_rcnn,137,ap50,IoU=0.50,0.29,0.44571428571428573,0.3200806628353708
faster_rcnn,137,ap50,IoU=0.50,0.3,0.41836734693877553,0.3200806628353708
faster_rcnn,137,ap50,IoU=0.50,0.31,0.4158415841584158,0.3200806628353708
faster_rcnn,137,ap50,IoU=0.50,0.32,0.4,0.3200806628353708
faster_rcnn,137,ap50,IoU=0.50,0.33,0.388646288209607,0.3200806628353708
faster_rcnn,137,ap50,IoU=0.50,0.34,0.38114754098360654,0.3200806628353708
faster_rcnn,137,ap50,IoU=0.50,0.35000000000000003,0.38,0.3200806628353708
faster_rcnn,137,ap50,IoU=0.50,0.36,0.3730769230769231,0.3200806628353708
faster_rcnn,137,ap50,IoU=0.50,0.37,0.36363636363636365,0.3200806628353708
faster_rcnn,137,ap50,IoU=0.50,0.38,0.3525423728813559,0.3200806628353708
faster_rcnn,137,ap50,IoU=0.50,0.39,0.3511705685618729,0.3200806628353708
faster_rcnn,137,ap50,IoU=0.50,0.4,0.34394904458598724,0.3200806628353708
faster_rcnn,137,ap50,IoU=0.50,0.41000000000000003,0.32840236686390534,0.3200806628353708
faster_rcnn,137,ap50,IoU=0.50,0.42,0.32011331444759206,0.3200806628353708
faster_rcnn,137,ap50,IoU=0.50,0.43,0.3103448275862069,0.3200806628353708
faster_rcnn,137,ap50,IoU=0.50,0.44,0.3010204081632653,0.3200806628353708
faster_rcnn,137,ap50,IoU=0.50,0.45,0.30049261083743845,0.3200806628353708
faster_rcnn,137,ap50,IoU=0.50,0.46,0.29594272076372313,0.3200806628353708
faster_rcnn,137,ap50,IoU=0.50,0.47000000000000003,0.2873303167420814,0.3200806628353708
faster_rcnn,137,ap50,IoU=0.50,0.48,0.28043478260869564,0.3200806628353708
faster_rcnn,137,ap50,IoU=0.50,0.49,0.2693877551020408,0.3200806628353708
faster_rcnn,137,ap50,IoU=0.50,0.5,0.26171875,0.3200806628353708
faster_rcnn,137,ap50,IoU=0.50,0.51,0.2482758620689655,0.3200806628353708
faster_rcnn,137,ap50,IoU=0.50,0.52,0.2482758620689655,0.3200806628353708
faster_rcnn,137,ap50,IoU=0.50,0.53,0.2482758620689655,0.3200806628353708
faster_rcnn,137,ap50,IoU=0.50,0.54,0.24701873935264054,0.3200806628353708
faster_rcnn,137,ap50,IoU=0.50,0.55,0.2380191693290735,0.3200806628353708
faster_rcnn,137,ap50,IoU=0.50,0.56,0.23742138364779874,0.3200806628353708
faster_rcnn,137,ap50,IoU=0.50,0.5700000000000001,0.23564954682779457,0.3200806628353708
faster_rcnn,137,ap50,IoU=0.50,0.58,0.23564954682779457,0.3200806628353708
faster_rcnn,137,ap50,IoU=0.50,0.59,0.22377622377622378,0.3200806628353708
faster_rcnn,137,ap50,IoU=0.50,0.6,0.21845318860244234,0.3200806628353708
faster_rcnn,137,ap50,IoU=0.50,0.61,0.1961950059453032,0.3200806628353708
faster_rcnn,137,ap50,IoU=0.50,0.62,0.1797631862217438,0.3200806628353708
faster_rcnn,137,ap50,IoU=0.50,0.63,0.17845828933474128,0.3200806628353708
faster_rcnn,137,ap50,IoU=0.50,0.64,0.17551020408163265,0.3200806628353708
faster_rcnn,137,ap50,IoU=0.50,0.65,0.16416510318949343,0.3200806628353708
faster_rcnn,137,ap50,IoU=0.50,0.66,0.16298342541436464,0.3200806628353708
faster_rcnn,137,ap50,IoU=0.50,0.67,0.162016201620162,0.3200806628353708
faster_rcnn,137,ap50,IoU=0.50,0.68,0.15275459098497496,0.3200806628353708
faster_rcnn,137,ap50,IoU=0.50,0.6900000000000001,0.1388888888888889,0.3200806628353708
faster_rcnn,137,ap50,IoU=0.50,0.7000000000000001,0.1284153005464481,0.3200806628353708
faster_rcnn,137,ap50,IoU=0.50,0.71,0.12196679438058748,0.3200806628353708
faster_rcnn,137,ap50,IoU=0.50,0.72,0.11003970504821327,0.3200806628353708
faster_rcnn,137,ap50,IoU=0.50,0.73,0.10489882854100106,0.3200806628353708
faster_rcnn,137,ap50,IoU=0.50,0.74,0.10252447192168986,0.3200806628353708
faster_rcnn,137,ap50,IoU=0.50,0.75,0.10070140280561123,0.3200806628353708
faster_rcnn,137,ap50,IoU=0.50,0.76,0.09503940658321743,0.3200806628353708
faster_rcnn,137,ap50,IoU=0.50,0.77,0.08621407746772178,0.3200806628353708
faster_rcnn,137,ap50,IoU=0.50,0.78,0.07457386363636363,0.3200806628353708
faster_rcnn,137,ap50,IoU=0.50,0.79,0.07393266227004512,0.3200806628353708
faster_rcnn,137,ap50,IoU=0.50,0.8,0.07368060315284441,0.3200806628353708
faster_rcnn,137,ap50,IoU=0.50,0.81,0.07107923051842191,0.3200806628353708
faster_rcnn,137,ap50,IoU=0.50,0.8200000000000001,0.06851448146994706,0.3200806628353708
faster_rcnn,137,ap50,IoU=0.50,0.8300000000000001,0.05996235547190105,0.3200806628353708
faster_rcnn,137,ap50,IoU=0.50,0.84,0.04789150243695698,0.3200806628353708
faster_rcnn,137,ap50,IoU=0.50,0.85,0.04144700963461189,0.3200806628353708
faster_rcnn,137,ap50,IoU=0.50,0.86,0.03860294117647059,0.3200806628353708
faster_rcnn,137,ap50,IoU=0.50,0.87,0.03380525859578157,0.3200806628353708
faster_rcnn,137,ap50,IoU=0.50,0.88,0.032515844585285204,0.3200806628353708
faster_rcnn,137,ap50,IoU=0.50,0.89,0.029781931464174453,0.3200806628353708
faster_rcnn,137,ap50,IoU=0.50,0.9,0.02397938961553706,0.3200806628353708
faster_rcnn,137,ap50,IoU=0.50,0.91,0.022850721108821876,0.3200806628353708
faster_rcnn,137,ap50,IoU=0.50,0.92,0.020903859174001355,0.3200806628353708
faster_rcnn,137,ap50,IoU=0.50,0.93,0.018692986391505906,0.3200806628353708
faster_rcnn,137,ap50,IoU=0.50,0.9400000000000001,0.016684322033898306,0.3200806628353708
faster_rcnn,137,ap50,IoU=0.50,0.9500000000000001,0.01503006012024048,0.3200806628353708
faster_rcnn,137,ap50,IoU=0.50,0.96,0.012764694241044924,0.3200806628353708
faster_rcnn,137,ap50,IoU=0.50,0.97,0.0,0.3200806628353708
faster_rcnn,137,ap50,IoU=0.50,0.98,0.0,0.3200806628353708
faster_rcnn,137,ap50,IoU=0.50,0.99,0.0,0.3200806628353708
faster_rcnn,137,ap50,IoU=0.50,1.0,0.0,0.3200806628353708
faster_rcnn,137,ap50_95,mean IoU=0.50:0.95,0.0,0.5566502463054187,0.1032238024790173
faster_rcnn,137,ap50_95,mean IoU=0.50:0.95,0.01,0.5504520795660037,0.1032238024790173
faster_rcnn,137,ap50_95,mean IoU=0.50:0.95,0.02,0.4662272946873304,0.1032238024790173
faster_rcnn,137,ap50_95,mean IoU=0.50:0.95,0.03,0.3850635923321552,0.1032238024790173
faster_rcnn,137,ap50_95,mean IoU=0.50:0.95,0.04,0.35861543982550387,0.1032238024790173
faster_rcnn,137,ap50_95,mean IoU=0.50:0.95,0.05,0.3230606849223319,0.1032238024790173
faster_rcnn,137,ap50_95,mean IoU=0.50:0.95,0.06,0.3128221908754031,0.1032238024790173
faster_rcnn,137,ap50_95,mean IoU=0.50:0.95,0.07,0.30705217626310366,0.1032238024790173
faster_rcnn,137,ap50_95,mean IoU=0.50:0.95,0.08,0.29551166842883425,0.1032238024790173
faster_rcnn,137,ap50_95,mean IoU=0.50:0.95,0.09,0.2768547766721408,0.1032238024790173
faster_rcnn,137,ap50_95,mean IoU=0.50:0.95,0.1,0.2635243481847597,0.1032238024790173
faster_rcnn,137,ap50_95,mean IoU=0.50:0.95,0.11,0.2466781443394554,0.1032238024790173
faster_rcnn,137,ap50_95,mean IoU=0.50:0.95,0.12,0.2414037379079031,0.1032238024790173
faster_rcnn,137,ap50_95,mean IoU=0.50:0.95,0.13,0.23408852485230547,0.1032238024790173
faster_rcnn,137,ap50_95,mean IoU=0.50:0.95,0.14,0.22773617629310325,0.1032238024790173
faster_rcnn,137,ap50_95,mean IoU=0.50:0.95,0.15,0.21681708264092014,0.1032238024790173
faster_rcnn,137,ap50_95,mean IoU=0.50:0.95,0.16,0.20832951307910053,0.1032238024790173
faster_rcnn,137,ap50_95,mean IoU=0.50:0.95,0.17,0.20142479004262764,0.1032238024790173
faster_rcnn,137,ap50_95,mean IoU=0.50:0.95,0.18,0.19104450821933086,0.1032238024790173
faster_rcnn,137,ap50_95,mean IoU=0.50:0.95,0.19,0.18605996076294617,0.1032238024790173
faster_rcnn,137,ap50_95,mean IoU=0.50:0.95,0.2,0.1775291271011243,0.1032238024790173
faster_rcnn,137,ap50_95,mean IoU=0.50:0.95,0.21,0.16849257563526554,0.1032238024790173
faster_rcnn,137,ap50_95,mean IoU=0.50:0.95,0.22,0.16405989748131428,0.1032238024790173
faster_rcnn,137,ap50_95,mean IoU=0.50:0.95,0.23,0.15420859751806723,0.1032238024790173
faster_rcnn,137,ap50_95,mean IoU=0.50:0.95,0.24,0.15067726172991067,0.1032238024790173
faster_rcnn,137,ap50_95,mean IoU=0.50:0.95,0.25,0.14651418726820215,0.1032238024790173
faster_rcnn,137,ap50_95,mean IoU=0.50:0.95,0.26,0.1391636669516751,0.1032238024790173
faster_rcnn,137,ap50_95,mean IoU=0.50:0.95,0.27,0.13368211251455286,0.1032238024790173
faster_rcnn,137,ap50_95,mean IoU=0.50:0.95,0.28,0.12863683412738808,0.1032238024790173
faster_rcnn,137,ap50_95,mean IoU=0.50:0.95,0.29,0.12175700605091282,0.1032238024790173
faster_rcnn,137,ap50_95,mean IoU=0.50:0.95,0.3,0.11597780748140336,0.1032238024790173
faster_rcnn,137,ap50_95,mean IoU=0.50:0.95,0.31,0.11106916386858727,0.1032238024790173
faster_rcnn,137,ap50_95,mean IoU=0.50:0.95,0.32,0.10810921636421902,0.1032238024790173
faster_rcnn,137,ap50_95,mean IoU=0.50:0.95,0.33,0.10461061725495961,0.1032238024790173
faster_rcnn,137,ap50_95,mean IoU=0.50:0.95,0.34,0.1009234999331515,0.1032238024790173
faster_rcnn,137,ap50_95,mean IoU=0.50:0.95,0.35000000000000003,0.09918406296108107,0.1032238024790173
faster_rcnn,137,ap50_95,mean IoU=0.50:0.95,0.36,0.09560031495041046,0.1032238024790173
faster_rcnn,137,ap50_95,mean IoU=0.50:0.95,0.37,0.09176309571679768,0.1032238024790173
faster_rcnn,137,ap50_95,mean IoU=0.50:0.95,0.38,0.089906409761944,0.1032238024790173
faster_rcnn,137,ap50_95,mean IoU=0.50:0.95,0.39,0.08824771797624693,0.1032238024790173
faster_rcnn,137,ap50_95,mean IoU=0.50:0.95,0.4,0.08566945497921553,0.1032238024790173
faster_rcnn,137,ap50_95,mean IoU=0.50:0.95,0.41000000000000003,0.08278519775688334,0.1032238024790173
faster_rcnn,137,ap50_95,mean IoU=0.50:0.95,0.42,0.07877889547699551,0.1032238024790173
faster_rcnn,137,ap50_95,mean IoU=0.50:0.95,0.43,0.07518418832187804,0.1032238024790173
faster_rcnn,137,ap50_95,mean IoU=0.50:0.95,0.44,0.07360864456108691,0.1032238024790173
faster_rcnn,137,ap50_95,mean IoU=0.50:0.95,0.45,0.07103975820637315,0.1032238024790173
faster_rcnn,137,ap50_95,mean IoU=0.50:0.95,0.46,0.0693450586326612,0.1032238024790173
faster_rcnn,137,ap50_95,mean IoU=0.50:0.95,0.47000000000000003,0.06758559035212293,0.1032238024790173
faster_rcnn,137,ap50_95,mean IoU=0.50:0.95,0.48,0.06600875357611205,0.1032238024790173
faster_rcnn,137,ap50_95,mean IoU=0.50:0.95,0.49,0.06332263963550924,0.1032238024790173
faster_rcnn,137,ap50_95,mean IoU=0.50:0.95,0.5,0.06246379230304977,0.1032238024790173
faster_rcnn,137,ap50_95,mean IoU=0.50:0.95,0.51,0.059214889316045974,0.1032238024790173
faster_rcnn,137,ap50_95,mean IoU=0.50:0.95,0.52,0.056556345483172385,0.1032238024790173
faster_rcnn,137,ap50_95,mean IoU=0.50:0.95,0.53,0.053442213668493554,0.1032238024790173
faster_rcnn,137,ap50_95,mean IoU=0.50:0.95,0.54,0.05235947572855569,0.1032238024790173
faster_rcnn,137,ap50_95,mean IoU=0.50:0.95,0.55,0.05070215982521605,0.1032238024790173
faster_rcnn,137,ap50_95,mean IoU=0.50:0.95,0.56,0.04947865029283699,0.1032238024790173
faster_rcnn,137,ap50_95,mean IoU=0.50:0.95,0.5700000000000001,0.0484644293956352,0.1032238024790173
faster_rcnn,137,ap50_95,mean IoU=0.50:0.95,0.58,0.04683800342277663,0.1032238024790173
faster_rcnn,137,ap50_95,mean IoU=0.50:0.95,0.59,0.04414389029081938,0.1032238024790173
faster_rcnn,137,ap50_95,mean IoU=0.50:0.95,0.6,0.043022394363925284,0.1032238024790173
faster_rcnn,137,ap50_95,mean IoU=0.50:0.95,0.61,0.03979691230984737,0.1032238024790173
faster_rcnn,137,ap50_95,mean IoU=0.50:0.95,0.62,0.036939096708746,0.1032238024790173
faster_rcnn,137,ap50_95,mean IoU=0.50:0.95,0.63,0.036188668940235647,0.1032238024790173
faster_rcnn,137,ap50_95,mean IoU=0.50:0.95,0.64,0.0346361247607601,0.1032238024790173
faster_rcnn,137,ap50_95,mean IoU=0.50:0.95,0.65,0.031962929066749704,0.1032238024790173
faster_rcnn,137,ap50_95,mean IoU=0.50:0.95,0.66,0.0313387965779406,0.1032238024790173
faster_rcnn,137,ap50_95,mean IoU=0.50:0.95,0.67,0.03025223469315406,0.1032238024790173
faster_rcnn,137,ap50_95,mean IoU=0.50:0.95,0.68,0.028952191232351758,0.1032238024790173
faster_rcnn,137,ap50_95,mean IoU=0.50:0.95,0.6900000000000001,0.026708634471994473,0.1032238024790173
faster_rcnn,137,ap50_95,mean IoU=0.50:0.95,0.7000000000000001,0.024132167318002478,0.1032238024790173
faster_rcnn,137,ap50_95,mean IoU=0.50:0.95,0.71,0.022291101621396796,0.1032238024790173
faster_rcnn,137,ap50_95,mean IoU=0.50:0.95,0.72,0.02098569314589969,0.1032238024790173
faster_rcnn,137,ap50_95,mean IoU=0.50:0.95,0.73,0.02018136851036933,0.1032238024790173
faster_rcnn,137,ap50_95,mean IoU=0.50:0.95,0.74,0.019420823977971055,0.1032238024790173
faster_rcnn,137,ap50_95,mean IoU=0.50:0.95,0.75,0.018846191049148746,0.1032238024790173
faster_rcnn,137,ap50_95,mean IoU=0.50:0.95,0.76,0.017344248095361784,0.1032238024790173
faster_rcnn,137,ap50_95,mean IoU=0.50:0.95,0.77,0.016257750450595698,0.1032238024790173
faster_rcnn,137,ap50_95,mean IoU=0.50:0.95,0.78,0.0140340898932768,0.1032238024790173
faster_rcnn,137,ap50_95,mean IoU=0.50:0.95,0.79,0.013377409834279624,0.1032238024790173
faster_rcnn,137,ap50_95,mean IoU=0.50:0.95,0.8,0.01287840767631387,0.1032238024790173
faster_rcnn,137,ap50_95,mean IoU=0.50:0.95,0.81,0.012051993708266347,0.1032238024790173
faster_rcnn,137,ap50_95,mean IoU=0.50:0.95,0.8200000000000001,0.011536026341179433,0.1032238024790173
faster_rcnn,137,ap50_95,mean IoU=0.50:0.95,0.8300000000000001,0.01018656574432546,0.1032238024790173
faster_rcnn,137,ap50_95,mean IoU=0.50:0.95,0.84,0.008856343458487455,0.1032238024790173
faster_rcnn,137,ap50_95,mean IoU=0.50:0.95,0.85,0.006985822458788292,0.1032238024790173
faster_rcnn,137,ap50_95,mean IoU=0.50:0.95,0.86,0.006117917260727591,0.1032238024790173
faster_rcnn,137,ap50_95,mean IoU=0.50:0.95,0.87,0.00536089146553618,0.1032238024790173
faster_rcnn,137,ap50_95,mean IoU=0.50:0.95,0.88,0.005127130830617848,0.1032238024790173
faster_rcnn,137,ap50_95,mean IoU=0.50:0.95,0.89,0.004690472842648998,0.1032238024790173
faster_rcnn,137,ap50_95,mean IoU=0.50:0.95,0.9,0.003959027853309609,0.1032238024790173
faster_rcnn,137,ap50_95,mean IoU=0.50:0.95,0.91,0.003723242569446375,0.1032238024790173
faster_rcnn,137,ap50_95,mean IoU=0.50:0.95,0.92,0.0034555547672315617,0.1032238024790173
faster_rcnn,137,ap50_95,mean IoU=0.50:0.95,0.93,0.0030357786690124794,0.1032238024790173
faster_rcnn,137,ap50_95,mean IoU=0.50:0.95,0.9400000000000001,0.0016684322033898307,0.1032238024790173
faster_rcnn,137,ap50_95,mean IoU=0.50:0.95,0.9500000000000001,0.001503006012024048,0.1032238024790173
faster_rcnn,137,ap50_95,mean IoU=0.50:0.95,0.96,0.0012764694241044923,0.1032238024790173
faster_rcnn,137,ap50_95,mean IoU=0.50:0.95,0.97,0.0,0.1032238024790173
faster_rcnn,137,ap50_95,mean IoU=0.50:0.95,0.98,0.0,0.1032238024790173
faster_rcnn,137,ap50_95,mean IoU=0.50:0.95,0.99,0.0,0.1032238024790173
faster_rcnn,137,ap50_95,mean IoU=0.50:0.95,1.0,0.0,0.1032238024790173
yolo11s,17,ap50,IoU=0.50,0.0,1.0,0.184171740556827
yolo11s,17,ap50,IoU=0.50,0.01,1.0,0.184171740556827
yolo11s,17,ap50,IoU=0.50,0.02,0.8571428571428571,0.184171740556827
yolo11s,17,ap50,IoU=0.50,0.03,0.5416666666666666,0.184171740556827
yolo11s,17,ap50,IoU=0.50,0.04,0.5416666666666666,0.184171740556827
yolo11s,17,ap50,IoU=0.50,0.05,0.5263157894736842,0.184171740556827
yolo11s,17,ap50,IoU=0.50,0.06,0.5263157894736842,0.184171740556827
yolo11s,17,ap50,IoU=0.50,0.07,0.5263157894736842,0.184171740556827
yolo11s,17,ap50,IoU=0.50,0.08,0.5116279069767442,0.184171740556827
yolo11s,17,ap50,IoU=0.50,0.09,0.4716981132075472,0.184171740556827
yolo11s,17,ap50,IoU=0.50,0.1,0.4426229508196721,0.184171740556827
yolo11s,17,ap50,IoU=0.50,0.11,0.4225352112676056,0.184171740556827
yolo11s,17,ap50,IoU=0.50,0.12,0.40594059405940597,0.184171740556827
yolo11s,17,ap50,IoU=0.50,0.13,0.40594059405940597,0.184171740556827
yolo11s,17,ap50,IoU=0.50,0.14,0.40594059405940597,0.184171740556827
yolo11s,17,ap50,IoU=0.50,0.15,0.40594059405940597,0.184171740556827
yolo11s,17,ap50,IoU=0.50,0.16,0.40186915887850466,0.184171740556827
yolo11s,17,ap50,IoU=0.50,0.17,0.3983050847457627,0.184171740556827
yolo11s,17,ap50,IoU=0.50,0.18,0.3937007874015748,0.184171740556827
yolo11s,17,ap50,IoU=0.50,0.19,0.3893129770992366,0.184171740556827
yolo11s,17,ap50,IoU=0.50,0.2,0.3624161073825503,0.184171740556827
yolo11s,17,ap50,IoU=0.50,0.21,0.3392857142857143,0.184171740556827
yolo11s,17,ap50,IoU=0.50,0.22,0.3105263157894737,0.184171740556827
yolo11s,17,ap50,IoU=0.50,0.23,0.2980769230769231,0.184171740556827
yolo11s,17,ap50,IoU=0.50,0.24,0.29411764705882354,0.184171740556827
yolo11s,17,ap50,IoU=0.50,0.25,0.29411764705882354,0.184171740556827
yolo11s,17,ap50,IoU=0.50,0.26,0.29411764705882354,0.184171740556827
yolo11s,17,ap50,IoU=0.50,0.27,0.27956989247311825,0.184171740556827
yolo11s,17,ap50,IoU=0.50,0.28,0.27956989247311825,0.184171740556827
yolo11s,17,ap50,IoU=0.50,0.29,0.27956989247311825,0.184171740556827
yolo11s,17,ap50,IoU=0.50,0.3,0.2621359223300971,0.184171740556827
yolo11s,17,ap50,IoU=0.50,0.31,0.24853801169590642,0.184171740556827
yolo11s,17,ap50,IoU=0.50,0.32,0.24645892351274787,0.184171740556827
yolo11s,17,ap50,IoU=0.50,0.33,0.23670212765957446,0.184171740556827
yolo11s,17,ap50,IoU=0.50,0.34,0.23222748815165878,0.184171740556827
yolo11s,17,ap50,IoU=0.50,0.35000000000000003,0.23222748815165878,0.184171740556827
yolo11s,17,ap50,IoU=0.50,0.36,0.23222748815165878,0.184171740556827
yolo11s,17,ap50,IoU=0.50,0.37,0.22321428571428573,0.184171740556827
yolo11s,17,ap50,IoU=0.50,0.38,0.2138364779874214,0.184171740556827
yolo11s,17,ap50,IoU=0.50,0.39,0.21285140562248997,0.184171740556827
yolo11s,17,ap50,IoU=0.50,0.4,0.2099236641221374,0.184171740556827
yolo11s,17,ap50,IoU=0.50,0.41000000000000003,0.2099236641221374,0.184171740556827
yolo11s,17,ap50,IoU=0.50,0.42,0.20433996383363473,0.184171740556827
yolo11s,17,ap50,IoU=0.50,0.43,0.1927512355848435,0.184171740556827
yolo11s,17,ap50,IoU=0.50,0.44,0.18940609951845908,0.184171740556827
yolo11s,17,ap50,IoU=0.50,0.45,0.17794117647058824,0.184171740556827
yolo11s,17,ap50,IoU=0.50,0.46,0.17563739376770537,0.184171740556827
yolo11s,17,ap50,IoU=0.50,0.47000000000000003,0.16955941255006676,0.184171740556827
yolo11s,17,ap50,IoU=0.50,0.48,0.1683673469387755,0.184171740556827
yolo11s,17,ap50,IoU=0.50,0.49,0.1683673469387755,0.184171740556827
yolo11s,17,ap50,IoU=0.50,0.5,0.16482164821648215,0.184171740556827
yolo11s,17,ap50,IoU=0.50,0.51,0.16466346153846154,0.184171740556827
yolo11s,17,ap50,IoU=0.50,0.52,0.1590909090909091,0.184171740556827
yolo11s,17,ap50,IoU=0.50,0.53,0.15476190476190477,0.184171740556827
yolo11s,17,ap50,IoU=0.50,0.54,0.14514514514514515,0.184171740556827
yolo11s,17,ap50,IoU=0.50,0.55,0.0,0.184171740556827
yolo11s,17,ap50,IoU=0.50,0.56,0.0,0.184171740556827
yolo11s,17,ap50,IoU=0.50,0.5700000000000001,0.0,0.184171740556827
yolo11s,17,ap50,IoU=0.50,0.58,0.0,0.184171740556827
yolo11s,17,ap50,IoU=0.50,0.59,0.0,0.184171740556827
yolo11s,17,ap50,IoU=0.50,0.6,0.0,0.184171740556827
yolo11s,17,ap50,IoU=0.50,0.61,0.0,0.184171740556827
yolo11s,17,ap50,IoU=0.50,0.62,0.0,0.184171740556827
yolo11s,17,ap50,IoU=0.50,0.63,0.0,0.184171740556827
yolo11s,17,ap50,IoU=0.50,0.64,0.0,0.184171740556827
yolo11s,17,ap50,IoU=0.50,0.65,0.0,0.184171740556827
yolo11s,17,ap50,IoU=0.50,0.66,0.0,0.184171740556827
yolo11s,17,ap50,IoU=0.50,0.67,0.0,0.184171740556827
yolo11s,17,ap50,IoU=0.50,0.68,0.0,0.184171740556827
yolo11s,17,ap50,IoU=0.50,0.6900000000000001,0.0,0.184171740556827
yolo11s,17,ap50,IoU=0.50,0.7000000000000001,0.0,0.184171740556827
yolo11s,17,ap50,IoU=0.50,0.71,0.0,0.184171740556827
yolo11s,17,ap50,IoU=0.50,0.72,0.0,0.184171740556827
yolo11s,17,ap50,IoU=0.50,0.73,0.0,0.184171740556827
yolo11s,17,ap50,IoU=0.50,0.74,0.0,0.184171740556827
yolo11s,17,ap50,IoU=0.50,0.75,0.0,0.184171740556827
yolo11s,17,ap50,IoU=0.50,0.76,0.0,0.184171740556827
yolo11s,17,ap50,IoU=0.50,0.77,0.0,0.184171740556827
yolo11s,17,ap50,IoU=0.50,0.78,0.0,0.184171740556827
yolo11s,17,ap50,IoU=0.50,0.79,0.0,0.184171740556827
yolo11s,17,ap50,IoU=0.50,0.8,0.0,0.184171740556827
yolo11s,17,ap50,IoU=0.50,0.81,0.0,0.184171740556827
yolo11s,17,ap50,IoU=0.50,0.8200000000000001,0.0,0.184171740556827
yolo11s,17,ap50,IoU=0.50,0.8300000000000001,0.0,0.184171740556827
yolo11s,17,ap50,IoU=0.50,0.84,0.0,0.184171740556827
yolo11s,17,ap50,IoU=0.50,0.85,0.0,0.184171740556827
yolo11s,17,ap50,IoU=0.50,0.86,0.0,0.184171740556827
yolo11s,17,ap50,IoU=0.50,0.87,0.0,0.184171740556827
yolo11s,17,ap50,IoU=0.50,0.88,0.0,0.184171740556827
yolo11s,17,ap50,IoU=0.50,0.89,0.0,0.184171740556827
yolo11s,17,ap50,IoU=0.50,0.9,0.0,0.184171740556827
yolo11s,17,ap50,IoU=0.50,0.91,0.0,0.184171740556827
yolo11s,17,ap50,IoU=0.50,0.92,0.0,0.184171740556827
yolo11s,17,ap50,IoU=0.50,0.93,0.0,0.184171740556827
yolo11s,17,ap50,IoU=0.50,0.9400000000000001,0.0,0.184171740556827
yolo11s,17,ap50,IoU=0.50,0.9500000000000001,0.0,0.184171740556827
yolo11s,17,ap50,IoU=0.50,0.96,0.0,0.184171740556827
yolo11s,17,ap50,IoU=0.50,0.97,0.0,0.184171740556827
yolo11s,17,ap50,IoU=0.50,0.98,0.0,0.184171740556827
yolo11s,17,ap50,IoU=0.50,0.99,0.0,0.184171740556827
yolo11s,17,ap50,IoU=0.50,1.0,0.0,0.184171740556827
yolo11s,17,ap50_95,mean IoU=0.50:0.95,0.0,0.5797619047619047,0.060693096663705294
yolo11s,17,ap50_95,mean IoU=0.50:0.95,0.01,0.5307265569076594,0.060693096663705294
yolo11s,17,ap50_95,mean IoU=0.50:0.95,0.02,0.3029279981279981,0.060693096663705294
yolo11s,17,ap50_95,mean IoU=0.50:0.95,0.03,0.23801438342611156,0.060693096663705294
yolo11s,17,ap50_95,mean IoU=0.50:0.95,0.04,0.23113681332394634,0.060693096663705294
yolo11s,17,ap50_95,mean IoU=0.50:0.95,0.05,0.21891510878125797,0.060693096663705294
yolo11s,17,ap50_95,mean IoU=0.50:0.95,0.06,0.20556361899175662,0.060693096663705294
yolo11s,17,ap50_95,mean IoU=0.50:0.95,0.07,0.19956097159815037,0.060693096663705294
yolo11s,17,ap50_95,mean IoU=0.50:0.95,0.08,0.1841151273022064,0.060693096663705294
yolo11s,17,ap50_95,mean IoU=0.50:0.95,0.09,0.1714481622487786,0.060693096663705294
yolo11s,17,ap50_95,mean IoU=0.50:0.95,0.1,0.16473547469948552,0.060693096663705294
yolo11s,17,ap50_95,mean IoU=0.50:0.95,0.11,0.16120959428950177,0.060693096663705294
yolo11s,17,ap50_95,mean IoU=0.50:0.95,0.12,0.15647892685967754,0.060693096663705294
yolo11s,17,ap50_95,mean IoU=0.50:0.95,0.13,0.15365469158896344,0.060693096663705294
yolo11s,17,ap50_95,mean IoU=0.50:0.95,0.14,0.14400903853264496,0.060693096663705294
yolo11s,17,ap50_95,mean IoU=0.50:0.95,0.15,0.13932458477791482,0.060693096663705294
yolo11s,17,ap50_95,mean IoU=0.50:0.95,0.16,0.13738300724960512,0.060693096663705294
yolo11s,17,ap50_95,mean IoU=0.50:0.95,0.17,0.13223466201525952,0.060693096663705294
yolo11s,17,ap50_95,mean IoU=0.50:0.95,0.18,0.12294019792028237,0.060693096663705294
yolo11s,17,ap50_95,mean IoU=0.50:0.95,0.19,0.1125909971003719,0.060693096663705294
yolo11s,17,ap50_95,mean IoU=0.50:0.95,0.2,0.10669574984070454,0.060693096663705294
yolo11s,17,ap50_95,mean IoU=0.50:0.95,0.21,0.10079320406681691,0.060693096663705294
yolo11s,17,ap50_95,mean IoU=0.50:0.95,0.22,0.09503034256547623,0.060693096663705294
yolo11s,17,ap50_95,mean IoU=0.50:0.95,0.23,0.09224687018034583,0.060693096663705294
yolo11s,17,ap50_95,mean IoU=0.50:0.95,0.24,0.08915111437474411,0.060693096663705294
yolo11s,17,ap50_95,mean IoU=0.50:0.95,0.25,0.08738805069533487,0.060693096663705294
yolo11s,17,ap50_95,mean IoU=0.50:0.95,0.26,0.08387827920226798,0.060693096663705294
yolo11s,17,ap50_95,mean IoU=0.50:0.95,0.27,0.0811060691649027,0.060693096663705294
yolo11s,17,ap50_95,mean IoU=0.50:0.95,0.28,0.07786739912012772,0.060693096663705294
yolo11s,17,ap50_95,mean IoU=0.50:0.95,0.29,0.0767038531956313,0.060693096663705294
yolo11s,17,ap50_95,mean IoU=0.50:0.95,0.3,0.07330025931107466,0.060693096663705294
yolo11s,17,ap50_95,mean IoU=0.50:0.95,0.31,0.07046514106374095,0.060693096663705294
yolo11s,17,ap50_95,mean IoU=0.50:0.95,0.32,0.07006666901138361,0.060693096663705294
yolo11s,17,ap50_95,mean IoU=0.50:0.95,0.33,0.05752927020236398,0.060693096663705294
yolo11s,17,ap50_95,mean IoU=0.50:0.95,0.34,0.05439892264490324,0.060693096663705294
yolo11s,17,ap50_95,mean IoU=0.50:0.95,0.35000000000000003,0.05423322552493376,0.060693096663705294
yolo11s,17,ap50_95,mean IoU=0.50:0.95,0.36,0.05413510935538901,0.060693096663705294
yolo11s,17,ap50_95,mean IoU=0.50:0.95,0.37,0.05292801993545489,0.060693096663705294
yolo11s,17,ap50_95,mean IoU=0.50:0.95,0.38,0.0510976407000048,0.060693096663705294
yolo11s,17,ap50_95,mean IoU=0.50:0.95,0.39,0.049008638363909965,0.060693096663705294
yolo11s,17,ap50_95,mean IoU=0.50:0.95,0.4,0.03646514578184125,0.060693096663705294
yolo11s,17,ap50_95,mean IoU=0.50:0.95,0.41000000000000003,0.0358121260917865,0.060693096663705294
yolo11s,17,ap50_95,mean IoU=0.50:0.95,0.42,0.03512840470586022,0.060693096663705294
yolo11s,17,ap50_95,mean IoU=0.50:0.95,0.43,0.03357800817386897,0.060693096663705294
yolo11s,17,ap50_95,mean IoU=0.50:0.95,0.44,0.033243494567230525,0.060693096663705294
yolo11s,17,ap50_95,mean IoU=0.50:0.95,0.45,0.031142038872441758,0.060693096663705294
yolo11s,17,ap50_95,mean IoU=0.50:0.95,0.46,0.030400178300165982,0.060693096663705294
yolo11s,17,ap50_95,mean IoU=0.50:0.95,0.47000000000000003,0.016955941255006678,0.060693096663705294
yolo11s,17,ap50_95,mean IoU=0.50:0.95,0.48,0.01683673469387755,0.060693096663705294
yolo11s,17,ap50_95,mean IoU=0.50:0.95,0.49,0.01683673469387755,0.060693096663705294
yolo11s,17,ap50_95,mean IoU=0.50:0.95,0.5,0.016482164821648215,0.060693096663705294
yolo11s,17,ap50_95,mean IoU=0.50:0.95,0.51,0.016466346153846154,0.060693096663705294
yolo11s,17,ap50_95,mean IoU=0.50:0.95,0.52,0.015909090909090907,0.060693096663705294
yolo11s,17,ap50_95,mean IoU=0.50:0.95,0.53,0.015476190476190477,0.060693096663705294
yolo11s,17,ap50_95,mean IoU=0.50:0.95,0.54,0.014514514514514515,0.060693096663705294
yolo11s,17,ap50_95,mean IoU=0.50:0.95,0.55,0.0,0.060693096663705294
yolo11s,17,ap50_95,mean IoU=0.50:0.95,0.56,0.0,0.060693096663705294
yolo11s,17,ap50_95,mean IoU=0.50:0.95,0.5700000000000001,0.0,0.060693096663705294
yolo11s,17,ap50_95,mean IoU=0.50:0.95,0.58,0.0,0.060693096663705294
yolo11s,17,ap50_95,mean IoU=0.50:0.95,0.59,0.0,0.060693096663705294
yolo11s,17,ap50_95,mean IoU=0.50:0.95,0.6,0.0,0.060693096663705294
yolo11s,17,ap50_95,mean IoU=0.50:0.95,0.61,0.0,0.060693096663705294
yolo11s,17,ap50_95,mean IoU=0.50:0.95,0.62,0.0,0.060693096663705294
yolo11s,17,ap50_95,mean IoU=0.50:0.95,0.63,0.0,0.060693096663705294
yolo11s,17,ap50_95,mean IoU=0.50:0.95,0.64,0.0,0.060693096663705294
yolo11s,17,ap50_95,mean IoU=0.50:0.95,0.65,0.0,0.060693096663705294
yolo11s,17,ap50_95,mean IoU=0.50:0.95,0.66,0.0,0.060693096663705294
yolo11s,17,ap50_95,mean IoU=0.50:0.95,0.67,0.0,0.060693096663705294
yolo11s,17,ap50_95,mean IoU=0.50:0.95,0.68,0.0,0.060693096663705294
yolo11s,17,ap50_95,mean IoU=0.50:0.95,0.6900000000000001,0.0,0.060693096663705294
yolo11s,17,ap50_95,mean IoU=0.50:0.95,0.7000000000000001,0.0,0.060693096663705294
yolo11s,17,ap50_95,mean IoU=0.50:0.95,0.71,0.0,0.060693096663705294
yolo11s,17,ap50_95,mean IoU=0.50:0.95,0.72,0.0,0.060693096663705294
yolo11s,17,ap50_95,mean IoU=0.50:0.95,0.73,0.0,0.060693096663705294
yolo11s,17,ap50_95,mean IoU=0.50:0.95,0.74,0.0,0.060693096663705294
yolo11s,17,ap50_95,mean IoU=0.50:0.95,0.75,0.0,0.060693096663705294
yolo11s,17,ap50_95,mean IoU=0.50:0.95,0.76,0.0,0.060693096663705294
yolo11s,17,ap50_95,mean IoU=0.50:0.95,0.77,0.0,0.060693096663705294
yolo11s,17,ap50_95,mean IoU=0.50:0.95,0.78,0.0,0.060693096663705294
yolo11s,17,ap50_95,mean IoU=0.50:0.95,0.79,0.0,0.060693096663705294
yolo11s,17,ap50_95,mean IoU=0.50:0.95,0.8,0.0,0.060693096663705294
yolo11s,17,ap50_95,mean IoU=0.50:0.95,0.81,0.0,0.060693096663705294
yolo11s,17,ap50_95,mean IoU=0.50:0.95,0.8200000000000001,0.0,0.060693096663705294
yolo11s,17,ap50_95,mean IoU=0.50:0.95,0.8300000000000001,0.0,0.060693096663705294
yolo11s,17,ap50_95,mean IoU=0.50:0.95,0.84,0.0,0.060693096663705294
yolo11s,17,ap50_95,mean IoU=0.50:0.95,0.85,0.0,0.060693096663705294
yolo11s,17,ap50_95,mean IoU=0.50:0.95,0.86,0.0,0.060693096663705294
yolo11s,17,ap50_95,mean IoU=0.50:0.95,0.87,0.0,0.060693096663705294
yolo11s,17,ap50_95,mean IoU=0.50:0.95,0.88,0.0,0.060693096663705294
yolo11s,17,ap50_95,mean IoU=0.50:0.95,0.89,0.0,0.060693096663705294
yolo11s,17,ap50_95,mean IoU=0.50:0.95,0.9,0.0,0.060693096663705294
yolo11s,17,ap50_95,mean IoU=0.50:0.95,0.91,0.0,0.060693096663705294
yolo11s,17,ap50_95,mean IoU=0.50:0.95,0.92,0.0,0.060693096663705294
yolo11s,17,ap50_95,mean IoU=0.50:0.95,0.93,0.0,0.060693096663705294
yolo11s,17,ap50_95,mean IoU=0.50:0.95,0.9400000000000001,0.0,0.060693096663705294
yolo11s,17,ap50_95,mean IoU=0.50:0.95,0.9500000000000001,0.0,0.060693096663705294
yolo11s,17,ap50_95,mean IoU=0.50:0.95,0.96,0.0,0.060693096663705294
yolo11s,17,ap50_95,mean IoU=0.50:0.95,0.97,0.0,0.060693096663705294
yolo11s,17,ap50_95,mean IoU=0.50:0.95,0.98,0.0,0.060693096663705294
yolo11s,17,ap50_95,mean IoU=0.50:0.95,0.99,0.0,0.060693096663705294
yolo11s,17,ap50_95,mean IoU=0.50:0.95,1.0,0.0,0.060693096663705294
yolo11s,42,ap50,IoU=0.50,0.0,1.0,0.16893425232205408
yolo11s,42,ap50,IoU=0.50,0.01,1.0,0.16893425232205408
yolo11s,42,ap50,IoU=0.50,0.02,0.6153846153846154,0.16893425232205408
yolo11s,42,ap50,IoU=0.50,0.03,0.5625,0.16893425232205408
yolo11s,42,ap50,IoU=0.50,0.04,0.4411764705882353,0.16893425232205408
yolo11s,42,ap50,IoU=0.50,0.05,0.4411764705882353,0.16893425232205408
yolo11s,42,ap50,IoU=0.50,0.06,0.4264705882352941,0.16893425232205408
yolo11s,42,ap50,IoU=0.50,0.07,0.4264705882352941,0.16893425232205408
yolo11s,42,ap50,IoU=0.50,0.08,0.4264705882352941,0.16893425232205408
yolo11s,42,ap50,IoU=0.50,0.09,0.4264705882352941,0.16893425232205408
yolo11s,42,ap50,IoU=0.50,0.1,0.4264705882352941,0.16893425232205408
yolo11s,42,ap50,IoU=0.50,0.11,0.41,0.16893425232205408
yolo11s,42,ap50,IoU=0.50,0.12,0.41,0.16893425232205408
yolo11s,42,ap50,IoU=0.50,0.13,0.41,0.16893425232205408
yolo11s,42,ap50,IoU=0.50,0.14,0.41,0.16893425232205408
yolo11s,42,ap50,IoU=0.50,0.15,0.41,0.16893425232205408
yolo11s,42,ap50,IoU=0.50,0.16,0.4056603773584906,0.16893425232205408
yolo11s,42,ap50,IoU=0.50,0.17,0.40350877192982454,0.16893425232205408
yolo11s,42,ap50,IoU=0.50,0.18,0.3769230769230769,0.16893425232205408
yolo11s,42,ap50,IoU=0.50,0.19,0.3674698795180723,0.16893425232205408
yolo11s,42,ap50,IoU=0.50,0.2,0.3674698795180723,0.16893425232205408
yolo11s,42,ap50,IoU=0.50,0.21,0.3674698795180723,0.16893425232205408
yolo11s,42,ap50,IoU=0.50,0.22,0.3674698795180723,0.16893425232205408
yolo11s,42,ap50,IoU=0.50,0.23,0.3502824858757062,0.16893425232205408
yolo11s,42,ap50,IoU=0.50,0.24,0.3238095238095238,0.16893425232205408
yolo11s,42,ap50,IoU=0.50,0.25,0.3238095238095238,0.16893425232205408
yolo11s,42,ap50,IoU=0.50,0.26,0.32051282051282054,0.16893425232205408
yolo11s,42,ap50,IoU=0.50,0.27,0.32051282051282054,0.16893425232205408
yolo11s,42,ap50,IoU=0.50,0.28,0.3181818181818182,0.16893425232205408
yolo11s,42,ap50,IoU=0.50,0.29,0.3,0.16893425232205408
yolo11s,42,ap50,IoU=0.50,0.3,0.2903225806451613,0.16893425232205408
yolo11s,42,ap50,IoU=0.50,0.31,0.28,0.16893425232205408
yolo11s,42,ap50,IoU=0.50,0.32,0.27129337539432175,0.16893425232205408
yolo11s,42,ap50,IoU=0.50,0.33,0.2549019607843137,0.16893425232205408
yolo11s,42,ap50,IoU=0.50,0.34,0.2547945205479452,0.16893425232205408
yolo11s,42,ap50,IoU=0.50,0.35000000000000003,0.25474254742547425,0.16893425232205408
yolo11s,42,ap50,IoU=0.50,0.36,0.24619289340101522,0.16893425232205408
yolo11s,42,ap50,IoU=0.50,0.37,0.24056603773584906,0.16893425232205408
yolo11s,42,ap50,IoU=0.50,0.38,0.24056603773584906,0.16893425232205408
yolo11s,42,ap50,IoU=0.50,0.39,0.2292576419213974,0.16893425232205408
yolo11s,42,ap50,IoU=0.50,0.4,0.2134387351778656,0.16893425232205408
yolo11s,42,ap50,IoU=0.50,0.41000000000000003,0.20912547528517111,0.16893425232205408
yolo11s,42,ap50,IoU=0.50,0.42,0.20540540540540542,0.16893425232205408
yolo11s,42,ap50,IoU=0.50,0.43,0.19630872483221476,0.16893425232205408
yolo11s,42,ap50,IoU=0.50,0.44,0.19032258064516128,0.16893425232205408
yolo11s,42,ap50,IoU=0.50,0.45,0.1673582295988935,0.16893425232205408
yolo11s,42,ap50,IoU=0.50,0.46,0.16209150326797386,0.16893425232205408
yolo11s,42,ap50,IoU=0.50,0.47000000000000003,0.0,0.16893425232205408
yolo11s,42,ap50,IoU=0.50,0.48,0.0,0.16893425232205408
yolo11s,42,ap50,IoU=0.50,0.49,0.0,0.16893425232205408
yolo11s,42,ap50,IoU=0.50,0.5,0.0,0.16893425232205408
yolo11s,42,ap50,IoU=0.50,0.51,0.0,0.16893425232205408
yolo11s,42,ap50,IoU=0.50,0.52,0.0,0.16893425232205408
yolo11s,42,ap50,IoU=0.50,0.53,0.0,0.16893425232205408
yolo11s,42,ap50,IoU=0.50,0.54,0.0,0.16893425232205408
yolo11s,42,ap50,IoU=0.50,0.55,0.0,0.16893425232205408
yolo11s,42,ap50,IoU=0.50,0.56,0.0,0.16893425232205408
yolo11s,42,ap50,IoU=0.50,0.5700000000000001,0.0,0.16893425232205408
yolo11s,42,ap50,IoU=0.50,0.58,0.0,0.16893425232205408
yolo11s,42,ap50,IoU=0.50,0.59,0.0,0.16893425232205408
yolo11s,42,ap50,IoU=0.50,0.6,0.0,0.16893425232205408
yolo11s,42,ap50,IoU=0.50,0.61,0.0,0.16893425232205408
yolo11s,42,ap50,IoU=0.50,0.62,0.0,0.16893425232205408
yolo11s,42,ap50,IoU=0.50,0.63,0.0,0.16893425232205408
yolo11s,42,ap50,IoU=0.50,0.64,0.0,0.16893425232205408
yolo11s,42,ap50,IoU=0.50,0.65,0.0,0.16893425232205408
yolo11s,42,ap50,IoU=0.50,0.66,0.0,0.16893425232205408
yolo11s,42,ap50,IoU=0.50,0.67,0.0,0.16893425232205408
yolo11s,42,ap50,IoU=0.50,0.68,0.0,0.16893425232205408
yolo11s,42,ap50,IoU=0.50,0.6900000000000001,0.0,0.16893425232205408
yolo11s,42,ap50,IoU=0.50,0.7000000000000001,0.0,0.16893425232205408
yolo11s,42,ap50,IoU=0.50,0.71,0.0,0.16893425232205408
yolo11s,42,ap50,IoU=0.50,0.72,0.0,0.16893425232205408
yolo11s,42,ap50,IoU=0.50,0.73,0.0,0.16893425232205408
yolo11s,42,ap50,IoU=0.50,0.74,0.0,0.16893425232205408
yolo11s,42,ap50,IoU=0.50,0.75,0.0,0.16893425232205408
yolo11s,42,ap50,IoU=0.50,0.76,0.0,0.16893425232205408
yolo11s,42,ap50,IoU=0.50,0.77,0.0,0.16893425232205408
yolo11s,42,ap50,IoU=0.50,0.78,0.0,0.16893425232205408
yolo11s,42,ap50,IoU=0.50,0.79,0.0,0.16893425232205408
yolo11s,42,ap50,IoU=0.50,0.8,0.0,0.16893425232205408
yolo11s,42,ap50,IoU=0.50,0.81,0.0,0.16893425232205408
yolo11s,42,ap50,IoU=0.50,0.8200000000000001,0.0,0.16893425232205408
yolo11s,42,ap50,IoU=0.50,0.8300000000000001,0.0,0.16893425232205408
yolo11s,42,ap50,IoU=0.50,0.84,0.0,0.16893425232205408
yolo11s,42,ap50,IoU=0.50,0.85,0.0,0.16893425232205408
yolo11s,42,ap50,IoU=0.50,0.86,0.0,0.16893425232205408
yolo11s,42,ap50,IoU=0.50,0.87,0.0,0.16893425232205408
yolo11s,42,ap50,IoU=0.50,0.88,0.0,0.16893425232205408
yolo11s,42,ap50,IoU=0.50,0.89,0.0,0.16893425232205408
yolo11s,42,ap50,IoU=0.50,0.9,0.0,0.16893425232205408
yolo11s,42,ap50,IoU=0.50,0.91,0.0,0.16893425232205408
yolo11s,42,ap50,IoU=0.50,0.92,0.0,0.16893425232205408
yolo11s,42,ap50,IoU=0.50,0.93,0.0,0.16893425232205408
yolo11s,42,ap50,IoU=0.50,0.9400000000000001,0.0,0.16893425232205408
yolo11s,42,ap50,IoU=0.50,0.9500000000000001,0.0,0.16893425232205408
yolo11s,42,ap50,IoU=0.50,0.96,0.0,0.16893425232205408
yolo11s,42,ap50,IoU=0.50,0.97,0.0,0.16893425232205408
yolo11s,42,ap50,IoU=0.50,0.98,0.0,0.16893425232205408
yolo11s,42,ap50,IoU=0.50,0.99,0.0,0.16893425232205408
yolo11s,42,ap50,IoU=0.50,1.0,0.0,0.16893425232205408
yolo11s,42,ap50_95,mean IoU=0.50:0.95,0.0,0.7124999999999998,0.05832218986182618
yolo11s,42,ap50_95,mean IoU=0.50:0.95,0.01,0.46103603603603605,0.05832218986182618
yolo11s,42,ap50_95,mean IoU=0.50:0.95,0.02,0.27771493212669685,0.05832218986182618
yolo11s,42,ap50_95,mean IoU=0.50:0.95,0.03,0.2319264705882353,0.05832218986182618
yolo11s,42,ap50_95,mean IoU=0.50:0.95,0.04,0.2140629701468412,0.05832218986182618
yolo11s,42,ap50_95,mean IoU=0.50:0.95,0.05,0.20365681386871204,0.05832218986182618
yolo11s,42,ap50_95,mean IoU=0.50:0.95,0.06,0.1970281931689694,0.05832218986182618
yolo11s,42,ap50_95,mean IoU=0.50:0.95,0.07,0.1949635227078624,0.05832218986182618
yolo11s,42,ap50_95,mean IoU=0.50:0.95,0.08,0.1880293652271035,0.05832218986182618
yolo11s,42,ap50_95,mean IoU=0.50:0.95,0.09,0.18031466366450888,0.05832218986182618
yolo11s,42,ap50_95,mean IoU=0.50:0.95,0.1,0.17970473769834297,0.05832218986182618
yolo11s,42,ap50_95,mean IoU=0.50:0.95,0.11,0.17011301085892735,0.05832218986182618
yolo11s,42,ap50_95,mean IoU=0.50:0.95,0.12,0.1626665972351645,0.05832218986182618
yolo11s,42,ap50_95,mean IoU=0.50:0.95,0.13,0.1552566429571241,0.05832218986182618
yolo11s,42,ap50_95,mean IoU=0.50:0.95,0.14,0.14506425702811246,0.05832218986182618
yolo11s,42,ap50_95,mean IoU=0.50:0.95,0.15,0.13924537109889043,0.05832218986182618
yolo11s,42,ap50_95,mean IoU=0.50:0.95,0.16,0.13489315336288127,0.05832218986182618
yolo11s,42,ap50_95,mean IoU=0.50:0.95,0.17,0.1302190445801064,0.05832218986182618
yolo11s,42,ap50_95,mean IoU=0.50:0.95,0.18,0.12143873172526379,0.05832218986182618
yolo11s,42,ap50_95,mean IoU=0.50:0.95,0.19,0.11830031485729378,0.05832218986182618
yolo11s,42,ap50_95,mean IoU=0.50:0.95,0.2,0.10642731024159176,0.05832218986182618
yolo11s,42,ap50_95,mean IoU=0.50:0.95,0.21,0.10292499707165578,0.05832218986182618
yolo11s,42,ap50_95,mean IoU=0.50:0.95,0.22,0.09940276666143719,0.05832218986182618
yolo11s,42,ap50_95,mean IoU=0.50:0.95,0.23,0.09640928165176062,0.05832218986182618
yolo11s,42,ap50_95,mean IoU=0.50:0.95,0.24,0.09174545967759118,0.05832218986182618
yolo11s,42,ap50_95,mean IoU=0.50:0.95,0.25,0.09003854690632522,0.05832218986182618
yolo11s,42,ap50_95,mean IoU=0.50:0.95,0.26,0.08660001136586537,0.05832218986182618
yolo11s,42,ap50_95,mean IoU=0.50:0.95,0.27,0.07453379953379953,0.05832218986182618
yolo11s,42,ap50_95,mean IoU=0.50:0.95,0.28,0.07326081419119712,0.05832218986182618
yolo11s,42,ap50_95,mean IoU=0.50:0.95,0.29,0.07096179990936476,0.05832218986182618
yolo11s,42,ap50_95,mean IoU=0.50:0.95,0.3,0.06679648570679256,0.05832218986182618
yolo11s,42,ap50_95,mean IoU=0.50:0.95,0.31,0.06486041338025321,0.05832218986182618
yolo11s,42,ap50_95,mean IoU=0.50:0.95,0.32,0.06321428599304042,0.05832218986182618
yolo11s,42,ap50_95,mean IoU=0.50:0.95,0.33,0.05926228042301239,0.05832218986182618
yolo11s,42,ap50_95,mean IoU=0.50:0.95,0.34,0.046924673500015966,0.05832218986182618
yolo11s,42,ap50_95,mean IoU=0.50:0.95,0.35000000000000003,0.04599827220979633,0.05832218986182618
yolo11s,42,ap50_95,mean IoU=0.50:0.95,0.36,0.04378924981440983,0.05832218986182618
yolo11s,42,ap50_95,mean IoU=0.50:0.95,0.37,0.04276030747728861,0.05832218986182618
yolo11s,42,ap50_95,mean IoU=0.50:0.95,0.38,0.042434982151963285,0.05832218986182618
yolo11s,42,ap50_95,mean IoU=0.50:0.95,0.39,0.040338699515522825,0.05832218986182618
yolo11s,42,ap50_95,mean IoU=0.50:0.95,0.4,0.03628163285388615,0.05832218986182618
yolo11s,42,ap50_95,mean IoU=0.50:0.95,0.41000000000000003,0.035291632495837374,0.05832218986182618
yolo11s,42,ap50_95,mean IoU=0.50:0.95,0.42,0.020540540540540542,0.05832218986182618
yolo11s,42,ap50_95,mean IoU=0.50:0.95,0.43,0.019630872483221477,0.05832218986182618
yolo11s,42,ap50_95,mean IoU=0.50:0.95,0.44,0.01903225806451613,0.05832218986182618
yolo11s,42,ap50_95,mean IoU=0.50:0.95,0.45,0.01673582295988935,0.05832218986182618
yolo11s,42,ap50_95,mean IoU=0.50:0.95,0.46,0.016209150326797386,0.05832218986182618
yolo11s,42,ap50_95,mean IoU=0.50:0.95,0.47000000000000003,0.0,0.05832218986182618
yolo11s,42,ap50_95,mean IoU=0.50:0.95,0.48,0.0,0.05832218986182618
yolo11s,42,ap50_95,mean IoU=0.50:0.95,0.49,0.0,0.05832218986182618
yolo11s,42,ap50_95,mean IoU=0.50:0.95,0.5,0.0,0.05832218986182618
yolo11s,42,ap50_95,mean IoU=0.50:0.95,0.51,0.0,0.05832218986182618
yolo11s,42,ap50_95,mean IoU=0.50:0.95,0.52,0.0,0.05832218986182618
yolo11s,42,ap50_95,mean IoU=0.50:0.95,0.53,0.0,0.05832218986182618
yolo11s,42,ap50_95,mean IoU=0.50:0.95,0.54,0.0,0.05832218986182618
yolo11s,42,ap50_95,mean IoU=0.50:0.95,0.55,0.0,0.05832218986182618
yolo11s,42,ap50_95,mean IoU=0.50:0.95,0.56,0.0,0.05832218986182618
yolo11s,42,ap50_95,mean IoU=0.50:0.95,0.5700000000000001,0.0,0.05832218986182618
yolo11s,42,ap50_95,mean IoU=0.50:0.95,0.58,0.0,0.05832218986182618
yolo11s,42,ap50_95,mean IoU=0.50:0.95,0.59,0.0,0.05832218986182618
yolo11s,42,ap50_95,mean IoU=0.50:0.95,0.6,0.0,0.05832218986182618
yolo11s,42,ap50_95,mean IoU=0.50:0.95,0.61,0.0,0.05832218986182618
yolo11s,42,ap50_95,mean IoU=0.50:0.95,0.62,0.0,0.05832218986182618
yolo11s,42,ap50_95,mean IoU=0.50:0.95,0.63,0.0,0.05832218986182618
yolo11s,42,ap50_95,mean IoU=0.50:0.95,0.64,0.0,0.05832218986182618
yolo11s,42,ap50_95,mean IoU=0.50:0.95,0.65,0.0,0.05832218986182618
yolo11s,42,ap50_95,mean IoU=0.50:0.95,0.66,0.0,0.05832218986182618
yolo11s,42,ap50_95,mean IoU=0.50:0.95,0.67,0.0,0.05832218986182618
yolo11s,42,ap50_95,mean IoU=0.50:0.95,0.68,0.0,0.05832218986182618
yolo11s,42,ap50_95,mean IoU=0.50:0.95,0.6900000000000001,0.0,0.05832218986182618
yolo11s,42,ap50_95,mean IoU=0.50:0.95,0.7000000000000001,0.0,0.05832218986182618
yolo11s,42,ap50_95,mean IoU=0.50:0.95,0.71,0.0,0.05832218986182618
yolo11s,42,ap50_95,mean IoU=0.50:0.95,0.72,0.0,0.05832218986182618
yolo11s,42,ap50_95,mean IoU=0.50:0.95,0.73,0.0,0.05832218986182618
yolo11s,42,ap50_95,mean IoU=0.50:0.95,0.74,0.0,0.05832218986182618
yolo11s,42,ap50_95,mean IoU=0.50:0.95,0.75,0.0,0.05832218986182618
yolo11s,42,ap50_95,mean IoU=0.50:0.95,0.76,0.0,0.05832218986182618
yolo11s,42,ap50_95,mean IoU=0.50:0.95,0.77,0.0,0.05832218986182618
yolo11s,42,ap50_95,mean IoU=0.50:0.95,0.78,0.0,0.05832218986182618
yolo11s,42,ap50_95,mean IoU=0.50:0.95,0.79,0.0,0.05832218986182618
yolo11s,42,ap50_95,mean IoU=0.50:0.95,0.8,0.0,0.05832218986182618
yolo11s,42,ap50_95,mean IoU=0.50:0.95,0.81,0.0,0.05832218986182618
yolo11s,42,ap50_95,mean IoU=0.50:0.95,0.8200000000000001,0.0,0.05832218986182618
yolo11s,42,ap50_95,mean IoU=0.50:0.95,0.8300000000000001,0.0,0.05832218986182618
yolo11s,42,ap50_95,mean IoU=0.50:0.95,0.84,0.0,0.05832218986182618
yolo11s,42,ap50_95,mean IoU=0.50:0.95,0.85,0.0,0.05832218986182618
yolo11s,42,ap50_95,mean IoU=0.50:0.95,0.86,0.0,0.05832218986182618
yolo11s,42,ap50_95,mean IoU=0.50:0.95,0.87,0.0,0.05832218986182618
yolo11s,42,ap50_95,mean IoU=0.50:0.95,0.88,0.0,0.05832218986182618
yolo11s,42,ap50_95,mean IoU=0.50:0.95,0.89,0.0,0.05832218986182618
yolo11s,42,ap50_95,mean IoU=0.50:0.95,0.9,0.0,0.05832218986182618
yolo11s,42,ap50_95,mean IoU=0.50:0.95,0.91,0.0,0.05832218986182618
yolo11s,42,ap50_95,mean IoU=0.50:0.95,0.92,0.0,0.05832218986182618
yolo11s,42,ap50_95,mean IoU=0.50:0.95,0.93,0.0,0.05832218986182618
yolo11s,42,ap50_95,mean IoU=0.50:0.95,0.9400000000000001,0.0,0.05832218986182618
yolo11s,42,ap50_95,mean IoU=0.50:0.95,0.9500000000000001,0.0,0.05832218986182618
yolo11s,42,ap50_95,mean IoU=0.50:0.95,0.96,0.0,0.05832218986182618
yolo11s,42,ap50_95,mean IoU=0.50:0.95,0.97,0.0,0.05832218986182618
yolo11s,42,ap50_95,mean IoU=0.50:0.95,0.98,0.0,0.05832218986182618
yolo11s,42,ap50_95,mean IoU=0.50:0.95,0.99,0.0,0.05832218986182618
yolo11s,42,ap50_95,mean IoU=0.50:0.95,1.0,0.0,0.05832218986182618
yolo11s,137,ap50,IoU=0.50,0.0,0.9999999999999998,0.13969236100218996
yolo11s,137,ap50,IoU=0.50,0.01,0.5294117647058824,0.13969236100218996
yolo11s,137,ap50,IoU=0.50,0.02,0.5294117647058824,0.13969236100218996
yolo11s,137,ap50,IoU=0.50,0.03,0.5294117647058824,0.13969236100218996
yolo11s,137,ap50,IoU=0.50,0.04,0.5,0.13969236100218996
yolo11s,137,ap50,IoU=0.50,0.05,0.47058823529411764,0.13969236100218996
yolo11s,137,ap50,IoU=0.50,0.06,0.4393939393939394,0.13969236100218996
yolo11s,137,ap50,IoU=0.50,0.07,0.4393939393939394,0.13969236100218996
yolo11s,137,ap50,IoU=0.50,0.08,0.4393939393939394,0.13969236100218996
yolo11s,137,ap50,IoU=0.50,0.09,0.4393939393939394,0.13969236100218996
yolo11s,137,ap50,IoU=0.50,0.1,0.4393939393939394,0.13969236100218996
yolo11s,137,ap50,IoU=0.50,0.11,0.43661971830985913,0.13969236100218996
yolo11s,137,ap50,IoU=0.50,0.12,0.41379310344827586,0.13969236100218996
yolo11s,137,ap50,IoU=0.50,0.13,0.41379310344827586,0.13969236100218996
yolo11s,137,ap50,IoU=0.50,0.14,0.38,0.13969236100218996
yolo11s,137,ap50,IoU=0.50,0.15,0.3360655737704918,0.13969236100218996
yolo11s,137,ap50,IoU=0.50,0.16,0.3355263157894737,0.13969236100218996
yolo11s,137,ap50,IoU=0.50,0.17,0.3355263157894737,0.13969236100218996
yolo11s,137,ap50,IoU=0.50,0.18,0.3355263157894737,0.13969236100218996
yolo11s,137,ap50,IoU=0.50,0.19,0.3355263157894737,0.13969236100218996
yolo11s,137,ap50,IoU=0.50,0.2,0.32748538011695905,0.13969236100218996
yolo11s,137,ap50,IoU=0.50,0.21,0.32608695652173914,0.13969236100218996
yolo11s,137,ap50,IoU=0.50,0.22,0.32608695652173914,0.13969236100218996
yolo11s,137,ap50,IoU=0.50,0.23,0.31794871794871793,0.13969236100218996
yolo11s,137,ap50,IoU=0.50,0.24,0.3101851851851852,0.13969236100218996
yolo11s,137,ap50,IoU=0.50,0.25,0.3101851851851852,0.13969236100218996
yolo11s,137,ap50,IoU=0.50,0.26,0.2992125984251969,0.13969236100218996
yolo11s,137,ap50,IoU=0.50,0.27,0.2992125984251969,0.13969236100218996
yolo11s,137,ap50,IoU=0.50,0.28,0.2992125984251969,0.13969236100218996
yolo11s,137,ap50,IoU=0.50,0.29,0.29213483146067415,0.13969236100218996
yolo11s,137,ap50,IoU=0.50,0.3,0.2916666666666667,0.13969236100218996
yolo11s,137,ap50,IoU=0.50,0.31,0.2916666666666667,0.13969236100218996
yolo11s,137,ap50,IoU=0.50,0.32,0.2783171521035599,0.13969236100218996
yolo11s,137,ap50,IoU=0.50,0.33,0.27380952380952384,0.13969236100218996
yolo11s,137,ap50,IoU=0.50,0.34,0.27380952380952384,0.13969236100218996
yolo11s,137,ap50,IoU=0.50,0.35000000000000003,0.26628895184135976,0.13969236100218996
yolo11s,137,ap50,IoU=0.50,0.36,0.24744897959183673,0.13969236100218996
yolo11s,137,ap50,IoU=0.50,0.37,0.0,0.13969236100218996
yolo11s,137,ap50,IoU=0.50,0.38,0.0,0.13969236100218996
yolo11s,137,ap50,IoU=0.50,0.39,0.0,0.13969236100218996
yolo11s,137,ap50,IoU=0.50,0.4,0.0,0.13969236100218996
yolo11s,137,ap50,IoU=0.50,0.41000000000000003,0.0,0.13969236100218996
yolo11s,137,ap50,IoU=0.50,0.42,0.0,0.13969236100218996
yolo11s,137,ap50,IoU=0.50,0.43,0.0,0.13969236100218996
yolo11s,137,ap50,IoU=0.50,0.44,0.0,0.13969236100218996
yolo11s,137,ap50,IoU=0.50,0.45,0.0,0.13969236100218996
yolo11s,137,ap50,IoU=0.50,0.46,0.0,0.13969236100218996
yolo11s,137,ap50,IoU=0.50,0.47000000000000003,0.0,0.13969236100218996
yolo11s,137,ap50,IoU=0.50,0.48,0.0,0.13969236100218996
yolo11s,137,ap50,IoU=0.50,0.49,0.0,0.13969236100218996
yolo11s,137,ap50,IoU=0.50,0.5,0.0,0.13969236100218996
yolo11s,137,ap50,IoU=0.50,0.51,0.0,0.13969236100218996
yolo11s,137,ap50,IoU=0.50,0.52,0.0,0.13969236100218996
yolo11s,137,ap50,IoU=0.50,0.53,0.0,0.13969236100218996
yolo11s,137,ap50,IoU=0.50,0.54,0.0,0.13969236100218996
yolo11s,137,ap50,IoU=0.50,0.55,0.0,0.13969236100218996
yolo11s,137,ap50,IoU=0.50,0.56,0.0,0.13969236100218996
yolo11s,137,ap50,IoU=0.50,0.5700000000000001,0.0,0.13969236100218996
yolo11s,137,ap50,IoU=0.50,0.58,0.0,0.13969236100218996
yolo11s,137,ap50,IoU=0.50,0.59,0.0,0.13969236100218996
yolo11s,137,ap50,IoU=0.50,0.6,0.0,0.13969236100218996
yolo11s,137,ap50,IoU=0.50,0.61,0.0,0.13969236100218996
yolo11s,137,ap50,IoU=0.50,0.62,0.0,0.13969236100218996
yolo11s,137,ap50,IoU=0.50,0.63,0.0,0.13969236100218996
yolo11s,137,ap50,IoU=0.50,0.64,0.0,0.13969236100218996
yolo11s,137,ap50,IoU=0.50,0.65,0.0,0.13969236100218996
yolo11s,137,ap50,IoU=0.50,0.66,0.0,0.13969236100218996
yolo11s,137,ap50,IoU=0.50,0.67,0.0,0.13969236100218996
yolo11s,137,ap50,IoU=0.50,0.68,0.0,0.13969236100218996
yolo11s,137,ap50,IoU=0.50,0.6900000000000001,0.0,0.13969236100218996
yolo11s,137,ap50,IoU=0.50,0.7000000000000001,0.0,0.13969236100218996
yolo11s,137,ap50,IoU=0.50,0.71,0.0,0.13969236100218996
yolo11s,137,ap50,IoU=0.50,0.72,0.0,0.13969236100218996
yolo11s,137,ap50,IoU=0.50,0.73,0.0,0.13969236100218996
yolo11s,137,ap50,IoU=0.50,0.74,0.0,0.13969236100218996
yolo11s,137,ap50,IoU=0.50,0.75,0.0,0.13969236100218996
yolo11s,137,ap50,IoU=0.50,0.76,0.0,0.13969236100218996
yolo11s,137,ap50,IoU=0.50,0.77,0.0,0.13969236100218996
yolo11s,137,ap50,IoU=0.50,0.78,0.0,0.13969236100218996
yolo11s,137,ap50,IoU=0.50,0.79,0.0,0.13969236100218996
yolo11s,137,ap50,IoU=0.50,0.8,0.0,0.13969236100218996
yolo11s,137,ap50,IoU=0.50,0.81,0.0,0.13969236100218996
yolo11s,137,ap50,IoU=0.50,0.8200000000000001,0.0,0.13969236100218996
yolo11s,137,ap50,IoU=0.50,0.8300000000000001,0.0,0.13969236100218996
yolo11s,137,ap50,IoU=0.50,0.84,0.0,0.13969236100218996
yolo11s,137,ap50,IoU=0.50,0.85,0.0,0.13969236100218996
yolo11s,137,ap50,IoU=0.50,0.86,0.0,0.13969236100218996
yolo11s,137,ap50,IoU=0.50,0.87,0.0,0.13969236100218996
yolo11s,137,ap50,IoU=0.50,0.88,0.0,0.13969236100218996
yolo11s,137,ap50,IoU=0.50,0.89,0.0,0.13969236100218996
yolo11s,137,ap50,IoU=0.50,0.9,0.0,0.13969236100218996
yolo11s,137,ap50,IoU=0.50,0.91,0.0,0.13969236100218996
yolo11s,137,ap50,IoU=0.50,0.92,0.0,0.13969236100218996
yolo11s,137,ap50,IoU=0.50,0.93,0.0,0.13969236100218996
yolo11s,137,ap50,IoU=0.50,0.9400000000000001,0.0,0.13969236100218996
yolo11s,137,ap50,IoU=0.50,0.9500000000000001,0.0,0.13969236100218996
yolo11s,137,ap50,IoU=0.50,0.96,0.0,0.13969236100218996
yolo11s,137,ap50,IoU=0.50,0.97,0.0,0.13969236100218996
yolo11s,137,ap50,IoU=0.50,0.98,0.0,0.13969236100218996
yolo11s,137,ap50,IoU=0.50,0.99,0.0,0.13969236100218996
yolo11s,137,ap50,IoU=0.50,1.0,0.0,0.13969236100218996
yolo11s,137,ap50_95,mean IoU=0.50:0.95,0.0,0.6254651162790696,0.045826108358026814
yolo11s,137,ap50_95,mean IoU=0.50:0.95,0.01,0.32757352941176465,0.045826108358026814
yolo11s,137,ap50_95,mean IoU=0.50:0.95,0.02,0.2776589423648247,0.045826108358026814
yolo11s,137,ap50_95,mean IoU=0.50:0.95,0.03,0.24966776410845842,0.045826108358026814
yolo11s,137,ap50_95,mean IoU=0.50:0.95,0.04,0.22987087490033642,0.045826108358026814
yolo11s,137,ap50_95,mean IoU=0.50:0.95,0.05,0.19282291157893855,0.045826108358026814
yolo11s,137,ap50_95,mean IoU=0.50:0.95,0.06,0.17787691884411427,0.045826108358026814
yolo11s,137,ap50_95,mean IoU=0.50:0.95,0.07,0.17575699463116684,0.045826108358026814
yolo11s,137,ap50_95,mean IoU=0.50:0.95,0.08,0.16770675174838715,0.045826108358026814
yolo11s,137,ap50_95,mean IoU=0.50:0.95,0.09,0.1598766809025038,0.045826108358026814
yolo11s,137,ap50_95,mean IoU=0.50:0.95,0.1,0.15480253905861582,0.045826108358026814
yolo11s,137,ap50_95,mean IoU=0.50:0.95,0.11,0.13800566886635585,0.045826108358026814
yolo11s,137,ap50_95,mean IoU=0.50:0.95,0.12,0.1298543248540602,0.045826108358026814
yolo11s,137,ap50_95,mean IoU=0.50:0.95,0.13,0.12568222185428468,0.045826108358026814
yolo11s,137,ap50_95,mean IoU=0.50:0.95,0.14,0.12182548095390155,0.045826108358026814
yolo11s,137,ap50_95,mean IoU=0.50:0.95,0.15,0.11350915556588585,0.045826108358026814
yolo11s,137,ap50_95,mean IoU=0.50:0.95,0.16,0.1013890224342923,0.045826108358026814
yolo11s,137,ap50_95,mean IoU=0.50:0.95,0.17,0.10102511585567693,0.045826108358026814
yolo11s,137,ap50_95,mean IoU=0.50:0.95,0.18,0.09809377099371151,0.045826108358026814
yolo11s,137,ap50_95,mean IoU=0.50:0.95,0.19,0.09729923483981692,0.045826108358026814
yolo11s,137,ap50_95,mean IoU=0.50:0.95,0.2,0.08113050087641739,0.045826108358026814
yolo11s,137,ap50_95,mean IoU=0.50:0.95,0.21,0.08006239935587763,0.045826108358026814
yolo11s,137,ap50_95,mean IoU=0.50:0.95,0.22,0.0790173615996748,0.045826108358026814
yolo11s,137,ap50_95,mean IoU=0.50:0.95,0.23,0.07688582225562848,0.045826108358026814
yolo11s,137,ap50_95,mean IoU=0.50:0.95,0.24,0.05719039351851851,0.045826108358026814
yolo11s,137,ap50_95,mean IoU=0.50:0.95,0.25,0.05719039351851851,0.045826108358026814
yolo11s,137,ap50_95,mean IoU=0.50:0.95,0.26,0.05526848206474191,0.045826108358026814
yolo11s,137,ap50_95,mean IoU=0.50:0.95,0.27,0.05526848206474191,0.045826108358026814
yolo11s,137,ap50_95,mean IoU=0.50:0.95,0.28,0.05330587522713507,0.045826108358026814
yolo11s,137,ap50_95,mean IoU=0.50:0.95,0.29,0.05242776886035313,0.045826108358026814
yolo11s,137,ap50_95,mean IoU=0.50:0.95,0.3,0.051792364990689024,0.045826108358026814
yolo11s,137,ap50_95,mean IoU=0.50:0.95,0.31,0.029166666666666667,0.045826108358026814
yolo11s,137,ap50_95,mean IoU=0.50:0.95,0.32,0.02783171521035599,0.045826108358026814
yolo11s,137,ap50_95,mean IoU=0.50:0.95,0.33,0.027380952380952384,0.045826108358026814
yolo11s,137,ap50_95,mean IoU=0.50:0.95,0.34,0.027380952380952384,0.045826108358026814
yolo11s,137,ap50_95,mean IoU=0.50:0.95,0.35000000000000003,0.026628895184135977,0.045826108358026814
yolo11s,137,ap50_95,mean IoU=0.50:0.95,0.36,0.024744897959183672,0.045826108358026814
yolo11s,137,ap50_95,mean IoU=0.50:0.95,0.37,0.0,0.045826108358026814
yolo11s,137,ap50_95,mean IoU=0.50:0.95,0.38,0.0,0.045826108358026814
yolo11s,137,ap50_95,mean IoU=0.50:0.95,0.39,0.0,0.045826108358026814
yolo11s,137,ap50_95,mean IoU=0.50:0.95,0.4,0.0,0.045826108358026814
yolo11s,137,ap50_95,mean IoU=0.50:0.95,0.41000000000000003,0.0,0.045826108358026814
yolo11s,137,ap50_95,mean IoU=0.50:0.95,0.42,0.0,0.045826108358026814
yolo11s,137,ap50_95,mean IoU=0.50:0.95,0.43,0.0,0.045826108358026814
yolo11s,137,ap50_95,mean IoU=0.50:0.95,0.44,0.0,0.045826108358026814
yolo11s,137,ap50_95,mean IoU=0.50:0.95,0.45,0.0,0.045826108358026814
yolo11s,137,ap50_95,mean IoU=0.50:0.95,0.46,0.0,0.045826108358026814
yolo11s,137,ap50_95,mean IoU=0.50:0.95,0.47000000000000003,0.0,0.045826108358026814
yolo11s,137,ap50_95,mean IoU=0.50:0.95,0.48,0.0,0.045826108358026814
yolo11s,137,ap50_95,mean IoU=0.50:0.95,0.49,0.0,0.045826108358026814
yolo11s,137,ap50_95,mean IoU=0.50:0.95,0.5,0.0,0.045826108358026814
yolo11s,137,ap50_95,mean IoU=0.50:0.95,0.51,0.0,0.045826108358026814
yolo11s,137,ap50_95,mean IoU=0.50:0.95,0.52,0.0,0.045826108358026814
yolo11s,137,ap50_95,mean IoU=0.50:0.95,0.53,0.0,0.045826108358026814
yolo11s,137,ap50_95,mean IoU=0.50:0.95,0.54,0.0,0.045826108358026814
yolo11s,137,ap50_95,mean IoU=0.50:0.95,0.55,0.0,0.045826108358026814
yolo11s,137,ap50_95,mean IoU=0.50:0.95,0.56,0.0,0.045826108358026814
yolo11s,137,ap50_95,mean IoU=0.50:0.95,0.5700000000000001,0.0,0.045826108358026814
yolo11s,137,ap50_95,mean IoU=0.50:0.95,0.58,0.0,0.045826108358026814
yolo11s,137,ap50_95,mean IoU=0.50:0.95,0.59,0.0,0.045826108358026814
yolo11s,137,ap50_95,mean IoU=0.50:0.95,0.6,0.0,0.045826108358026814
yolo11s,137,ap50_95,mean IoU=0.50:0.95,0.61,0.0,0.045826108358026814
yolo11s,137,ap50_95,mean IoU=0.50:0.95,0.62,0.0,0.045826108358026814
yolo11s,137,ap50_95,mean IoU=0.50:0.95,0.63,0.0,0.045826108358026814
yolo11s,137,ap50_95,mean IoU=0.50:0.95,0.64,0.0,0.045826108358026814
yolo11s,137,ap50_95,mean IoU=0.50:0.95,0.65,0.0,0.045826108358026814
yolo11s,137,ap50_95,mean IoU=0.50:0.95,0.66,0.0,0.045826108358026814
yolo11s,137,ap50_95,mean IoU=0.50:0.95,0.67,0.0,0.045826108358026814
yolo11s,137,ap50_95,mean IoU=0.50:0.95,0.68,0.0,0.045826108358026814
yolo11s,137,ap50_95,mean IoU=0.50:0.95,0.6900000000000001,0.0,0.045826108358026814
yolo11s,137,ap50_95,mean IoU=0.50:0.95,0.7000000000000001,0.0,0.045826108358026814
yolo11s,137,ap50_95,mean IoU=0.50:0.95,0.71,0.0,0.045826108358026814
yolo11s,137,ap50_95,mean IoU=0.50:0.95,0.72,0.0,0.045826108358026814
yolo11s,137,ap50_95,mean IoU=0.50:0.95,0.73,0.0,0.045826108358026814
yolo11s,137,ap50_95,mean IoU=0.50:0.95,0.74,0.0,0.045826108358026814
yolo11s,137,ap50_95,mean IoU=0.50:0.95,0.75,0.0,0.045826108358026814
yolo11s,137,ap50_95,mean IoU=0.50:0.95,0.76,0.0,0.045826108358026814
yolo11s,137,ap50_95,mean IoU=0.50:0.95,0.77,0.0,0.045826108358026814
yolo11s,137,ap50_95,mean IoU=0.50:0.95,0.78,0.0,0.045826108358026814
yolo11s,137,ap50_95,mean IoU=0.50:0.95,0.79,0.0,0.045826108358026814
yolo11s,137,ap50_95,mean IoU=0.50:0.95,0.8,0.0,0.045826108358026814
yolo11s,137,ap50_95,mean IoU=0.50:0.95,0.81,0.0,0.045826108358026814
yolo11s,137,ap50_95,mean IoU=0.50:0.95,0.8200000000000001,0.0,0.045826108358026814
yolo11s,137,ap50_95,mean IoU=0.50:0.95,0.8300000000000001,0.0,0.045826108358026814
yolo11s,137,ap50_95,mean IoU=0.50:0.95,0.84,0.0,0.045826108358026814
yolo11s,137,ap50_95,mean IoU=0.50:0.95,0.85,0.0,0.045826108358026814
yolo11s,137,ap50_95,mean IoU=0.50:0.95,0.86,0.0,0.045826108358026814
yolo11s,137,ap50_95,mean IoU=0.50:0.95,0.87,0.0,0.045826108358026814
yolo11s,137,ap50_95,mean IoU=0.50:0.95,0.88,0.0,0.045826108358026814
yolo11s,137,ap50_95,mean IoU=0.50:0.95,0.89,0.0,0.045826108358026814
yolo11s,137,ap50_95,mean IoU=0.50:0.95,0.9,0.0,0.045826108358026814
yolo11s,137,ap50_95,mean IoU=0.50:0.95,0.91,0.0,0.045826108358026814
yolo11s,137,ap50_95,mean IoU=0.50:0.95,0.92,0.0,0.045826108358026814
yolo11s,137,ap50_95,mean IoU=0.50:0.95,0.93,0.0,0.045826108358026814
yolo11s,137,ap50_95,mean IoU=0.50:0.95,0.9400000000000001,0.0,0.045826108358026814
yolo11s,137,ap50_95,mean IoU=0.50:0.95,0.9500000000000001,0.0,0.045826108358026814
yolo11s,137,ap50_95,mean IoU=0.50:0.95,0.96,0.0,0.045826108358026814
yolo11s,137,ap50_95,mean IoU=0.50:0.95,0.97,0.0,0.045826108358026814
yolo11s,137,ap50_95,mean IoU=0.50:0.95,0.98,0.0,0.045826108358026814
yolo11s,137,ap50_95,mean IoU=0.50:0.95,0.99,0.0,0.045826108358026814
yolo11s,137,ap50_95,mean IoU=0.50:0.95,1.0,0.0,0.045826108358026814
