detector,legacy_shift_id,display_name,scientific_class,scientific_class_definition,retained_use_class,reporting_family,shift_kind,interpretation,center_offset_fraction,width_multiplier,reference_full_scale_counts,relative_count_fraction,synthetic_full_scale_count_budget,gaussian_kernel_size,gaussian_sigma_pixels,image_count,target_count,true_positives,false_positives,false_negatives,inference_seconds,prediction_bundle,prediction_bundle_sha256,clean_precision,shifted_precision,precision_ratio,precision_dsi,clean_recall,shifted_recall,recall_ratio,recall_dsi,clean_f1,shifted_f1,f1_ratio,f1_dsi,clean_iou,shifted_iou,iou_ratio,iou_dsi,clean_dice,shifted_dice,dice_ratio,dice_dsi,clean_map_50,shifted_map_50,map_50_ratio,map_50_dsi,clean_map_50_95,shifted_map_50_95,map_50_95_ratio,map_50_95_dsi
faster_rcnn,voi_center_lower,DICOM LINEAR center -15% of full-input-range width,A,DICOM display-transform sensitivity,A,display_transform,dicom_linear_window,Synthetic DICOM display-transform sensitivity; not a recovered display preset.,-0.15,1.0,,,,,,300,111,77,462,34,14.213742100750096,results/logs/phase22_acquisition_shifts/predictions/faster_rcnn__voi_center_lower.json.gz,ac87b2b8ce44ba3c8dc2dcc0dedb6081c3ac95dc3f35033b65d9b27f30fc0d9e,0.14392523364485982,0.14285714285714285,0.9925788497217067,0.007421150278293265,0.6936936936936937,0.6936936936936937,1.0,0.0,0.238390092879257,0.23692307692307693,0.9938461538461537,0.006153846153846287,0.6920036232087895,0.6888227746939624,0.9954034221669568,0.004596577833043236,0.8131556609292098,0.8110118534330463,0.9973635951894946,0.0026364048105054216,0.37771312207151386,0.36329834371694353,0.9618367022159184,0.03816329778408156,0.1478022331883237,0.14143363923397315,0.9569113820747489,0.043088617925251094
faster_rcnn,voi_center_higher,DICOM LINEAR center +15% of full-input-range width,A,DICOM display-transform sensitivity,A,display_transform,dicom_linear_window,Synthetic DICOM display-transform sensitivity; not a recovered display preset.,0.15,1.0,,,,,,300,111,77,429,34,13.670138899818994,results/logs/phase22_acquisition_shifts/predictions/faster_rcnn__voi_center_higher.json.gz,22766321e31a0fba0ebfae5468f55ca41f8c1126f2f4039067604074b429d2c4,0.14392523364485982,0.15217391304347827,1.057312252964427,-0.05731225296442699,0.6936936936936937,0.6936936936936937,1.0,0.0,0.238390092879257,0.24959481361426258,1.0470016207455428,-0.047001620745542816,0.6920036232087895,0.6718703190479673,0.9709057821583867,0.029094217841613257,0.8131556609292098,0.7987473853654291,0.9822810363918317,0.01771896360816827,0.37771312207151386,0.3844814909943935,1.0179193375272733,-0.01791933752727326,0.1478022331883237,0.13505992532614364,0.91378812358035,0.08621187641965
faster_rcnn,voi_width_narrow,DICOM LINEAR width x0.75,A,DICOM display-transform sensitivity,A,display_transform,dicom_linear_window,Synthetic DICOM display-transform sensitivity; not a recovered display preset.,0.0,0.75,,,,,,300,111,76,446,35,13.368528499850072,results/logs/phase22_acquisition_shifts/predictions/faster_rcnn__voi_width_narrow.json.gz,ec4cd652a582ec72a3caf8adc6b429f9eeaa189cc2f557dcfd6b6624ca783708,0.14392523364485982,0.14559386973180077,1.01159377021446,-0.011593770214459953,0.6936936936936937,0.6846846846846847,0.987012987012987,0.012987012987012991,0.238390092879257,0.24012638230647712,1.0072833959089884,-0.00728339590898841,0.6920036232087895,0.69051947447738,0.9978552876290914,0.00214471237090863,0.8131556609292098,0.8121632602587013,0.9987795686383412,0.0012204313616588358,0.37771312207151386,0.36175700205939354,0.9577559817762983,0.04224401822370172,0.1478022331883237,0.13722523482579127,0.9284381694757234,0.07156183052427656
faster_rcnn,voi_width_wide,DICOM LINEAR width x1.25,A,DICOM display-transform sensitivity,A,display_transform,dicom_linear_window,Synthetic DICOM display-transform sensitivity; not a recovered display preset.,0.0,1.25,,,,,,300,111,77,458,34,13.32322480075527,results/logs/phase22_acquisition_shifts/predictions/faster_rcnn__voi_width_wide.json.gz,c6e52bd8c4f78f6c1b6392f86552f0d2d12ce05f7e1770ab46267f03bbaab2d9,0.14392523364485982,0.14392523364485982,1.0,0.0,0.6936936936936937,0.6936936936936937,1.0,0.0,0.238390092879257,0.238390092879257,1.0,0.0,0.6920036232087895,0.6920521442608827,1.0000701167601813,-7.011676018131574e-05,0.8131556609292098,0.813191204360266,1.0000437104883653,-4.371048836526725e-05,0.37771312207151386,0.377757676947034,1.0001179595648564,-0.0001179595648563847,0.1478022331883237,0.14781987458206555,1.0001193581000862,-0.00011935810008623093
faster_rcnn,poisson_dose_50pct,Poisson-like noise at relative count budget 0.50,D,physically unsupported for these stored values,B,poisson_like_intensity_noise,poisson_like_noise,Physically unsupported as dose/quantum noise for these stored values; retained as generic signal-dependent intensity sensitivity.,,,4096.0,0.5,2048.0,,,300,111,71,485,40,14.785187200410292,results/logs/phase22_acquisition_shifts/predictions/faster_rcnn__poisson_dose_50pct.json.gz,1f6122674a302650a8c24098116a6195c1eb1c8905f78494c9408709fea9da29,0.14392523364485982,0.12769784172661872,0.8872512379706625,0.11274876202933748,0.6936936936936937,0.6396396396396397,0.922077922077922,0.07792207792207795,0.238390092879257,0.21289355322338835,0.8930469830020056,0.10695301699799442,0.6920036232087895,0.6964579261273034,1.0064368202262577,-0.006436820226257689,0.8131556609292098,0.8169776659172789,1.0047002132208016,-0.004700213220801608,0.37771312207151386,0.3016902060324763,0.798728422189569,0.20127157781043103,0.1478022331883237,0.12048610672702452,0.8151846161451832,0.18481538385481677
faster_rcnn,poisson_dose_25pct,Poisson-like noise at relative count budget 0.25,D,physically unsupported for these stored values,B,poisson_like_intensity_noise,poisson_like_noise,Physically unsupported as dose/quantum noise for these stored values; retained as generic signal-dependent intensity sensitivity.,,,4096.0,0.25,1024.0,,,300,111,70,493,41,14.65553599910345,results/logs/phase22_acquisition_shifts/predictions/faster_rcnn__poisson_dose_25pct.json.gz,62a51299760fd1ffd08b2bacc4da654a6c751b12498c0e9e0636b8c76488919f,0.14392523364485982,0.12433392539964476,0.8638785725819473,0.13612142741805267,0.6936936936936937,0.6306306306306306,0.9090909090909091,0.09090909090909094,0.238390092879257,0.20771513353115728,0.8713245211761531,0.1286754788238469,0.6920036232087895,0.6950522239741296,1.004405469369082,-0.004405469369082038,0.8131556609292098,0.8151719677023997,1.0024796073741722,-0.002479607374172188,0.37771312207151386,0.29051882315959826,0.7691520526644379,0.23084794733556213,0.1478022331883237,0.1155994976969467,0.7821228083181561,0.21787719168184394
faster_rcnn,poisson_dose_12p5pct,Poisson-like noise at relative count budget 0.125,D,physically unsupported for these stored values,B,poisson_like_intensity_noise,poisson_like_noise,Physically unsupported as dose/quantum noise for these stored values; retained as generic signal-dependent intensity sensitivity.,,,4096.0,0.125,512.0,,,300,111,74,508,37,15.07376560010016,results/logs/phase22_acquisition_shifts/predictions/faster_rcnn__poisson_dose_12p5pct.json.gz,53385ac857578c897f940e4086f6202b399e39628d4af19d61a6c1f17ca450c0,0.14392523364485982,0.12714776632302405,0.8834292854911411,0.11657071450885892,0.6936936936936937,0.6666666666666666,0.9610389610389609,0.038961038961039085,0.238390092879257,0.21356421356421354,0.8958602724836489,0.10413972751635114,0.6920036232087895,0.6789150867890709,0.9810860290600392,0.018913970939960834,0.8131556609292098,0.8043231822283536,0.9891380222443965,0.010861977755603491,0.37771312207151386,0.2549025340394091,0.6748575020148424,0.3251424979851576,0.1478022331883237,0.10131418608818447,0.6854712807965087,0.31452871920349135
faster_rcnn,gaussian_kernel_3,"Gaussian blur 3x3, sigma 0.5 px",C,physics-motivated proxy,C,spatial_resolution_blur,gaussian_blur,Generic blur/spatial-resolution proxy; not a detector or reconstruction model.,,,,,,3,0.5,300,111,73,464,38,19.378460298408754,results/logs/phase22_acquisition_shifts/predictions/faster_rcnn__gaussian_kernel_3.json.gz,2d030ae972dad7ce1c2024a8f17fb925baa3aa8fb90b270709c9c54d56ef8814,0.14392523364485982,0.13594040968342644,0.9445210283199109,0.055478971680089084,0.6936936936936937,0.6576576576576577,0.9480519480519481,0.051948051948051854,0.238390092879257,0.22530864197530864,0.9451258617925283,0.05487413820747167,0.6920036232087895,0.6915526879910644,0.9993483629238324,0.000651637076167555,0.8131556609292098,0.8129650634243996,0.9997656076026177,0.00023439239738232143,0.37771312207151386,0.35242751315103604,0.9330560485116257,0.06694395148837429,0.1478022331883237,0.13998647386228585,0.9471201540231174,0.052879845976882556
faster_rcnn,gaussian_kernel_5,"Gaussian blur 5x5, sigma 1.0 px",C,physics-motivated proxy,C,spatial_resolution_blur,gaussian_blur,Generic blur/spatial-resolution proxy; not a detector or reconstruction model.,,,,,,5,1.0,300,111,76,494,35,30.375679100165144,results/logs/phase22_acquisition_shifts/predictions/faster_rcnn__gaussian_kernel_5.json.gz,a89c31d0f8c0b8f925c423f69ae1edbc3d08e38834d3ddab7287564823491971,0.14392523364485982,0.13333333333333333,0.9264069264069263,0.07359307359307365,0.6936936936936937,0.6846846846846847,0.987012987012987,0.012987012987012991,0.238390092879257,0.22320117474302498,0.9362854472986631,0.06371455270133686,0.6920036232087895,0.6922209860473065,1.0003141065035313,-0.0003141065035312529,0.8131556609292098,0.8141024899047001,1.001164388346517,-0.001164388346517109,0.37771312207151386,0.33315563505473816,0.8820335211749952,0.11796647882500477,0.1478022331883237,0.13139807230592798,0.8890127670703447,0.11098723292965529
faster_rcnn,gaussian_kernel_9,"Gaussian blur 9x9, sigma 2.0 px",C,physics-motivated proxy,C,spatial_resolution_blur,gaussian_blur,Generic blur/spatial-resolution proxy; not a detector or reconstruction model.,,,,,,9,2.0,300,111,71,545,40,30.545308100874536,results/logs/phase22_acquisition_shifts/predictions/faster_rcnn__gaussian_kernel_9.json.gz,034e2d98492ab6a87f1b798972f3d9cae6510509aacc7e55b38b3c0413ff05be,0.14392523364485982,0.11525974025974026,0.8008306628436498,0.1991693371563502,0.6936936936936937,0.6396396396396397,0.922077922077922,0.07792207792207795,0.238390092879257,0.1953232462173315,0.8193429678986761,0.1806570321013239,0.6920036232087895,0.6808377591368119,0.9838644427608602,0.01613555723913984,0.8131556609292098,0.8058315135173827,0.9909929331323136,0.009007066867686375,0.37771312207151386,0.2879251820973447,0.7622853569880231,0.23771464301197687,0.1478022331883237,0.1110685823325161,0.7514675518535431,0.24853244814645692
yolo11s,voi_center_lower,DICOM LINEAR center -15% of full-input-range width,A,DICOM display-transform sensitivity,A,display_transform,dicom_linear_window,Synthetic DICOM display-transform sensitivity; not a recovered display preset.,-0.15,1.0,,,,,,300,111,19,23,92,13.921627400559373,results/logs/phase22_acquisition_shifts/predictions/yolo11s__voi_center_lower.json.gz,372a0fd42c21be12b3d52929b5b6489285b3c98e60d73dbb4a34dfd181f25f26,0.4634146341463415,0.4523809523809524,0.9761904761904762,0.023809523809523836,0.17117117117117117,0.17117117117117117,1.0,0.0,0.25,0.24836601307189543,0.9934640522875817,0.006535947712418277,0.6940811341732323,0.6844311996366046,0.9860968205855035,0.01390317941449648,0.81434881788263,0.8076905542491462,0.9918238186299627,0.008176181370037283,0.2112858029314436,0.20572708592257907,0.9736910055870238,0.026308994412976183,0.07629474050336979,0.06731690108500543,0.8823268896501741,0.11767311034982586
yolo11s,voi_center_higher,DICOM LINEAR center +15% of full-input-range width,A,DICOM display-transform sensitivity,A,display_transform,dicom_linear_window,Synthetic DICOM display-transform sensitivity; not a recovered display preset.,0.15,1.0,,,,,,300,111,18,19,93,13.575231899158098,results/logs/phase22_acquisition_shifts/predictions/yolo11s__voi_center_higher.json.gz,a9b19aac698218e409e9af9fe308f7b0251c921756fd7d3f4287b92edd5f8a91,0.4634146341463415,0.4864864864864865,1.0497866287339972,-0.049786628733997196,0.17117117117117117,0.16216216216216217,0.9473684210526316,0.05263157894736836,0.25,0.24324324324324326,0.972972972972973,0.027027027027026973,0.6940811341732323,0.716872911102551,1.0328373381830462,-0.03283733818304624,0.81434881788263,0.8309194518247617,1.0203483244259095,-0.020348324425909503,0.2112858029314436,0.20060938733189726,0.9494693185655708,0.05053068143442918,0.07629474050336979,0.07561298022583411,0.9910641248264608,0.00893587517353922
yolo11s,voi_width_narrow,DICOM LINEAR width x0.75,A,DICOM display-transform sensitivity,A,display_transform,dicom_linear_window,Synthetic DICOM display-transform sensitivity; not a recovered display preset.,0.0,0.75,,,,,,300,111,20,22,91,13.192794400150888,results/logs/phase22_acquisition_shifts/predictions/yolo11s__voi_width_narrow.json.gz,2583317cc7d73bb92ec92ac4195a95afba93edcbf57a1a3c104feebe98fc3c64,0.4634146341463415,0.47619047619047616,1.0275689223057642,-0.027568922305764243,0.17117117117117117,0.18018018018018017,1.0526315789473684,-0.05263157894736836,0.25,0.261437908496732,1.045751633986928,-0.04575163398692794,0.6940811341732323,0.700087355772386,1.0086534863194463,-0.00865348631944629,0.81434881788263,0.8194419018179213,1.0062541798102362,-0.006254179810236238,0.2112858029314436,0.22524053804029556,1.0660467239882647,-0.06604672398826472,0.07629474050336979,0.07730423671928471,1.013231530892622,-0.013231530892622079
yolo11s,voi_width_wide,DICOM LINEAR width x1.25,A,DICOM display-transform sensitivity,A,display_transform,dicom_linear_window,Synthetic DICOM display-transform sensitivity; not a recovered display preset.,0.0,1.25,,,,,,300,111,19,22,92,12.000175600405782,results/logs/phase22_acquisition_shifts/predictions/yolo11s__voi_width_wide.json.gz,d40ac291cf68b7637ed29efcf977091e55f94e623499894a6723d08c29a74c95,0.4634146341463415,0.4634146341463415,1.0,0.0,0.17117117117117117,0.17117117117117117,1.0,0.0,0.25,0.25,1.0,0.0,0.6940811341732323,0.6943326543627859,1.0003623786574365,-0.00036237865743649067,0.81434881788263,0.8145422054044162,1.0002374750445258,-0.00023747504452575896,0.2112858029314436,0.2109424248243963,0.9983748169432911,0.0016251830567088899,0.07629474050336979,0.07622562360081893,0.9990940803770372,0.0009059196229628252
yolo11s,poisson_dose_50pct,Poisson-like noise at relative count budget 0.50,D,physically unsupported for these stored values,B,poisson_like_intensity_noise,poisson_like_noise,Physically unsupported as dose/quantum noise for these stored values; retained as generic signal-dependent intensity sensitivity.,,,4096.0,0.5,2048.0,,,300,111,12,21,99,14.233555900864303,results/logs/phase22_acquisition_shifts/predictions/yolo11s__poisson_dose_50pct.json.gz,dd7e3156566ec263478c5704eec81e0d374814015e245c640018d6f377d72efa,0.4634146341463415,0.36363636363636365,0.784688995215311,0.215311004784689,0.17117117117117117,0.10810810810810811,0.6315789473684211,0.36842105263157887,0.25,0.16666666666666669,0.6666666666666667,0.33333333333333326,0.6940811341732323,0.7292644639130493,1.0506905144190763,-0.05069051441907635,0.81434881788263,0.8396517630893717,1.0310713844621662,-0.031071384462166174,0.2112858029314436,0.15895390482095617,0.7523170161723185,0.2476829838276815,0.07629474050336979,0.05471404680348124,0.7171404797040318,0.28285952029596817
yolo11s,poisson_dose_25pct,Poisson-like noise at relative count budget 0.25,D,physically unsupported for these stored values,B,poisson_like_intensity_noise,poisson_like_noise,Physically unsupported as dose/quantum noise for these stored values; retained as generic signal-dependent intensity sensitivity.,,,4096.0,0.25,1024.0,,,300,111,11,21,100,14.31028899922967,results/logs/phase22_acquisition_shifts/predictions/yolo11s__poisson_dose_25pct.json.gz,917d039c34fa93cae4153ac82ed44b9835c69b0fd2d7b46c2d70fb40ec8c2550,0.4634146341463415,0.34375,0.7417763157894737,0.2582236842105263,0.17117117117117117,0.0990990990990991,0.5789473684210527,0.42105263157894735,0.25,0.15384615384615385,0.6153846153846154,0.3846153846153846,0.6940811341732323,0.7217051534396762,1.039799409472999,-0.03979940947299898,0.81434881788263,0.8337014095099193,1.0237644989497345,-0.023764498949734536,0.2112858029314436,0.15901266218242655,0.7525951103966116,0.24740488960338836,0.07629474050336979,0.04623544941370904,0.606010966269253,0.393989033730747
yolo11s,poisson_dose_12p5pct,Poisson-like noise at relative count budget 0.125,D,physically unsupported for these stored values,B,poisson_like_intensity_noise,poisson_like_noise,Physically unsupported as dose/quantum noise for these stored values; retained as generic signal-dependent intensity sensitivity.,,,4096.0,0.125,512.0,,,300,111,10,19,101,14.240369598730467,results/logs/phase22_acquisition_shifts/predictions/yolo11s__poisson_dose_12p5pct.json.gz,6a7fbadbeeb0113aedd9ef5028fa15985e56d13522d417c091841ceafa7f5f6c,0.4634146341463415,0.3448275862068966,0.7441016333938294,0.2558983666061706,0.17117117117117117,0.09009009009009009,0.5263157894736842,0.4736842105263158,0.25,0.14285714285714285,0.5714285714285714,0.4285714285714286,0.6940811341732323,0.6775098329591875,0.9761248355586211,0.023875164441378938,0.81434881788263,0.8025355335789204,0.9854935820568573,0.014506417943142669,0.2112858029314436,0.15055055913585633,0.7125446056813661,0.2874553943186339,0.07629474050336979,0.04298134638826813,0.5633592316415275,0.43664076835847254
yolo11s,gaussian_kernel_3,"Gaussian blur 3x3, sigma 0.5 px",C,physics-motivated proxy,C,spatial_resolution_blur,gaussian_blur,Generic blur/spatial-resolution proxy; not a detector or reconstruction model.,,,,,,3,0.5,300,111,20,24,91,11.674181700218469,results/logs/phase22_acquisition_shifts/predictions/yolo11s__gaussian_kernel_3.json.gz,73375fd1d1b1e53b16b961ffad9d96464428b8b3809f94e0d0bb8cec5cfd39e0,0.4634146341463415,0.45454545454545453,0.9808612440191387,0.019138755980861344,0.17117117117117117,0.18018018018018017,1.0526315789473684,-0.05263157894736836,0.25,0.25806451612903225,1.032258064516129,-0.032258064516129004,0.6940811341732323,0.6822634876812729,0.9829736814471464,0.017026318552853636,0.81434881788263,0.8061595701071255,0.9899438083586868,0.010056191641313217,0.2112858029314436,0.21443114946434239,1.0148866913406356,-0.014886691340635583,0.07629474050336979,0.07077893815055586,0.927704028922278,0.07229597107772201
yolo11s,gaussian_kernel_5,"Gaussian blur 5x5, sigma 1.0 px",C,physics-motivated proxy,C,spatial_resolution_blur,gaussian_blur,Generic blur/spatial-resolution proxy; not a detector or reconstruction model.,,,,,,5,1.0,300,111,21,27,90,11.412337600137107,results/logs/phase22_acquisition_shifts/predictions/yolo11s__gaussian_kernel_5.json.gz,bb7ea12c2ff21483a6fe3ae10b53a8dd5ac459779e02ad43d03153b1c5933c0d,0.4634146341463415,0.4375,0.944078947368421,0.05592105263157898,0.17117117117117117,0.1891891891891892,1.105263157894737,-0.10526315789473695,0.25,0.2641509433962264,1.0566037735849056,-0.05660377358490565,0.6940811341732323,0.6822051208466746,0.9828895892110596,0.017110410788940378,0.81434881788263,0.8060559026940882,0.9898165073658435,0.010183492634156521,0.2112858029314436,0.1989939876238958,0.9418237518233246,0.05817624817667544,0.07629474050336979,0.06384358269789099,0.8368018853812229,0.1631981146187771
yolo11s,gaussian_kernel_9,"Gaussian blur 9x9, sigma 2.0 px",C,physics-motivated proxy,C,spatial_resolution_blur,gaussian_blur,Generic blur/spatial-resolution proxy; not a detector or reconstruction model.,,,,,,9,2.0,300,111,18,37,93,11.694887098507024,results/logs/phase22_acquisition_shifts/predictions/yolo11s__gaussian_kernel_9.json.gz,1f4c3f51b72039dc9995ca816bb12ae9975958e00cdee93c61e4e48f2608de10,0.4634146341463415,0.32727272727272727,0.7062200956937799,0.29377990430622014,0.17117117117117117,0.16216216216216217,0.9473684210526316,0.05263157894736836,0.25,0.21686746987951808,0.8674698795180723,0.1325301204819277,0.6940811341732323,0.7105281127808906,1.0236960461794562,-0.0236960461794562,0.81434881788263,0.8256755599151396,1.0139089561914758,-0.013908956191475808,0.2112858029314436,0.15201625582653414,0.7194816391703289,0.2805183608296711,0.07629474050336979,0.05471333053090495,0.7171310914739708,0.2828689085260292
