detector,family,severity,metric,corruption_type_count,mean_corrupted_performance,mean_relative_performance,mean_relative_degradation
faster_rcnn,blur,1,dice,2,0.8163528037078029,1.003931772146725,-0.003931772146725021
faster_rcnn,blur,1,f1,2,0.21902673292063404,0.9187744770566855,0.08122552294331448
faster_rcnn,blur,1,iou,2,0.696036855905239,1.0058283404323052,-0.00582834043230529
faster_rcnn,blur,1,map_50,2,0.3335790086447139,0.8831544078088875,0.11684559219111246
faster_rcnn,blur,1,map_50_95,2,0.13698017633227338,0.9267801532994344,0.07321984670056558
faster_rcnn,blur,1,precision,2,0.13176082938198183,0.9154810872644192,0.08451891273558082
faster_rcnn,blur,1,recall,2,0.6486486486486487,0.935064935064935,0.06493506493506496
faster_rcnn,blur,2,dice,2,0.8114740272480241,0.9979319658437058,0.0020680341562942517
faster_rcnn,blur,2,f1,2,0.22096846964096692,0.9269196843380818,0.07308031566191814
faster_rcnn,blur,2,iou,2,0.6888876293238733,0.9954971422397074,0.004502857760292633
faster_rcnn,blur,2,map_50,2,0.3385049312676812,0.8961958467611586,0.10380415323884146
faster_rcnn,blur,2,map_50_95,2,0.13270676562557832,0.8978671212395597,0.1021328787604403
faster_rcnn,blur,2,precision,2,0.1320834844497348,0.9177229114364691,0.08227708856353094
faster_rcnn,blur,2,recall,2,0.6756756756756757,0.974025974025974,0.025974025974025927
faster_rcnn,blur,3,dice,2,0.8066768410747669,0.9920324973855075,0.007967502614492472
faster_rcnn,blur,3,f1,2,0.2067055234350007,0.8670894035000678,0.13291059649993214
faster_rcnn,blur,3,iou,2,0.6815540655999024,0.9848995622877912,0.015100437712208814
faster_rcnn,blur,3,map_50,2,0.3019582043439676,0.7994379509187312,0.20056204908126885
faster_rcnn,blur,3,map_50_95,2,0.11080837610636601,0.7497070491836102,0.2502929508163898
faster_rcnn,blur,3,precision,2,0.12231538627565085,0.8498536578892624,0.15014634211073763
faster_rcnn,blur,3,recall,2,0.6666666666666666,0.9610389610389609,0.038961038961039085
faster_rcnn,blur,4,dice,2,0.8052223022986551,0.9902437392841992,0.009756260715800769
faster_rcnn,blur,4,f1,2,0.19141657129131168,0.802955227624593,0.19704477237540696
faster_rcnn,blur,4,iou,2,0.679884166255579,0.9824864255811073,0.017513574418892675
faster_rcnn,blur,4,map_50,2,0.28655256940784235,0.7586513485056743,0.24134865149432566
faster_rcnn,blur,4,map_50_95,2,0.11133995699422523,0.7533036178983867,0.24669638210161332
faster_rcnn,blur,4,precision,2,0.1122773119455584,0.7801085959853733,0.21989140401462676
faster_rcnn,blur,4,recall,2,0.6486486486486487,0.9350649350649352,0.0649350649350649
faster_rcnn,blur,5,dice,2,0.8007016307805862,0.9846843221451695,0.015315677854830512
faster_rcnn,blur,5,f1,2,0.19155528677914507,0.8035371120735566,0.19646288792644345
faster_rcnn,blur,5,iou,2,0.6738410538597264,0.9737536499233284,0.0262463500766717
faster_rcnn,blur,5,map_50,2,0.2816180395858775,0.7455871218913006,0.25441287810869945
faster_rcnn,blur,5,map_50_95,2,0.10142290957710594,0.686206881920904,0.3137931180790961
faster_rcnn,blur,5,precision,2,0.11198828643883589,0.7781004317503533,0.22189956824964674
faster_rcnn,blur,5,recall,2,0.6621621621621622,0.9545454545454546,0.04545454545454547
faster_rcnn,compression,1,dice,1,0.8154405212150305,1.002809868264595,-0.00280986826459495
faster_rcnn,compression,1,f1,1,0.23602484472049687,0.9900782447366295,0.009921755263370469
faster_rcnn,compression,1,iou,1,0.6950131349929555,1.0043489826978231,-0.004348982697823134
faster_rcnn,compression,1,map_50,1,0.37178792275912953,0.9843129640826657,0.015687035917334335
faster_rcnn,compression,1,map_50_95,1,0.14585536652957173,0.9868278941613058,0.013172105838694215
faster_rcnn,compression,1,precision,1,0.1425891181988743,0.9907166004726979,0.00928339952730206
faster_rcnn,compression,1,recall,1,0.6846846846846847,0.987012987012987,0.012987012987012991
faster_rcnn,compression,2,dice,1,0.8156138625257721,1.0030230393941466,-0.0030230393941466094
faster_rcnn,compression,2,f1,1,0.22530864197530864,0.9451258617925283,0.05487413820747167
faster_rcnn,compression,2,iou,1,0.6943660296929348,1.0034138643280377,-0.003413864328037697
faster_rcnn,compression,2,map_50,1,0.3402617578492035,0.900847066109555,0.099152933890445
faster_rcnn,compression,2,map_50_95,1,0.13821070291095752,0.9351056471173542,0.06489435288264578
faster_rcnn,compression,2,precision,1,0.13594040968342644,0.9445210283199109,0.055478971680089084
faster_rcnn,compression,2,recall,1,0.6576576576576577,0.9480519480519481,0.051948051948051854
faster_rcnn,compression,3,dice,1,0.8128200922697588,0.9995873254340165,0.00041267456598348407
faster_rcnn,compression,3,f1,1,0.23076923076923078,0.968031968031968,0.031968031968031996
faster_rcnn,compression,3,iou,1,0.691504619458356,0.999278900089974,0.0007210999100260018
faster_rcnn,compression,3,map_50,1,0.29874491763910244,0.7909307360058832,0.20906926399411685
faster_rcnn,compression,3,map_50_95,1,0.1193422683876479,0.8074456374118972,0.19255436258810277
faster_rcnn,compression,3,precision,1,0.14035087719298245,0.9751651856915013,0.024834814308498654
faster_rcnn,compression,3,recall,1,0.6486486486486487,0.935064935064935,0.06493506493506496
faster_rcnn,compression,4,dice,1,0.8021710201202445,0.9864913431256043,0.01350865687439573
faster_rcnn,compression,4,f1,1,0.2222222222222222,0.932178932178932,0.067821067821068
faster_rcnn,compression,4,iou,1,0.6757407586135536,0.9764988736333118,0.02350112636668822
faster_rcnn,compression,4,map_50,1,0.31857076465359685,0.8434199026669786,0.15658009733302136
faster_rcnn,compression,4,map_50_95,1,0.12168832215923875,0.8233185624752256,0.1766814375247744
faster_rcnn,compression,4,precision,1,0.1336996336996337,0.9289520003805718,0.0710479996194282
faster_rcnn,compression,4,recall,1,0.6576576576576577,0.9480519480519481,0.051948051948051854
faster_rcnn,compression,5,dice,1,0.8130151404361265,0.9998271911519098,0.00017280884809023345
faster_rcnn,compression,5,f1,1,0.1871508379888268,0.785061307407676,0.214938692592324
faster_rcnn,compression,5,iou,1,0.6909380526073078,0.9984601661526847,0.001539833847315264
faster_rcnn,compression,5,map_50,1,0.2564456331588125,0.6789428753557011,0.3210571246442989
faster_rcnn,compression,5,map_50_95,1,0.10088041671252924,0.682536484979841,0.317463515020159
faster_rcnn,compression,5,precision,1,0.11074380165289256,0.7694536868090587,0.23054631319094132
faster_rcnn,compression,5,recall,1,0.6036036036036037,0.8701298701298702,0.1298701298701298
faster_rcnn,lighting,1,dice,2,0.814305070536669,1.0014135173161627,-0.0014135173161626824
faster_rcnn,lighting,1,f1,2,0.23256317064728277,0.9755571963515887,0.024442803648411338
faster_rcnn,lighting,1,iou,2,0.6933954899723775,1.0020113576243057,-0.0020113576243055986
faster_rcnn,lighting,1,map_50,2,0.3719223021587261,0.9846687351473815,0.015331264852618431
faster_rcnn,lighting,1,map_50_95,2,0.14649437642405805,0.9911513057952295,0.008848694204770469
faster_rcnn,lighting,1,precision,2,0.14045387116119054,0.9758807931329472,0.024119206867052767
faster_rcnn,lighting,1,recall,2,0.6756756756756757,0.974025974025974,0.025974025974025983
faster_rcnn,lighting,2,dice,2,0.8079788900185405,0.9936337270225069,0.006366272977493204
faster_rcnn,lighting,2,f1,2,0.2386073641997813,1.0009114108640176,-0.0009114108640175256
faster_rcnn,lighting,2,iou,2,0.6847856591555816,0.9895694707207767,0.010430529279223333
faster_rcnn,lighting,2,map_50,2,0.36997769051077667,0.9795203525937534,0.020479647406246637
faster_rcnn,lighting,2,map_50_95,2,0.14430447899323767,0.9763349029332369,0.023665097066763063
faster_rcnn,lighting,2,precision,2,0.14428592753715908,1.0025061199010403,-0.0025061199010403268
faster_rcnn,lighting,2,recall,2,0.6891891891891893,0.9935064935064936,0.00649350649350644
faster_rcnn,lighting,3,dice,2,0.8168587618661933,1.0045539877724665,-0.004553987772466406
faster_rcnn,lighting,3,f1,2,0.2282860709827002,0.957615596459898,0.04238440354010192
faster_rcnn,lighting,3,iou,2,0.6965971963550173,1.0066380767270084,-0.006638076727008335
faster_rcnn,lighting,3,map_50,2,0.3406299437285628,0.901821842620734,0.09817815737926605
faster_rcnn,lighting,3,map_50_95,2,0.13580000656409238,0.9187953634710069,0.08120463652899312
faster_rcnn,lighting,3,precision,2,0.13813887934981683,0.959796109768208,0.04020389023179205
faster_rcnn,lighting,3,recall,2,0.6576576576576577,0.9480519480519481,0.051948051948051854
faster_rcnn,lighting,4,dice,2,0.8096873195677318,0.9957347141167109,0.004265285883289116
faster_rcnn,lighting,4,f1,2,0.2265444084861561,0.9503096615717974,0.049690338428202585
faster_rcnn,lighting,4,iou,2,0.6875518407166721,0.9935668219893492,0.006433178010650742
faster_rcnn,lighting,4,map_50,2,0.32611179496851184,0.8633848704540581,0.1366151295459419
faster_rcnn,lighting,4,map_50_95,2,0.13026192645758514,0.881325834174715,0.11867416582528495
faster_rcnn,lighting,4,precision,2,0.13690775945276762,0.9512422247692296,0.048757775230770406
faster_rcnn,lighting,4,recall,2,0.6576576576576576,0.948051948051948,0.051948051948051965
faster_rcnn,lighting,5,dice,2,0.8171408896199285,1.0049009419502346,-0.004900941950234605
faster_rcnn,lighting,5,f1,2,0.21368367156037377,0.896361375506503,0.10363862449349709
faster_rcnn,lighting,5,iou,2,0.6975887245349357,1.0080709134155228,-0.008070913415522907
faster_rcnn,lighting,5,map_50,2,0.2927389042890449,0.7750297439590133,0.2249702560409867
faster_rcnn,lighting,5,map_50_95,2,0.11365545926787807,0.7689698377091693,0.23103016229083073
faster_rcnn,lighting,5,precision,2,0.1298860303027015,0.9024548858694195,0.09754511413058059
faster_rcnn,lighting,5,recall,2,0.6081081081081081,0.8766233766233766,0.12337662337662342
faster_rcnn,noise,1,dice,2,0.8088228000709144,0.9946715480608669,0.005328451939133116
faster_rcnn,noise,1,f1,2,0.2380567564634864,0.9986017186715077,0.0013982813284923457
faster_rcnn,noise,1,iou,2,0.6853962166369454,0.9904517746002458,0.009548225399754195
faster_rcnn,noise,1,map_50,2,0.29178326513961667,0.7724996779020354,0.2275003220979645
faster_rcnn,noise,1,map_50_95,2,0.11456945464748697,0.7751537454884538,0.2248462545115461
faster_rcnn,noise,1,precision,2,0.147005444646098,1.0214014660475639,-0.021401466047563933
faster_rcnn,noise,1,recall,2,0.6351351351351351,0.9155844155844156,0.08441558441558439
faster_rcnn,noise,2,dice,2,0.8123525344980744,0.9990123337145345,0.0009876662854655938
faster_rcnn,noise,2,f1,2,0.23328643991833076,0.9785911700470238,0.02140882995297627
faster_rcnn,noise,2,iou,2,0.6901402285864584,0.9973072473035753,0.0026927526964246606
faster_rcnn,noise,2,map_50,2,0.24627105640223013,0.6520055619237997,0.34799443807620034
faster_rcnn,noise,2,map_50_95,2,0.098012338474746,0.6631316480168644,0.3368683519831356
faster_rcnn,noise,2,precision,2,0.14624267326154267,1.016101690843186,-0.016101690843185967
faster_rcnn,noise,2,recall,2,0.6036036036036037,0.8701298701298701,0.12987012987012986
faster_rcnn,noise,3,dice,2,0.8060536386123134,0.9912660974298811,0.008733902570118857
faster_rcnn,noise,3,f1,2,0.19711204750853625,0.8268466408474962,0.1731533591525039
faster_rcnn,noise,3,iou,2,0.6805269867167071,0.9834153520195953,0.01658464798040471
faster_rcnn,noise,3,map_50,2,0.19264542317740907,0.5100310577532299,0.4899689422467701
faster_rcnn,noise,3,map_50_95,2,0.07436520388878802,0.50313992072119,0.49686007927881
faster_rcnn,noise,3,precision,2,0.12743775332947307,0.885444130276209,0.114555869723791
faster_rcnn,noise,3,recall,2,0.49549549549549554,0.7142857142857143,0.2857142857142857
faster_rcnn,noise,4,dice,2,0.8146934408842612,1.001891126175392,-0.0018911261753919995
faster_rcnn,noise,4,f1,2,0.1519997116666867,0.637609180108309,0.36239081989169103
faster_rcnn,noise,4,iou,2,0.6917462365189433,0.9996280558638512,0.0003719441361488274
faster_rcnn,noise,4,map_50,2,0.15051487420345147,0.3984899263705059,0.601510073629494
faster_rcnn,noise,4,map_50_95,2,0.06273207928388004,0.4244325537622245,0.5755674462377756
faster_rcnn,noise,4,precision,2,0.10134216785592932,0.7041306467911972,0.29586935320880275
faster_rcnn,noise,4,recall,2,0.3783783783783784,0.5454545454545454,0.45454545454545453
faster_rcnn,noise,5,dice,2,0.7962392991916574,0.9791966500999063,0.02080334990009375
faster_rcnn,noise,5,f1,2,0.14229313393937515,0.5968919774340022,0.4031080225659978
faster_rcnn,noise,5,iou,2,0.6674971940977863,0.9645862705207121,0.03541372947928789
faster_rcnn,noise,5,map_50,2,0.12972257304709356,0.34344206083084583,0.6565579391691542
faster_rcnn,noise,5,map_50_95,2,0.04927473778779842,0.33338290447218427,0.6666170955278157
faster_rcnn,noise,5,precision,2,0.09395670373058893,0.6528160583878582,0.3471839416121419
faster_rcnn,noise,5,recall,2,0.36486486486486486,0.525974025974026,0.474025974025974
yolo11s,blur,1,dice,2,0.8181081998758453,1.0046164271509472,-0.004616427150947233
yolo11s,blur,1,f1,2,0.26342351286506166,1.0536940514602466,-0.05369405146024664
yolo11s,blur,1,iou,2,0.6987529496278051,1.0067309356565897,-0.006730935656589554
yolo11s,blur,1,map_50,2,0.20994880458185577,0.9936720861930242,0.006327913806975782
yolo11s,blur,1,map_50_95,2,0.07275812199898785,0.9536453170815131,0.04635468291848682
yolo11s,blur,1,precision,2,0.46023302938196553,0.9931344318242414,0.0068655681757586184
yolo11s,blur,1,recall,2,0.18468468468468469,1.0789473684210527,-0.07894736842105265
yolo11s,blur,2,dice,2,0.8146050992419738,1.0003147071055007,-0.00031470710550074443
yolo11s,blur,2,f1,2,0.23413461538461539,0.9365384615384615,0.06346153846153846
yolo11s,blur,2,iou,2,0.6935162579328444,0.9991861524358234,0.0008138475641766285
yolo11s,blur,2,map_50,2,0.20524593868127344,0.9714137714585114,0.02858622854148868
yolo11s,blur,2,map_50_95,2,0.0687027115862753,0.9004907957350068,0.09950920426499321
yolo11s,blur,2,precision,2,0.39387755102040817,0.8499462943071965,0.15005370569280346
yolo11s,blur,2,recall,2,0.16666666666666669,0.9736842105263158,0.02631578947368418
yolo11s,blur,3,dice,2,0.8270510791526946,1.0155980594447125,-0.015598059444712487
yolo11s,blur,3,f1,2,0.23170731707317074,0.926829268292683,0.07317073170731703
yolo11s,blur,3,iou,2,0.7117025533356875,1.025388125818238,-0.025388125818237905
yolo11s,blur,3,map_50,2,0.16356667912488165,0.7741489340765337,0.2258510659234662
yolo11s,blur,3,map_50_95,2,0.059679668045776596,0.7822251920909367,0.21777480790906334
yolo11s,blur,3,precision,2,0.3584905660377358,0.7735849056603773,0.2264150943396227
yolo11s,blur,3,recall,2,0.17117117117117117,1.0,0.0
yolo11s,blur,4,dice,2,0.8267213566039631,1.015193168393739,-0.015193168393738854
yolo11s,blur,4,f1,2,0.23282007413743944,0.9312802965497577,0.06871970345024231
yolo11s,blur,4,iou,2,0.7110666481811371,1.0244719430793021,-0.024471943079302116
yolo11s,blur,4,map_50,2,0.17229007272211921,0.8154361075458655,0.18456389245413451
yolo11s,blur,4,map_50_95,2,0.06071969669224174,0.7958569134861907,0.2041430865138093
yolo11s,blur,4,precision,2,0.3450814536340852,0.7446494525788154,0.2553505474211846
yolo11s,blur,4,recall,2,0.17567567567567566,1.026315789473684,-0.02631578947368418
yolo11s,blur,5,dice,2,0.8284791649628944,1.0173517131356613,-0.017351713135661417
yolo11s,blur,5,f1,2,0.17263992679579077,0.6905597071831631,0.30944029281683694
yolo11s,blur,5,iou,2,0.7129474777996812,1.0271817554138276,-0.027181755413827724
yolo11s,blur,5,map_50,2,0.13454093312598592,0.6367722358025196,0.3632277641974803
yolo11s,blur,5,map_50_95,2,0.048554851574939176,0.6364115174203208,0.36358848257967924
yolo11s,blur,5,precision,2,0.2746615087040619,0.5926906240456072,0.40730937595439276
yolo11s,blur,5,recall,2,0.12612612612612611,0.736842105263158,0.2631578947368421
yolo11s,compression,1,dice,1,0.8156498485840631,1.0015976331921446,-0.0015976331921445652
yolo11s,compression,1,f1,1,0.261437908496732,1.045751633986928,-0.04575163398692794
yolo11s,compression,1,iou,1,0.694998269168434,1.0013213656877364,-0.0013213656877364421
yolo11s,compression,1,map_50,1,0.2084439794392217,0.9865498606494445,0.013450139350555501
yolo11s,compression,1,map_50_95,1,0.07297738029369141,0.9565191494486851,0.0434808505513149
yolo11s,compression,1,precision,1,0.47619047619047616,1.0275689223057642,-0.027568922305764243
yolo11s,compression,1,recall,1,0.18018018018018017,1.0526315789473684,-0.05263157894736836
yolo11s,compression,2,dice,1,0.816417335244092,1.002540087633258,-0.0025400876332579703
yolo11s,compression,2,f1,1,0.24516129032258066,0.9806451612903226,0.019354838709677358
yolo11s,compression,2,iou,1,0.6958351365252483,1.0025270854741,-0.002527085474099966
yolo11s,compression,2,map_50,1,0.20528516613312897,0.9715994320722927,0.028400567927707288
yolo11s,compression,2,map_50_95,1,0.07424122341530039,0.9730844213569518,0.026915578643048166
yolo11s,compression,2,precision,1,0.4318181818181818,0.9318181818181818,0.06818181818181823
yolo11s,compression,2,recall,1,0.17117117117117117,1.0,0.0
yolo11s,compression,3,dice,1,0.8360014211630022,1.026588855788691,-0.02658885578869108
yolo11s,compression,3,f1,1,0.22077922077922074,0.883116883116883,0.11688311688311703
yolo11s,compression,3,iou,1,0.7246023661842699,1.0439735796124088,-0.043973579612408775
yolo11s,compression,3,map_50,1,0.20521836269631746,0.97128325637149,0.028716743628509955
yolo11s,compression,3,map_50_95,1,0.074528039652302,0.9768437399562324,0.023156260043767585
yolo11s,compression,3,precision,1,0.3953488372093023,0.8531211750305997,0.1468788249694003
yolo11s,compression,3,recall,1,0.15315315315315314,0.894736842105263,0.10526315789473695
yolo11s,compression,4,dice,1,0.8075132464928744,0.991606089135699,0.008393910864300969
yolo11s,compression,4,f1,1,0.24203821656050958,0.9681528662420383,0.031847133757961665
yolo11s,compression,4,iou,1,0.6836897350556135,0.9850285527065986,0.014971447293401385
yolo11s,compression,4,map_50,1,0.19368900663517458,0.9167156711330069,0.08328432886699311
yolo11s,compression,4,map_50_95,1,0.06212235227680615,0.8142416091455522,0.18575839085444779
yolo11s,compression,4,precision,1,0.41304347826086957,0.8913043478260869,0.10869565217391308
yolo11s,compression,4,recall,1,0.17117117117117117,1.0,0.0
yolo11s,compression,5,dice,1,0.8370787685216483,1.0279118114251309,-0.027911811425130884
yolo11s,compression,5,f1,1,0.19607843137254902,0.7843137254901961,0.21568627450980393
yolo11s,compression,5,iou,1,0.7258790375406162,1.04581294866235,-0.04581294866234997
yolo11s,compression,5,map_50,1,0.1649863934449128,0.7808683364231828,0.21913166357681724
yolo11s,compression,5,map_50_95,1,0.05845685283262884,0.7661976755795756,0.23380232442042437
yolo11s,compression,5,precision,1,0.35714285714285715,0.7706766917293233,0.2293233082706767
yolo11s,compression,5,recall,1,0.13513513513513514,0.7894736842105263,0.21052631578947367
yolo11s,lighting,1,dice,2,0.8216834024197963,1.0090066865403413,-0.009006686540341258
yolo11s,lighting,1,f1,2,0.24508771929824563,0.9803508771929825,0.01964912280701747
yolo11s,lighting,1,iou,2,0.7038053004586782,1.014010129085311,-0.014010129085310907
yolo11s,lighting,1,map_50,2,0.20436709769405229,0.9672542823919114,0.03274571760808864
yolo11s,lighting,1,map_50_95,2,0.07119947635646873,0.9332160498445365,0.06678395015546351
yolo11s,lighting,1,precision,2,0.4631019387116948,0.9993252361673413,0.0006747638326586869
yolo11s,lighting,1,recall,2,0.16666666666666669,0.9736842105263158,0.02631578947368418
yolo11s,lighting,2,dice,2,0.819420698740965,1.006228142961541,-0.006228142961541061
yolo11s,lighting,2,f1,2,0.2568088330807534,1.0272353323230137,-0.027235332323013672
yolo11s,lighting,2,iou,2,0.7008879606385037,1.0098069607861904,-0.009806960786190422
yolo11s,lighting,2,map_50,2,0.1877075237502438,0.8884057572535988,0.11159424274640117
yolo11s,lighting,2,map_50_95,2,0.06395766888093415,0.8382972202141413,0.16170277978585867
yolo11s,lighting,2,precision,2,0.479066985645933,1.033776126920171,-0.03377612692017112
yolo11s,lighting,2,recall,2,0.17567567567567566,1.026315789473684,-0.02631578947368418
yolo11s,lighting,3,dice,2,0.8382516581976991,1.0293520906400015,-0.02935209064000155
yolo11s,lighting,3,f1,2,0.22911564625850342,0.9164625850340137,0.08353741496598632
yolo11s,lighting,3,iou,2,0.7277676911927553,1.048534033502653,-0.04853403350265295
yolo11s,lighting,3,map_50,2,0.15845775078545393,0.749968756002357,0.250031243997643
yolo11s,lighting,3,map_50_95,2,0.056681129811295236,0.7429231613782308,0.2570768386217692
yolo11s,lighting,3,precision,2,0.4551282051282051,0.9821187584345479,0.01788124156545212
yolo11s,lighting,3,recall,2,0.15315315315315314,0.8947368421052632,0.10526315789473684
yolo11s,lighting,4,dice,2,0.8429230385016608,1.0350884289281908,-0.03508842892819086
yolo11s,lighting,4,f1,2,0.15071043606075452,0.6028417442430181,0.3971582557569819
yolo11s,lighting,4,iou,2,0.7340193631907389,1.057541153405761,-0.05754115340576116
yolo11s,lighting,4,map_50,2,0.15019614312575108,0.7108671810499525,0.28913281895004755
yolo11s,lighting,4,map_50_95,2,0.05244362300386977,0.6873818910433732,0.3126181089566268
yolo11s,lighting,4,precision,2,0.36270022883295194,0.7826689148500541,0.21733108514994587
yolo11s,lighting,4,recall,2,0.09909909909909909,0.5789473684210527,0.4210526315789474
yolo11s,lighting,5,dice,2,0.8282492831590464,1.0170694240246565,-0.0170694240246565
yolo11s,lighting,5,f1,2,0.09433962264150943,0.3773584905660377,0.6226415094339623
yolo11s,lighting,5,iou,2,0.7123197570211335,1.0262773643453462,-0.02627736434534622
yolo11s,lighting,5,map_50,2,0.09754550316212998,0.46167561572407584,0.5383243842759242
yolo11s,lighting,5,map_50_95,2,0.03252907676424691,0.42636067112398357,0.5736393288760164
yolo11s,lighting,5,precision,2,0.15625,0.3371710526315789,0.662828947368421
yolo11s,lighting,5,recall,2,0.06756756756756757,0.39473684210526316,0.6052631578947368
yolo11s,noise,1,dice,2,0.8137317805988584,0.9992422936336103,0.000757706366389721
yolo11s,noise,1,f1,2,0.18377143922445938,0.7350857568978375,0.26491424310216255
yolo11s,noise,1,iou,2,0.6912677382887331,0.9959465893164632,0.004053410683536873
yolo11s,noise,1,map_50,2,0.17027162764970682,0.8058829570529888,0.19411704294701115
yolo11s,noise,1,map_50_95,2,0.05716826591370936,0.7493080851514837,0.25069191484851633
yolo11s,noise,1,precision,2,0.3771929824561403,0.8139427516158817,0.1860572483841183
yolo11s,noise,1,recall,2,0.12162162162162163,0.7105263157894737,0.2894736842105263
yolo11s,noise,2,dice,2,0.8048169061655971,0.9882950505880065,0.011704949411993515
yolo11s,noise,2,f1,2,0.17567567567567569,0.7027027027027027,0.29729729729729726
yolo11s,noise,2,iou,2,0.6812145647850545,0.9814624418462201,0.018537558153779832
yolo11s,noise,2,map_50,2,0.1441734116091063,0.6823620404627309,0.3176379595372692
yolo11s,noise,2,map_50_95,2,0.04668103797171942,0.6118513237443624,0.3881486762556377
yolo11s,noise,2,precision,2,0.35135135135135137,0.7581792318634424,0.24182076813655762
yolo11s,noise,2,recall,2,0.11711711711711711,0.6842105263157895,0.3157894736842105
yolo11s,noise,3,dice,2,0.8273699214182335,1.0159895897797941,-0.015989589779794033
yolo11s,noise,3,f1,2,0.12911884487226954,0.5164753794890782,0.4835246205109219
yolo11s,noise,3,iou,2,0.7128872322970272,1.0270949564796863,-0.027094956479686294
yolo11s,noise,3,map_50,2,0.1173526812314325,0.5554215172209662,0.4445784827790337
yolo11s,noise,3,map_50_95,2,0.03958979546996122,0.5189059587693678,0.48109404123063215
yolo11s,noise,3,precision,2,0.26293436293436295,0.5673846779109937,0.4326153220890064
yolo11s,noise,3,recall,2,0.08558558558558559,0.5,0.5
yolo11s,noise,4,dice,2,0.833137866960661,1.0230724827806394,-0.023072482780639336
yolo11s,noise,4,f1,2,0.125,0.5,0.5
yolo11s,noise,4,iou,2,0.7207573256624611,1.0384338230443402,-0.038433823044340065
yolo11s,noise,4,map_50,2,0.08143241044621963,0.38541354561641883,0.6145864543835812
yolo11s,noise,4,map_50_95,2,0.028651234581716305,0.3755335478262861,0.6244664521737139
yolo11s,noise,4,precision,2,0.23170731707317074,0.5,0.5
yolo11s,noise,4,recall,2,0.08558558558558559,0.5,0.5
yolo11s,noise,5,dice,2,0.7968065702352358,0.9784585582220093,0.021541441777990666
yolo11s,noise,5,f1,2,0.06687342508238031,0.26749370032952124,0.7325062996704788
yolo11s,noise,5,iou,2,0.669965749469456,0.9652556689463951,0.034744331053604804
yolo11s,noise,5,map_50,2,0.051724352730388376,0.24480751670367315,0.7551924832963268
yolo11s,noise,5,map_50_95,2,0.01625869758520846,0.21310377986658655,0.7868962201334134
yolo11s,noise,5,precision,2,0.1365015166835187,0.2945559044223298,0.7054440955776702
yolo11s,noise,5,recall,2,0.04504504504504504,0.2631578947368421,0.736842105263158
