detector,condition_id,family,corruption,kind,severity,value,unit,image_count,target_count,true_positives,false_positives,false_negatives,inference_seconds,prediction_bundle,prediction_bundle_sha256,precision,precision_relative,precision_degradation,recall,recall_relative,recall_degradation,f1,f1_relative,f1_degradation,iou,iou_relative,iou_degradation,dice,dice_relative,dice_degradation,map_50,map_50_relative,map_50_degradation,map_50_95,map_50_95_relative,map_50_95_degradation
faster_rcnn,clean,clean,clean,clean,0,,none,300,111,77,458,34,,C:/Users/Pouyan/PycharmProjects/Uni/Deep Learning/DP_Final_Project/results/logs/phase6_robustness/predictions/faster_rcnn__clean.json.gz,281dcef0e90e36d80736e51802bd0c4611dc088d46e5dd363200e5c88f112d2b,0.14392523364485982,1.0,0.0,0.6936936936936937,1.0,0.0,0.238390092879257,1.0,0.0,0.6920036232087895,1.0,0.0,0.8131556609292098,1.0,0.0,0.37771312207151386,1.0,0.0,0.1478022331883237,1.0,0.0
faster_rcnn,darker_s1,lighting,darker,brightness,1,0.9,multiplier,300,111,75,456,36,31.11176919992431,C:/Users/Pouyan/PycharmProjects/Uni/Deep Learning/DP_Final_Project/results/logs/phase6_robustness/predictions/faster_rcnn__darker_s1.json.gz,26a405051e50f71729da0d896adf5a2fd5bbb3d08e2841eb648ecf4b81c55d5c,0.14124293785310735,0.9813632694988627,0.018636730501137344,0.6756756756756757,0.974025974025974,0.025974025974025983,0.2336448598130841,0.9800946716834565,0.019905328316543458,0.6949195468495196,1.0042137404240878,-0.004213740424087842,0.8155182084540205,1.0029054062319518,-0.0029054062319517904,0.37528747843153387,0.9935780795046862,0.00642192049531376,0.15036373403637363,1.0173305963840624,-0.017330596384062424
faster_rcnn,darker_s2,lighting,darker,brightness,2,0.8,multiplier,300,111,78,444,33,29.3862709000241,C:/Users/Pouyan/PycharmProjects/Uni/Deep Learning/DP_Final_Project/results/logs/phase6_robustness/predictions/faster_rcnn__darker_s2.json.gz,fc486f351c07ad1a898bfbca92f612e4e23d5c133340c6615b88106420aea01f,0.14942528735632185,1.0382146589043142,-0.03821465890431419,0.7027027027027027,1.012987012987013,-0.012987012987013102,0.24644549763033177,1.033790853696067,-0.033790853696066936,0.6879878603347956,0.9941969048436872,0.005803095156312832,0.8100765045293981,0.9962133247694629,0.0037866752305371065,0.3777244134607964,1.0000298940879273,-2.9894087927306856e-05,0.15004458654499797,1.0151713090411643,-0.01517130904116426
faster_rcnn,darker_s3,lighting,darker,brightness,3,0.7,multiplier,300,111,73,439,38,30.362602000081097,C:/Users/Pouyan/PycharmProjects/Uni/Deep Learning/DP_Final_Project/results/logs/phase6_robustness/predictions/faster_rcnn__darker_s3.json.gz,9ad910fb942b15661dbbd6343192a49979ff50a8045344d1762e1592d0042bcd,0.142578125,0.9906402191558441,0.009359780844155896,0.6576576576576577,0.9480519480519481,0.051948051948051854,0.23434991974317818,0.9830522607408642,0.01694773925913584,0.7000698968806538,1.0116564038125426,-0.011656403812542626,0.8190437308998196,1.0072410120884867,-0.007241012088486709,0.35495763036673683,0.9397545640459146,0.06024543595408538,0.14330857682132567,0.9695968303721609,0.030403169627839066
faster_rcnn,darker_s4,lighting,darker,brightness,4,0.6,multiplier,300,111,75,432,36,31.132725300078164,C:/Users/Pouyan/PycharmProjects/Uni/Deep Learning/DP_Final_Project/results/logs/phase6_robustness/predictions/faster_rcnn__darker_s4.json.gz,6c61aa03a19ea827a30a986055f7eaae6e13f8fc2e2788949cbeb66e0c4d7936,0.14792899408284024,1.0278183355106432,-0.027818335510643166,0.6756756756756757,0.974025974025974,0.025974025974025983,0.24271844660194178,1.0181566006808724,-0.018156600680872437,0.6919549231386076,0.9999296245445132,7.037545548682633e-05,0.8128274071130901,0.9995963210589415,0.0004036789410585273,0.3275667538237673,0.8672368913933254,0.13276310860667462,0.13249167146600893,0.8964118376830839,0.10358816231691614
faster_rcnn,darker_s5,lighting,darker,brightness,5,0.5,multiplier,300,111,71,400,40,30.15308189994539,C:/Users/Pouyan/PycharmProjects/Uni/Deep Learning/DP_Final_Project/results/logs/phase6_robustness/predictions/faster_rcnn__darker_s5.json.gz,a11ca86e1acfaecdd7559409d118e75951d221571f93afa04f9b8cd1ed870287,0.15074309978768577,1.0473708881352193,-0.04737088813521928,0.6396396396396397,0.922077922077922,0.07792207792207795,0.24398625429553264,1.0234748069799615,-0.023474806979961516,0.699990016868642,1.0115409708735628,-0.011540970873562761,0.8189750023156148,1.0071564912673119,-0.007156491267311882,0.31557806099062835,0.8354966839909754,0.16450331600902457,0.12820180952385116,0.8673874998931954,0.1326125001068046
faster_rcnn,brighter_s1,lighting,brighter,brightness,1,1.1,multiplier,300,111,75,462,36,30.373053099930985,C:/Users/Pouyan/PycharmProjects/Uni/Deep Learning/DP_Final_Project/results/logs/phase6_robustness/predictions/faster_rcnn__brighter_s1.json.gz,ffb431162238d9056219d5d50d3b0a6f99035ba16936d94ec523af5b3ab2b2ed,0.13966480446927373,0.9703983167670318,0.02960168323296819,0.6756756756756757,0.974025974025974,0.025974025974025983,0.23148148148148145,0.9710197210197208,0.028980278980279217,0.6918714330952356,0.9998089748245234,0.00019102517547664455,0.8130919326193174,0.9999216284003736,7.837159962642559e-05,0.3685571258859183,0.9757593907900769,0.024240609209923103,0.14262501881174247,0.9649720152063966,0.03502798479360336
faster_rcnn,brighter_s2,lighting,brighter,brightness,2,1.2,multiplier,300,111,75,464,36,20.316124200064223,C:/Users/Pouyan/PycharmProjects/Uni/Deep Learning/DP_Final_Project/results/logs/phase6_robustness/predictions/faster_rcnn__brighter_s2.json.gz,0cbe3e2f0984b02b29bfb8703becc390deb104ff3596f55990900efc43bd5f57,0.1391465677179963,0.9667975808977665,0.03320241910223354,0.6756756756756757,0.974025974025974,0.025974025974025983,0.2307692307692308,0.9680319680319681,0.031968031968031885,0.6815834579763675,0.9849420365978662,0.015057963402133834,0.805881275507683,0.9910541292755507,0.0089458707244493,0.36223096756075696,0.9590108110995794,0.04098918890042058,0.13856437144147735,0.9374984968253096,0.06250150317469039
faster_rcnn,brighter_s3,lighting,brighter,brightness,3,1.3,multiplier,300,111,73,473,38,19.77067289997649,C:/Users/Pouyan/PycharmProjects/Uni/Deep Learning/DP_Final_Project/results/logs/phase6_robustness/predictions/faster_rcnn__brighter_s3.json.gz,9f8d743a611866cd976aeebb245b6dfe70e3f6b4c385d0a2735606314ba4a6e8,0.1336996336996337,0.9289520003805718,0.0710479996194282,0.6576576576576577,0.9480519480519481,0.051948051948051854,0.2222222222222222,0.932178932178932,0.067821067821068,0.6931244958293807,1.001619749641474,-0.0016197496414740442,0.8146737928325669,1.001866963456446,-0.0018669634564461024,0.32630225709038885,0.8638891211955533,0.13611087880444672,0.1282914363068591,0.8679938965698528,0.13200610343014718
faster_rcnn,brighter_s4,lighting,brighter,brightness,4,1.4,multiplier,300,111,71,493,40,28.46351289980521,C:/Users/Pouyan/PycharmProjects/Uni/Deep Learning/DP_Final_Project/results/logs/phase6_robustness/predictions/faster_rcnn__brighter_s4.json.gz,6d4c137f9df690e748578f1bff986c6f2eb9c0383bfc544efa42c5f5f7005618,0.12588652482269502,0.874666114027816,0.12533388597218398,0.6396396396396397,0.922077922077922,0.07792207792207795,0.21037037037037037,0.8824627224627224,0.1175372775372776,0.6831487582947365,0.9872040194341853,0.012795980565814657,0.8065472320223734,0.9918731071744803,0.008126892825519705,0.32465683611325635,0.8595328495147908,0.1404671504852092,0.12803218144916134,0.8662398306663462,0.13376016933365376
faster_rcnn,brighter_s5,lighting,brighter,brightness,5,1.5,multiplier,300,111,64,523,47,20.80774179988657,C:/Users/Pouyan/PycharmProjects/Uni/Deep Learning/DP_Final_Project/results/logs/phase6_robustness/predictions/faster_rcnn__brighter_s5.json.gz,2ef377b272aaf9eafd689f7b02c335b34fb063fd6e4c09b5813fbf49f1cbb603,0.10902896081771721,0.7575388836036195,0.24246111639638046,0.5765765765765766,0.8311688311688311,0.1688311688311689,0.18338108882521492,0.7692479440330443,0.2307520559669557,0.6951874322012295,1.004600855957483,-0.004600855957483052,0.8153067769242421,1.0026453926331573,-0.0026453926331573285,0.2698997475874615,0.7145628039270512,0.2854371960729488,0.09910910901190496,0.6705521755251431,0.3294478244748569
faster_rcnn,gaussian_noise_s1,noise,gaussian_noise,gaussian_noise,1,0.01,fraction_of_uint8_range_std,300,111,75,476,36,23.23939940004493,C:/Users/Pouyan/PycharmProjects/Uni/Deep Learning/DP_Final_Project/results/logs/phase6_robustness/predictions/faster_rcnn__gaussian_noise_s1.json.gz,b84cf22b7f879a8f4be1cb1917324a16b8ba16ba8e091bca086f85391e0afe04,0.13611615245009073,0.9457420981921888,0.054257901807811204,0.6756756756756757,0.974025974025974,0.025974025974025983,0.22658610271903323,0.9504845607564639,0.049515439243536075,0.6942019357188444,1.0031767355492467,-0.0031767355492466898,0.814409578372542,1.0015420386324303,-0.0015420386324302982,0.33501854501401673,0.8869655975324744,0.11303440246752561,0.13092857529824892,0.8858362453253664,0.11416375467463358
faster_rcnn,gaussian_noise_s2,noise,gaussian_noise,gaussian_noise,2,0.02,fraction_of_uint8_range_std,300,111,78,499,33,24.173392899887403,C:/Users/Pouyan/PycharmProjects/Uni/Deep Learning/DP_Final_Project/results/logs/phase6_robustness/predictions/faster_rcnn__gaussian_noise_s2.json.gz,ec904c680774552366c30c2f8d6b5fbb108e63b55a3e1c463d6d508081a90ab6,0.13518197573656845,0.9392513898579756,0.06074861014202437,0.7027027027027027,1.012987012987013,-0.012987012987013102,0.22674418604651164,0.9511476895197825,0.04885231048021754,0.6854372794176468,0.990511113568026,0.009488886431973986,0.8089082559267949,0.9947766396933629,0.005223360306637059,0.2964929961723331,0.784968747038121,0.21503125296187897,0.11768947799349287,0.7962631920692135,0.20373680793078652
faster_rcnn,gaussian_noise_s3,noise,gaussian_noise,gaussian_noise,3,0.035,fraction_of_uint8_range_std,300,111,71,557,40,30.56492340004479,C:/Users/Pouyan/PycharmProjects/Uni/Deep Learning/DP_Final_Project/results/logs/phase6_robustness/predictions/faster_rcnn__gaussian_noise_s3.json.gz,3f509784097951e44ea79d5ee30cb1735cad98c61b892237d4d99ab8a7e5ff4f,0.11305732484076433,0.7855281661014145,0.21447183389858548,0.6396396396396397,0.922077922077922,0.07792207792207795,0.19215155615696888,0.8060383459571551,0.19396165404284493,0.6798091403933663,0.9823780072727395,0.017621992727260505,0.8043560054058553,0.9891783874279385,0.01082161257206149,0.25328857609495836,0.6705845290887253,0.32941547091127465,0.09817504002774396,0.6642324537996206,0.3357675462003794
faster_rcnn,gaussian_noise_s4,noise,gaussian_noise,gaussian_noise,4,0.05,fraction_of_uint8_range_std,300,111,60,588,51,27.753185699955793,C:/Users/Pouyan/PycharmProjects/Uni/Deep Learning/DP_Final_Project/results/logs/phase6_robustness/predictions/faster_rcnn__gaussian_noise_s4.json.gz,db291fcb275df4d8685e2a62a7eb737a6598ed723cbf37bbda7f569223142196,0.09259259259259259,0.6433381433381433,0.3566618566618567,0.5405405405405406,0.7792207792207793,0.22077922077922074,0.15810276679841898,0.663210307479082,0.33678969252091795,0.6986235400223937,1.0095663036891454,-0.00956630368914535,0.8194336634270258,1.0077205420800268,-0.007720542080026815,0.20337603984461128,0.5384404934867614,0.4615595065132386,0.08877351711642327,0.600623652305115,0.39937634769488495
faster_rcnn,gaussian_noise_s5,noise,gaussian_noise,gaussian_noise,5,0.075,fraction_of_uint8_range_std,300,111,59,602,52,23.665394099836703,C:/Users/Pouyan/PycharmProjects/Uni/Deep Learning/DP_Final_Project/results/logs/phase6_robustness/predictions/faster_rcnn__gaussian_noise_s5.json.gz,25bf9df98568081e5cdf6464fa9e535685484da0d3710877f4d0cbd7729854bb,0.08925869894099848,0.6201740770575869,0.37982592294241313,0.5315315315315315,0.7662337662337663,0.23376623376623373,0.1528497409326425,0.641174887288877,0.35882511271112305,0.6746269340852319,0.9748893090429459,0.025110690957054094,0.8019274028809247,0.9861917482866019,0.013808251713398056,0.1715206324670049,0.4541029221498168,0.5458970778501833,0.06862013969988436,0.4642699790093924,0.5357300209906076
faster_rcnn,salt_and_pepper_s1,noise,salt_and_pepper,salt_pepper,1,0.0025,affected_pixel_fraction,300,111,66,352,45,30.14213800006837,C:/Users/Pouyan/PycharmProjects/Uni/Deep Learning/DP_Final_Project/results/logs/phase6_robustness/predictions/faster_rcnn__salt_and_pepper_s1.json.gz,6cb510f589234ed7019df625961d7464a6ab521ad950bbf2c3e37ff0c42684bc,0.15789473684210525,1.097060833902939,-0.09706083390293907,0.5945945945945946,0.8571428571428572,0.1428571428571428,0.24952741020793953,1.0467188765865514,-0.04671887658655138,0.6765904975550464,0.9777268136512449,0.02227318634875508,0.8032360217692869,0.9878010574893035,0.012198942510696531,0.24854798526521663,0.6580337582715966,0.3419662417284034,0.09821033399672503,0.6644712456515414,0.33552875434845864
faster_rcnn,salt_and_pepper_s2,noise,salt_and_pepper,salt_pepper,2,0.005,affected_pixel_fraction,300,111,56,300,55,30.661802999966312,C:/Users/Pouyan/PycharmProjects/Uni/Deep Learning/DP_Final_Project/results/logs/phase6_robustness/predictions/faster_rcnn__salt_and_pepper_s2.json.gz,3263123e7089992a1738095e308248c6e527b6527ec6d8730ad2dc04db49d349,0.15730337078651685,1.0929519918283963,-0.09295199182839631,0.5045045045045045,0.7272727272727272,0.2727272727272728,0.2398286937901499,1.006034650574265,-0.006034650574264999,0.69484317775527,1.0041033810391247,-0.004103381039124665,0.815796813069354,1.0032480277357059,-0.0032480277357058718,0.19604911663212715,0.5190423768094783,0.4809576231905217,0.07833519895599911,0.5300001039645154,0.46999989603548464
faster_rcnn,salt_and_pepper_s3,noise,salt_and_pepper,salt_pepper,3,0.01,affected_pixel_fraction,300,111,39,236,72,17.03554950004036,C:/Users/Pouyan/PycharmProjects/Uni/Deep Learning/DP_Final_Project/results/logs/phase6_robustness/predictions/faster_rcnn__salt_and_pepper_s3.json.gz,2a445a61dee0589ee92106a3c115a098743a798aade275f2e0b303b98a59c3fc,0.14181818181818182,0.9853600944510035,0.014639905548996524,0.35135135135135137,0.5064935064935066,0.49350649350649345,0.20207253886010362,0.8476549357378371,0.15234506426216288,0.6812448330400479,0.9844526967664511,0.015547303233548915,0.8077512718187716,0.9933538074318238,0.0066461925681762235,0.13200227025985978,0.34947758641773446,0.6505224135822656,0.05055536774983207,0.3420473876427594,0.6579526123572406
faster_rcnn,salt_and_pepper_s4,noise,salt_and_pepper,salt_pepper,4,0.02,affected_pixel_fraction,300,111,24,194,87,17.255012499925215,C:/Users/Pouyan/PycharmProjects/Uni/Deep Learning/DP_Final_Project/results/logs/phase6_robustness/predictions/faster_rcnn__salt_and_pepper_s4.json.gz,e506d05bef3a2d5eb2cdd7be99214daddf8b423e300e9d0c93b8e0011545ff3b,0.11009174311926606,0.7649231502442512,0.23507684975574883,0.21621621621621623,0.3116883116883117,0.6883116883116883,0.1458966565349544,0.6120080527375359,0.3879919472624641,0.6848689330154928,0.989689808038557,0.010310191961443005,0.8099532183414966,0.9960617102707572,0.0039382897292428165,0.09765370856229168,0.2585393592542504,0.7414606407457496,0.03669064145133681,0.24824145521933394,0.7517585447806661
faster_rcnn,salt_and_pepper_s5,noise,salt_and_pepper,salt_pepper,5,0.04,affected_pixel_fraction,300,111,22,201,89,24.20061930004158,C:/Users/Pouyan/PycharmProjects/Uni/Deep Learning/DP_Final_Project/results/logs/phase6_robustness/predictions/faster_rcnn__salt_and_pepper_s5.json.gz,99c52d80077a67a78fdcfaff008ce45531eb078e0c2e0a8da60b290e58182d38,0.09865470852017937,0.6854580397181294,0.31454196028187065,0.1981981981981982,0.2857142857142857,0.7142857142857143,0.1317365269461078,0.5526090675791274,0.4473909324208726,0.6603674541103408,0.9542832319984783,0.04571676800152169,0.7905511955023902,0.9722015519132106,0.02779844808678944,0.08792451362718222,0.23278119951187487,0.7672188004881251,0.029929335875712483,0.20249582993497614,0.7975041700650238
faster_rcnn,gaussian_blur_s1,blur,gaussian_blur,gaussian_blur,1,0.5,sigma_pixels,300,111,72,469,39,30.85783379993518,C:/Users/Pouyan/PycharmProjects/Uni/Deep Learning/DP_Final_Project/results/logs/phase6_robustness/predictions/faster_rcnn__gaussian_blur_s1.json.gz,e974413efd02074858acf8c4412e59cbaf01050ec896db806d081744a4ea17e5,0.133086876155268,0.9246945291307582,0.07530547086924178,0.6486486486486487,0.935064935064935,0.06493506493506496,0.22085889570552147,0.9264600430244601,0.07353995697553994,0.6984009483060933,1.0092446410434093,-0.009244641043409274,0.8182576180804949,1.0062742687488089,-0.0062742687488088755,0.34334037666894435,0.9089977461888084,0.09100225381119165,0.1419423941722253,0.9603535150336191,0.0396464849663809
faster_rcnn,gaussian_blur_s2,blur,gaussian_blur,gaussian_blur,2,1.0,sigma_pixels,300,111,77,486,34,30.523428400076227,C:/Users/Pouyan/PycharmProjects/Uni/Deep Learning/DP_Final_Project/results/logs/phase6_robustness/predictions/faster_rcnn__gaussian_blur_s2.json.gz,f35ccaa232750b3a291f74dfbd04be8076d450ce3caf60b88101a5efeb832733,0.13676731793960922,0.950266429840142,0.04973357015985802,0.6936936936936937,1.0,0.0,0.228486646884273,0.9584569732937684,0.041543026706231556,0.6883664020136037,0.9947439275269684,0.005256072473031614,0.8108765989735921,0.9971972623876056,0.002802737612394357,0.33439335633172546,0.8853104030323138,0.11468959696768621,0.1313945272491481,0.8889887819335616,0.11101121806643843
faster_rcnn,gaussian_blur_s3,blur,gaussian_blur,gaussian_blur,3,1.5,sigma_pixels,300,111,74,529,37,18.029028400138486,C:/Users/Pouyan/PycharmProjects/Uni/Deep Learning/DP_Final_Project/results/logs/phase6_robustness/predictions/faster_rcnn__gaussian_blur_s3.json.gz,e8b7e2f6e7e3b8d56e5866fa20ac757bf82f42522c38b41ad8526a34423990a9,0.12271973466003316,0.8526630914690616,0.1473369085309384,0.6666666666666666,0.9610389610389609,0.038961038961039085,0.2072829131652661,0.8695114409400122,0.1304885590599878,0.6860340121000197,0.9913734395188728,0.008626560481127199,0.8097474850994771,0.9958087042942823,0.004191295705717746,0.29933085505396134,0.7924820123069166,0.20751798769308338,0.11311596482982257,0.7653197275151772,0.23468027248482282
faster_rcnn,gaussian_blur_s4,blur,gaussian_blur,gaussian_blur,4,2.0,sigma_pixels,300,111,73,560,38,16.85683390016493,C:/Users/Pouyan/PycharmProjects/Uni/Deep Learning/DP_Final_Project/results/logs/phase6_robustness/predictions/faster_rcnn__gaussian_blur_s4.json.gz,338113f0aeca213f1c38c27f87c52352e27326906932f041965f22764d5f8209,0.11532385466034756,0.8012761330296876,0.1987238669703124,0.6576576576576577,0.9480519480519481,0.051948051948051854,0.19623655913978497,0.8231741376902667,0.1768258623097333,0.6836579327484159,0.9879398168153007,0.012060183184699258,0.8075167693689709,0.9930654217498834,0.006934578250116563,0.2858380324792124,0.7567596034566509,0.24324039654334906,0.11106635871629858,0.7514525073161937,0.24854749268380627
faster_rcnn,gaussian_blur_s5,blur,gaussian_blur,gaussian_blur,5,3.0,sigma_pixels,300,111,75,601,36,16.742650599902845,C:/Users/Pouyan/PycharmProjects/Uni/Deep Learning/DP_Final_Project/results/logs/phase6_robustness/predictions/faster_rcnn__gaussian_blur_s5.json.gz,bca62e934e78eeb8072f4763025de355994293d7aff9b06d44e63c3f818f60f9,0.11094674556213018,0.7708637516329824,0.22913624836701763,0.6756756756756757,0.974025974025974,0.025974025974025983,0.19059720457433293,0.7995181438637601,0.20048185613623992,0.6679621788878691,0.9652582103408053,0.03474178965919472,0.7968489757540537,0.9799464162168875,0.020053583783112505,0.2747410750603783,0.727380276209627,0.272619723790373,0.10251796405367865,0.6936157989105236,0.3063842010894764
faster_rcnn,motion_blur_s1,blur,motion_blur,motion_blur,1,3.0,kernel_pixels,300,111,72,480,39,29.692783799939207,C:/Users/Pouyan/PycharmProjects/Uni/Deep Learning/DP_Final_Project/results/logs/phase6_robustness/predictions/faster_rcnn__motion_blur_s1.json.gz,40745145cd27a6e96e2e51aabfa0f266b8f0f02055a1b49c10ccf59985f2a92d,0.13043478260869565,0.9062676453980801,0.09373235460191987,0.6486486486486487,0.935064935064935,0.06493506493506496,0.2171945701357466,0.911088911088911,0.08891108891108901,0.6936727635043847,1.0024120398212013,-0.002412039821201306,0.8144479893351111,1.0015892755446412,-0.0015892755446411666,0.3238176406204834,0.8573110694289667,0.14268893057103327,0.13201795849232148,0.8932067915652497,0.10679320843475026
faster_rcnn,motion_blur_s2,blur,motion_blur,motion_blur,2,5.0,kernel_pixels,300,111,73,500,38,30.55157559995132,C:/Users/Pouyan/PycharmProjects/Uni/Deep Learning/DP_Final_Project/results/logs/phase6_robustness/predictions/faster_rcnn__motion_blur_s2.json.gz,57628cf91bf5eecd470be6892087e4b2c15fe2a4b63bf3edc884f9b5b168fd28,0.1273996509598604,0.8851793930327961,0.11482060696720386,0.6576576576576577,0.9480519480519481,0.051948051948051854,0.21345029239766083,0.8953823953823953,0.10461760461760472,0.6894088566341428,0.9962503569524463,0.0037496430475536524,0.8120714555224562,0.9986666692998059,0.0013333307001941463,0.34261650620363693,0.9070812904900033,0.0929187095099967,0.1340190040020085,0.9067454605455578,0.09325453945444218
faster_rcnn,motion_blur_s3,blur,motion_blur,motion_blur,3,9.0,kernel_pixels,300,111,74,533,37,30.540752099987003,C:/Users/Pouyan/PycharmProjects/Uni/Deep Learning/DP_Final_Project/results/logs/phase6_robustness/predictions/faster_rcnn__motion_blur_s3.json.gz,e335852a25b5ace88810f98b21fe6193e1bf317322110ac716ab4a3ada43d87d,0.12191103789126853,0.8470442243094631,0.15295577569053687,0.6666666666666666,0.9610389610389609,0.038961038961039085,0.20612813370473534,0.8646673660601235,0.1353326339398765,0.677074119099785,0.9784256850567096,0.02157431494329043,0.8036061970500568,0.9882562904767328,0.011743709523267198,0.3045855536339739,0.8063938895305457,0.1936061104694543,0.10850078738290946,0.7340943708520432,0.2659056291479568
faster_rcnn,motion_blur_s4,blur,motion_blur,motion_blur,4,13.0,kernel_pixels,300,111,71,579,40,30.71515940007521,C:/Users/Pouyan/PycharmProjects/Uni/Deep Learning/DP_Final_Project/results/logs/phase6_robustness/predictions/faster_rcnn__motion_blur_s4.json.gz,67d4d05ad5c4f4b1a4c1f6d78f3fe1062577e48aeb6a5371356f794c64286b3a,0.10923076923076923,0.7589410589410589,0.2410589410589411,0.6396396396396397,0.922077922077922,0.07792207792207795,0.1865965834428384,0.7827363175589194,0.21726368244108063,0.6761103997627421,0.9770330343469139,0.02296696565308609,0.8029278352283393,0.987422056818515,0.012577943181484974,0.28726710633647234,0.7605430935546977,0.23945690644530226,0.11161355527215189,0.7551547284805796,0.24484527151942037
faster_rcnn,motion_blur_s5,blur,motion_blur,motion_blur,5,17.0,kernel_pixels,300,111,72,565,39,30.489450400098576,C:/Users/Pouyan/PycharmProjects/Uni/Deep Learning/DP_Final_Project/results/logs/phase6_robustness/predictions/faster_rcnn__motion_blur_s5.json.gz,024d2125004e2a934a1dd3d8529933d3c6ccacfc2b46d123e79a72fc6a52f838,0.1130298273155416,0.7853371118677241,0.21466288813227585,0.6486486486486487,0.935064935064935,0.06493506493506496,0.19251336898395724,0.807556080283353,0.19244391971664698,0.6797199288315837,0.9822490895058513,0.017750910494148675,0.8045542858071187,0.9894222280734515,0.010577771926548518,0.2884950041113767,0.7637939675729741,0.23620603242702587,0.10032785510053323,0.6787979649312842,0.3212020350687158
faster_rcnn,jpeg_s1,compression,jpeg,jpeg,1,90.0,quality_percent,300,111,76,457,35,30.413773999884143,C:/Users/Pouyan/PycharmProjects/Uni/Deep Learning/DP_Final_Project/results/logs/phase6_robustness/predictions/faster_rcnn__jpeg_s1.json.gz,ed084dec03dc262119e26209519e85498cf183f94d8079b72662100feb44dc4d,0.1425891181988743,0.9907166004726979,0.00928339952730206,0.6846846846846847,0.987012987012987,0.012987012987012991,0.23602484472049687,0.9900782447366295,0.009921755263370469,0.6950131349929555,1.0043489826978231,-0.004348982697823134,0.8154405212150305,1.002809868264595,-0.00280986826459495,0.37178792275912953,0.9843129640826657,0.015687035917334335,0.14585536652957173,0.9868278941613058,0.013172105838694215
faster_rcnn,jpeg_s2,compression,jpeg,jpeg,2,70.0,quality_percent,300,111,73,464,38,28.896083400031785,C:/Users/Pouyan/PycharmProjects/Uni/Deep Learning/DP_Final_Project/results/logs/phase6_robustness/predictions/faster_rcnn__jpeg_s2.json.gz,4b6b0f2d6a9053c3d5c4292e31a0e9ab1f5b6a10a39609c5731c7f0764be70c9,0.13594040968342644,0.9445210283199109,0.055478971680089084,0.6576576576576577,0.9480519480519481,0.051948051948051854,0.22530864197530864,0.9451258617925283,0.05487413820747167,0.6943660296929348,1.0034138643280377,-0.003413864328037697,0.8156138625257721,1.0030230393941466,-0.0030230393941466094,0.3402617578492035,0.900847066109555,0.099152933890445,0.13821070291095752,0.9351056471173542,0.06489435288264578
faster_rcnn,jpeg_s3,compression,jpeg,jpeg,3,50.0,quality_percent,300,111,72,441,39,29.65569960018911,C:/Users/Pouyan/PycharmProjects/Uni/Deep Learning/DP_Final_Project/results/logs/phase6_robustness/predictions/faster_rcnn__jpeg_s3.json.gz,e1d040ad530903be8209051e862053b874c88ba6c856e02f4eaeaa66e06bd220,0.14035087719298245,0.9751651856915013,0.024834814308498654,0.6486486486486487,0.935064935064935,0.06493506493506496,0.23076923076923078,0.968031968031968,0.031968031968031996,0.691504619458356,0.999278900089974,0.0007210999100260018,0.8128200922697588,0.9995873254340165,0.00041267456598348407,0.29874491763910244,0.7909307360058832,0.20906926399411685,0.1193422683876479,0.8074456374118972,0.19255436258810277
faster_rcnn,jpeg_s4,compression,jpeg,jpeg,4,35.0,quality_percent,300,111,73,473,38,30.598985899836407,C:/Users/Pouyan/PycharmProjects/Uni/Deep Learning/DP_Final_Project/results/logs/phase6_robustness/predictions/faster_rcnn__jpeg_s4.json.gz,6dbc57405114d874a22621d8062c5433113e1b2995dc948b0896b709394aec2b,0.1336996336996337,0.9289520003805718,0.0710479996194282,0.6576576576576577,0.9480519480519481,0.051948051948051854,0.2222222222222222,0.932178932178932,0.067821067821068,0.6757407586135536,0.9764988736333118,0.02350112636668822,0.8021710201202445,0.9864913431256043,0.01350865687439573,0.31857076465359685,0.8434199026669786,0.15658009733302136,0.12168832215923875,0.8233185624752256,0.1766814375247744
faster_rcnn,jpeg_s5,compression,jpeg,jpeg,5,20.0,quality_percent,300,111,67,538,44,30.548421800049255,C:/Users/Pouyan/PycharmProjects/Uni/Deep Learning/DP_Final_Project/results/logs/phase6_robustness/predictions/faster_rcnn__jpeg_s5.json.gz,06f600dd0a4e5c933b37821966da3d380a34fe8975a3e8e97ee4a4c0dbfb9121,0.11074380165289256,0.7694536868090587,0.23054631319094132,0.6036036036036037,0.8701298701298702,0.1298701298701298,0.1871508379888268,0.785061307407676,0.214938692592324,0.6909380526073078,0.9984601661526847,0.001539833847315264,0.8130151404361265,0.9998271911519098,0.00017280884809023345,0.2564456331588125,0.6789428753557011,0.3210571246442989,0.10088041671252924,0.682536484979841,0.317463515020159
yolo11s,clean,clean,clean,clean,0,,none,300,111,19,22,92,,C:/Users/Pouyan/PycharmProjects/Uni/Deep Learning/DP_Final_Project/results/logs/phase6_robustness/predictions/yolo11s__clean.json.gz,834d0dcb8267be00294303b7a7b2d18c6d02ead0beeb8e2ad589ae9de0a496bd,0.4634146341463415,1.0,0.0,0.17117117117117117,1.0,0.0,0.25,1.0,0.0,0.6940811341732323,1.0,0.0,0.81434881788263,1.0,0.0,0.2112858029314436,1.0,0.0,0.07629474050336979,1.0,0.0
yolo11s,darker_s1,lighting,darker,brightness,1,0.9,multiplier,300,111,19,20,92,8.903214399993885,C:/Users/Pouyan/PycharmProjects/Uni/Deep Learning/DP_Final_Project/results/logs/phase6_robustness/predictions/yolo11s__darker_s1.json.gz,9a8135a964ced92161b278cad895c01f4f6aa2b13259bdaa6336f523745b0f9f,0.48717948717948717,1.051282051282051,-0.0512820512820511,0.17117117117117117,1.0,0.0,0.25333333333333335,1.0133333333333334,-0.01333333333333342,0.722946033745096,1.0415872124319396,-0.041587212431939635,0.8352930836886178,1.0257190350695717,-0.02571903506957174,0.2033630716192712,0.9625023016111351,0.03749769838886485,0.07356504604805102,0.9642217217424285,0.035778278257571516
yolo11s,darker_s2,lighting,darker,brightness,2,0.8,multiplier,300,111,20,18,91,7.981333399846335,C:/Users/Pouyan/PycharmProjects/Uni/Deep Learning/DP_Final_Project/results/logs/phase6_robustness/predictions/yolo11s__darker_s2.json.gz,0c73eb203d65d0d69d7fb05299f71de20985a4cbb2d277a927b47d52522f5c9f,0.5263157894736842,1.1357340720221605,-0.13573407202216048,0.18018018018018017,1.0526315789473684,-0.05263157894736836,0.2684563758389262,1.0738255033557047,-0.0738255033557047,0.721350284970005,1.03928813139296,-0.03928813139296006,0.8341528536406081,1.0243188610618605,-0.02431886106186054,0.1733184621571865,0.8203033982999015,0.1796966017000985,0.0626852986808447,0.8216201833477107,0.1783798166522893
yolo11s,darker_s3,lighting,darker,brightness,3,0.7,multiplier,300,111,18,18,93,9.420151099999202,C:/Users/Pouyan/PycharmProjects/Uni/Deep Learning/DP_Final_Project/results/logs/phase6_robustness/predictions/yolo11s__darker_s3.json.gz,78159285d912cdc0018212bd9bb208793dcee9cb201736bcacd65a703f3bdb52,0.5,1.0789473684210527,-0.07894736842105265,0.16216216216216217,0.9473684210526316,0.05263157894736836,0.2448979591836735,0.979591836734694,0.020408163265306034,0.7461927972299853,1.0750800742031792,-0.07508007420317919,0.8507260429058259,1.0446703233606693,-0.04467032336066934,0.15920374859607916,0.7534995081886139,0.2465004918113861,0.05847677710189388,0.7664588242398056,0.2335411757601944
yolo11s,darker_s4,lighting,darker,brightness,4,0.6,multiplier,300,111,8,11,103,8.102121899995836,C:/Users/Pouyan/PycharmProjects/Uni/Deep Learning/DP_Final_Project/results/logs/phase6_robustness/predictions/yolo11s__darker_s4.json.gz,3638598308f394dda4cd9b6d8031da3ac01a695232f76528cd51135196c0a851,0.42105263157894735,0.9085872576177284,0.0914127423822716,0.07207207207207207,0.42105263157894735,0.5789473684210527,0.12307692307692307,0.4923076923076923,0.5076923076923077,0.7455750054299826,1.074189988347815,-0.07418998834781498,0.850716118013755,1.0446581358412024,-0.04465813584120237,0.14726549705054476,0.6969966510164828,0.3030033489835172,0.051888401132699505,0.6801045627831671,0.3198954372168329
yolo11s,darker_s5,lighting,darker,brightness,5,0.5,multiplier,300,111,0,0,111,7.926426500023808,C:/Users/Pouyan/PycharmProjects/Uni/Deep Learning/DP_Final_Project/results/logs/phase6_robustness/predictions/yolo11s__darker_s5.json.gz,13cde71dd2bbfb7152d2bd92ef86cdd3d2275d75309800c612dcdd1a24aabb74,0.0,0.0,1.0,0.0,0.0,1.0,0.0,0.0,1.0,,,,,,,0.043860717054394135,0.20758951356814884,0.7924104864318512,0.012551934236941778,0.1645189976940466,0.8354810023059533
yolo11s,brighter_s1,lighting,brighter,brightness,1,1.1,multiplier,300,111,18,23,93,8.23209949991724,C:/Users/Pouyan/PycharmProjects/Uni/Deep Learning/DP_Final_Project/results/logs/phase6_robustness/predictions/yolo11s__brighter_s1.json.gz,559573828886692d1c188adf5e0395d7f7c156c361ba5ecaf549cc3e3fbce7b4,0.43902439024390244,0.9473684210526315,0.052631578947368474,0.16216216216216217,0.9473684210526316,0.05263157894736836,0.2368421052631579,0.9473684210526316,0.05263157894736836,0.6846645671722604,0.9864330457386822,0.01356695426131782,0.808073721150975,0.9922943380111108,0.007705661988889223,0.20537112376883337,0.9720062631726876,0.027993736827312432,0.06883390666488642,0.9022103779466445,0.09778962205335551
yolo11s,brighter_s2,lighting,brighter,brightness,2,1.2,multiplier,300,111,19,25,92,8.257790899981046,C:/Users/Pouyan/PycharmProjects/Uni/Deep Learning/DP_Final_Project/results/logs/phase6_robustness/predictions/yolo11s__brighter_s2.json.gz,28031b855032ab5af19f27b848f0f2c30f0b54014115d572189e02213cf39c0e,0.4318181818181818,0.9318181818181818,0.06818181818181823,0.17117117117117117,1.0,0.0,0.24516129032258066,0.9806451612903226,0.019354838709677358,0.6804256363070025,0.9803257901794208,0.019674209820579214,0.8046885438413219,0.9881374248612216,0.01186257513877842,0.20209658534330113,0.9565081162072961,0.043491883792703856,0.06523003908102361,0.854974257080572,0.14502574291942805
yolo11s,brighter_s3,lighting,brighter,brightness,3,1.3,multiplier,300,111,16,23,95,7.965277200011769,C:/Users/Pouyan/PycharmProjects/Uni/Deep Learning/DP_Final_Project/results/logs/phase6_robustness/predictions/yolo11s__brighter_s3.json.gz,c782d41f7b603e982e0aca65f0044fbae917c486dcc97ea9cd41f66d2afa4a43,0.41025641025641024,0.8852901484480431,0.1147098515519569,0.14414414414414414,0.8421052631578947,0.1578947368421053,0.21333333333333335,0.8533333333333334,0.1466666666666666,0.7093425851555253,1.0219879928021267,-0.02198799280212671,0.8257772734895723,1.0140338579193338,-0.014033857919333759,0.1577117529748287,0.7464380038161001,0.25356199618389985,0.05488548252069658,0.719387498516656,0.28061250148334405
yolo11s,brighter_s4,lighting,brighter,brightness,4,1.4,multiplier,300,111,14,32,97,8.36370860011084,C:/Users/Pouyan/PycharmProjects/Uni/Deep Learning/DP_Final_Project/results/logs/phase6_robustness/predictions/yolo11s__brighter_s4.json.gz,4f614d8f7be77a1cea0bb407323ad50f2bf17cc57049dd8d1474323903fb97ac,0.30434782608695654,0.6567505720823799,0.34324942791762014,0.12612612612612611,0.7368421052631579,0.26315789473684215,0.17834394904458598,0.7133757961783439,0.2866242038216561,0.7224637209514952,1.0408923184637073,-0.04089231846370733,0.8351299589895668,1.0255187220151794,-0.02551872201517935,0.15312678920095743,0.7247377110834221,0.2752622889165779,0.05299884487504003,0.6946592193035793,0.3053407806964207
yolo11s,brighter_s5,lighting,brighter,brightness,5,1.5,multiplier,300,111,15,33,96,8.006738700030837,C:/Users/Pouyan/PycharmProjects/Uni/Deep Learning/DP_Final_Project/results/logs/phase6_robustness/predictions/yolo11s__brighter_s5.json.gz,193844f4888c355883e1d815c965bdde52a94be7d442793286a48ab02c525f68,0.3125,0.6743421052631579,0.32565789473684215,0.13513513513513514,0.7894736842105263,0.21052631578947367,0.18867924528301885,0.7547169811320754,0.24528301886792458,0.7123197570211335,1.0262773643453462,-0.02627736434534622,0.8282492831590464,1.0170694240246565,-0.0170694240246565,0.15123028926986581,0.7157617178800029,0.28423828211999713,0.05250621929155205,0.6882023445539205,0.3117976554460795
yolo11s,gaussian_noise_s1,noise,gaussian_noise,gaussian_noise,1,0.01,fraction_of_uint8_range_std,300,111,16,22,95,11.722904900059802,C:/Users/Pouyan/PycharmProjects/Uni/Deep Learning/DP_Final_Project/results/logs/phase6_robustness/predictions/yolo11s__gaussian_noise_s1.json.gz,44a5ffad60d657955db89c41b5cba8dd56da51617a76235014c452564f4e2270,0.42105263157894735,0.9085872576177284,0.0914127423822716,0.14414414414414414,0.8421052631578947,0.1578947368421053,0.21476510067114093,0.8590604026845637,0.14093959731543626,0.7003912729105559,1.0090913560773267,-0.009091356077326695,0.8200929993723802,1.0070537113379565,-0.007053711337956514,0.19202421320877844,0.9088363275931274,0.09116367240687262,0.06629480246381414,0.868930178232745,0.131069821767255
yolo11s,gaussian_noise_s2,noise,gaussian_noise,gaussian_noise,2,0.02,fraction_of_uint8_range_std,300,111,15,22,96,11.254797699730261,C:/Users/Pouyan/PycharmProjects/Uni/Deep Learning/DP_Final_Project/results/logs/phase6_robustness/predictions/yolo11s__gaussian_noise_s2.json.gz,1d6340e86f1bcb8d76af1f76183f6b7f4b5206faa412dd2880b5ddc71e1ac1c1,0.40540540540540543,0.8748221906116643,0.12517780938833567,0.13513513513513514,0.7894736842105263,0.21052631578947367,0.20270270270270271,0.8108108108108109,0.18918918918918914,0.6850539712269244,0.9869940810924637,0.013005918907536329,0.8083870383807606,0.9926790837403431,0.007320916259656918,0.176969579012963,0.83758386298385,0.16241613701615,0.057088437755447044,0.7482617724209385,0.2517382275790615
yolo11s,gaussian_noise_s3,noise,gaussian_noise,gaussian_noise,3,0.035,fraction_of_uint8_range_std,300,111,11,26,100,11.253797800090979,C:/Users/Pouyan/PycharmProjects/Uni/Deep Learning/DP_Final_Project/results/logs/phase6_robustness/predictions/yolo11s__gaussian_noise_s3.json.gz,25b625fdb1f4612f65269366124486c262595ba5f0ba965e8b862417bbf8bb43,0.2972972972972973,0.6415362731152204,0.35846372688477957,0.0990990990990991,0.5789473684210527,0.42105263157894735,0.14864864864864866,0.5945945945945946,0.4054054054054054,0.7277759476281741,1.0485459289929815,-0.04854592899298149,0.8361326067816702,1.0267499484504439,-0.026749948450443872,0.12648234122395577,0.5986315193406335,0.4013684806593665,0.042637196005262716,0.5588484307562396,0.4411515692437604
yolo11s,gaussian_noise_s4,noise,gaussian_noise,gaussian_noise,4,0.05,fraction_of_uint8_range_std,300,111,11,30,100,11.771365100081312,C:/Users/Pouyan/PycharmProjects/Uni/Deep Learning/DP_Final_Project/results/logs/phase6_robustness/predictions/yolo11s__gaussian_noise_s4.json.gz,014e0a2d61c958ffaec48d9a9b781887182b6a3fc03586617a3ea773627e5c9b,0.2682926829268293,0.5789473684210527,0.42105263157894735,0.0990990990990991,0.5789473684210527,0.42105263157894735,0.14473684210526316,0.5789473684210527,0.42105263157894735,0.7180231257395613,1.03449451423982,-0.034494514239820084,0.8316483758629168,1.0212434249309368,-0.021243424930936783,0.10262316088060033,0.48570779227366595,0.5142922077263341,0.033403845369434436,0.4378263186825972,0.5621736813174028
yolo11s,gaussian_noise_s5,noise,gaussian_noise,gaussian_noise,5,0.075,fraction_of_uint8_range_std,300,111,8,35,103,11.890804700029548,C:/Users/Pouyan/PycharmProjects/Uni/Deep Learning/DP_Final_Project/results/logs/phase6_robustness/predictions/yolo11s__gaussian_noise_s5.json.gz,135fd9a126cc888608a92913772c15d8b7653e5ed860657d9c49f1ff1e742e60,0.18604651162790697,0.40146878824969395,0.5985312117503061,0.07207207207207207,0.42105263157894735,0.5789473684210527,0.1038961038961039,0.4155844155844156,0.5844155844155844,0.7437528537378402,1.07156471645606,-0.07156471645606,0.846610379724456,1.039616391813165,-0.0396163918131649,0.08612163860573349,0.40760731393617383,0.5923926860638262,0.028167546965055093,0.36919382357439157,0.6308061764256084
yolo11s,salt_and_pepper_s1,noise,salt_and_pepper,salt_pepper,1,0.0025,affected_pixel_fraction,300,111,11,22,100,10.154283299969393,C:/Users/Pouyan/PycharmProjects/Uni/Deep Learning/DP_Final_Project/results/logs/phase6_robustness/predictions/yolo11s__salt_and_pepper_s1.json.gz,0656e6aa59e44c330598e053d1b933c69ca717d656de625cc138d6c311b5151b,0.3333333333333333,0.719298245614035,0.280701754385965,0.0990990990990991,0.5789473684210527,0.42105263157894735,0.1527777777777778,0.6111111111111112,0.38888888888888884,0.6821442036669103,0.9828018225555996,0.017198177444400442,0.8073705618253366,0.991430875929264,0.008569124070735956,0.14851904209063524,0.7029295865128503,0.2970704134871497,0.04804172936360458,0.6296859920702224,0.37031400792977764
yolo11s,salt_and_pepper_s2,noise,salt_and_pepper,salt_pepper,2,0.005,affected_pixel_fraction,300,111,11,26,100,9.730397399995127,C:/Users/Pouyan/PycharmProjects/Uni/Deep Learning/DP_Final_Project/results/logs/phase6_robustness/predictions/yolo11s__salt_and_pepper_s2.json.gz,a346fe8776c127afa4a3017888122969b37a137d3a98da3c67cc7b7a3ef44987,0.2972972972972973,0.6415362731152204,0.35846372688477957,0.0990990990990991,0.5789473684210527,0.42105263157894735,0.14864864864864866,0.5945945945945946,0.4054054054054054,0.6773751583431846,0.9759308025999767,0.024069197400023334,0.8012467739504335,0.9839110174356699,0.016088982564330112,0.11137724420524958,0.5271402179416116,0.4728597820583884,0.0362736381879918,0.47544087506778615,0.5245591249322139
yolo11s,salt_and_pepper_s3,noise,salt_and_pepper,salt_pepper,3,0.01,affected_pixel_fraction,300,111,8,27,103,10.239410200039856,C:/Users/Pouyan/PycharmProjects/Uni/Deep Learning/DP_Final_Project/results/logs/phase6_robustness/predictions/yolo11s__salt_and_pepper_s3.json.gz,c63723e8649baa5d249a62efcdf0141b0d1d0b3dd06b430d05a301e83c008b58,0.22857142857142856,0.49323308270676686,0.5067669172932332,0.07207207207207207,0.42105263157894735,0.5789473684210527,0.1095890410958904,0.4383561643835616,0.5616438356164384,0.6979985169658804,1.005643983966391,-0.005643983966391097,0.8186072360547967,1.0052292311091442,-0.0052292311091441945,0.10822302123890921,0.512211515101299,0.48778848489870097,0.03654239493465973,0.4789634867824962,0.5210365132175039
yolo11s,salt_and_pepper_s4,noise,salt_and_pepper,salt_pepper,4,0.02,affected_pixel_fraction,300,111,8,33,103,9.587781199952587,C:/Users/Pouyan/PycharmProjects/Uni/Deep Learning/DP_Final_Project/results/logs/phase6_robustness/predictions/yolo11s__salt_and_pepper_s4.json.gz,3793cc1bc8e64ec825dd9b52327b2356719bc65c1f52964d235ef92d1480afcc,0.1951219512195122,0.42105263157894735,0.5789473684210527,0.07207207207207207,0.42105263157894735,0.5789473684210527,0.10526315789473685,0.4210526315789474,0.5789473684210527,0.723491525585361,1.04237313184886,-0.042373131848860046,0.8346273580584052,1.024901540630342,-0.02490154063034189,0.06024166001183892,0.28511929895917176,0.7148807010408282,0.023898623793998177,0.31324077696997504,0.686759223030025
yolo11s,salt_and_pepper_s5,noise,salt_and_pepper,salt_pepper,5,0.04,affected_pixel_fraction,300,111,2,21,109,10.76220049992844,C:/Users/Pouyan/PycharmProjects/Uni/Deep Learning/DP_Final_Project/results/logs/phase6_robustness/predictions/yolo11s__salt_and_pepper_s5.json.gz,beb80a622a552afc7b5ec4c206e6e5ba25d1bc14d02029df7b7e82188e80bbce,0.08695652173913043,0.18764302059496565,0.8123569794050344,0.018018018018018018,0.10526315789473684,0.8947368421052632,0.029850746268656716,0.11940298507462686,0.8805970149253731,0.5961786452010718,0.8589466214367304,0.1410533785632696,0.7470027607460157,0.9173007246308538,0.08269927536914623,0.017327066855043254,0.08200771947117245,0.9179922805288275,0.004349848205361828,0.05701373615878153,0.9429862638412184
yolo11s,gaussian_blur_s1,blur,gaussian_blur,gaussian_blur,1,0.5,sigma_pixels,300,111,19,23,92,8.214735200002906,C:/Users/Pouyan/PycharmProjects/Uni/Deep Learning/DP_Final_Project/results/logs/phase6_robustness/predictions/yolo11s__gaussian_blur_s1.json.gz,45af16b4b41a826e3930d247dca1d2eadd38d8d3b4c5cd75a5f9254596643943,0.4523809523809524,0.9761904761904762,0.023809523809523836,0.17117117117117117,1.0,0.0,0.24836601307189543,0.9934640522875817,0.006535947712418277,0.7004432586725542,1.0091662547591072,-0.00916625475910715,0.8195002170171672,1.0063257894177722,-0.006325789417772176,0.21072379674611305,0.9973400664998163,0.0026599335001836755,0.07363526986866809,0.9651421498106512,0.03485785018934884
yolo11s,gaussian_blur_s2,blur,gaussian_blur,gaussian_blur,2,1.0,sigma_pixels,300,111,18,27,93,7.7678992000292055,C:/Users/Pouyan/PycharmProjects/Uni/Deep Learning/DP_Final_Project/results/logs/phase6_robustness/predictions/yolo11s__gaussian_blur_s2.json.gz,15cbabb43b4c52f63f7dafad4f08f1222c74ede22e660da1a638ea6dbea72de7,0.4,0.8631578947368421,0.13684210526315788,0.16216216216216217,0.9473684210526316,0.05263157894736836,0.23076923076923078,0.9230769230769231,0.07692307692307687,0.6914011310697034,0.9961387754664716,0.00386122453352844,0.8130883382401941,0.9984521624950433,0.001547837504956684,0.2128185127808453,1.0072542017879875,-0.007254201787987524,0.07202232766485055,0.9440012141029493,0.05599878589705065
yolo11s,gaussian_blur_s3,blur,gaussian_blur,gaussian_blur,3,1.5,sigma_pixels,300,111,19,34,92,9.016121599895996,C:/Users/Pouyan/PycharmProjects/Uni/Deep Learning/DP_Final_Project/results/logs/phase6_robustness/predictions/yolo11s__gaussian_blur_s3.json.gz,5cfe7aa0c45818426517d0c06ab496bab1a0a66cdbc29d99d61246479aa037e4,0.3584905660377358,0.7735849056603773,0.2264150943396227,0.17117117117117117,1.0,0.0,0.23170731707317074,0.926829268292683,0.07317073170731703,0.7119140121903591,1.025692785957032,-0.02569278595703195,0.8272917072800212,1.0158935447724278,-0.01589354477242777,0.17411884441432388,0.8240915480290013,0.1759084519709987,0.06430769749548146,0.8428850674528622,0.15711493254713782
yolo11s,gaussian_blur_s4,blur,gaussian_blur,gaussian_blur,4,2.0,sigma_pixels,300,111,20,37,91,7.790499300084775,C:/Users/Pouyan/PycharmProjects/Uni/Deep Learning/DP_Final_Project/results/logs/phase6_robustness/predictions/yolo11s__gaussian_blur_s4.json.gz,c2e09f7bb60279ac871db922ce312eb62eea04c0839b5a7ccb0149f6402529eb,0.3508771929824561,0.7571560480147737,0.24284395198522635,0.18018018018018017,1.0526315789473684,-0.05263157894736836,0.23809523809523814,0.9523809523809526,0.04761904761904745,0.715702740077472,1.031151409885236,-0.031151409885235903,0.8299904204854108,1.0192074971551506,-0.019207497155150577,0.15998775768001816,0.7572101649060148,0.24278983509398522,0.05900499618976325,0.7733822253076162,0.22661777469238376
yolo11s,gaussian_blur_s5,blur,gaussian_blur,gaussian_blur,5,3.0,sigma_pixels,300,111,15,40,96,9.162043100164738,C:/Users/Pouyan/PycharmProjects/Uni/Deep Learning/DP_Final_Project/results/logs/phase6_robustness/predictions/yolo11s__gaussian_blur_s5.json.gz,2a2138e098776c8aaf3d6fb3fc5ffe2e5bec155a6e5df4d0ed28ebb99f3e2b08,0.2727272727272727,0.5885167464114832,0.4114832535885168,0.13513513513513514,0.7894736842105263,0.21052631578947367,0.18072289156626506,0.7228915662650602,0.27710843373493976,0.7093165392002413,1.0219504669942614,-0.021950466994261397,0.8260511705954888,1.0143701967214562,-0.01437019672145623,0.14895357422804587,0.7049861948196168,0.2950138051803832,0.05301463072240289,0.6948661254056082,0.3051338745943918
yolo11s,motion_blur_s1,blur,motion_blur,motion_blur,1,3.0,kernel_pixels,300,111,22,25,89,8.288203900068766,C:/Users/Pouyan/PycharmProjects/Uni/Deep Learning/DP_Final_Project/results/logs/phase6_robustness/predictions/yolo11s__motion_blur_s1.json.gz,b1384df98d901898a05951863c18ac2a4d440221259b96524dd515bd846ef599,0.46808510638297873,1.0100783874580066,-0.010078387458006599,0.1981981981981982,1.1578947368421053,-0.1578947368421053,0.2784810126582279,1.1139240506329116,-0.11392405063291156,0.6970626405830559,1.004295616554072,-0.004295616554071957,0.8167161827345232,1.0029070648841223,-0.00290706488412229,0.20917381241759847,0.9900041058862321,0.00999589411376789,0.07188097412930762,0.9421484843523752,0.05785151564762481
yolo11s,motion_blur_s2,blur,motion_blur,motion_blur,2,5.0,kernel_pixels,300,111,19,30,92,9.594662799980142,C:/Users/Pouyan/PycharmProjects/Uni/Deep Learning/DP_Final_Project/results/logs/phase6_robustness/predictions/yolo11s__motion_blur_s2.json.gz,814a50636d33ecaf02e1e2a3e3922a1d09d082357bad5c57bdddbfb443833c3d,0.3877551020408163,0.836734693877551,0.16326530612244905,0.17117117117117117,1.0,0.0,0.2375,0.95,0.050000000000000044,0.6956313847959855,1.0022335294051752,-0.002233529405175183,0.8161218602437534,1.0021772517159582,-0.002177251715958173,0.1976733645817016,0.9355733411290351,0.06442665887096488,0.06538309550770008,0.8569803773670642,0.14301962263293577
yolo11s,motion_blur_s3,blur,motion_blur,motion_blur,3,9.0,kernel_pixels,300,111,19,34,92,8.964571199860075,C:/Users/Pouyan/PycharmProjects/Uni/Deep Learning/DP_Final_Project/results/logs/phase6_robustness/predictions/yolo11s__motion_blur_s3.json.gz,4a0ca87a8a68e254426cc97834ff8b8d576142fc496202e11da2b603692b6e3c,0.3584905660377358,0.7735849056603773,0.2264150943396227,0.17117117117117117,1.0,0.0,0.23170731707317074,0.926829268292683,0.07317073170731703,0.711491094481016,1.0250834656794439,-0.02508346567944386,0.826810451025368,1.0153025741169972,-0.015302574116997203,0.15301451383543943,0.7242063201240663,0.27579367987593373,0.05505163859607174,0.7215653167290111,0.27843468327098886
yolo11s,motion_blur_s4,blur,motion_blur,motion_blur,4,13.0,kernel_pixels,300,111,19,37,92,10.988628299921402,C:/Users/Pouyan/PycharmProjects/Uni/Deep Learning/DP_Final_Project/results/logs/phase6_robustness/predictions/yolo11s__motion_blur_s4.json.gz,72d6712577c3256e9970e7d978a65c08a8277e49bd13a548639dc5f7128328b1,0.3392857142857143,0.7321428571428571,0.2678571428571429,0.17117117117117117,1.0,0.0,0.2275449101796407,0.9101796407185628,0.08982035928143717,0.7064305562848021,1.0177924762733683,-0.01779247627336833,0.8234522927225152,1.0111788396323271,-0.011178839632327131,0.18459238776422024,0.8736620501857162,0.1263379498142838,0.06243439719472023,0.8183316016647652,0.18166839833523485
yolo11s,motion_blur_s5,blur,motion_blur,motion_blur,5,17.0,kernel_pixels,300,111,13,34,98,11.276488700052141,C:/Users/Pouyan/PycharmProjects/Uni/Deep Learning/DP_Final_Project/results/logs/phase6_robustness/predictions/yolo11s__motion_blur_s5.json.gz,cdbcde575df136d7261b88bb5be36b4d33b0f7380c61477158588a7a369588d1,0.2765957446808511,0.5968645016797313,0.40313549832026874,0.11711711711711711,0.6842105263157895,0.3157894736842105,0.16455696202531647,0.6582278481012659,0.3417721518987341,0.7165784163991211,1.032413043833394,-0.03241304383339405,0.8309071593303,1.0203332295498666,-0.020333229549866605,0.12012829202392597,0.5685582767854226,0.4314417232145774,0.044095072427475464,0.5779569094350333,0.4220430905649667
yolo11s,jpeg_s1,compression,jpeg,jpeg,1,90.0,quality_percent,300,111,20,22,91,8.143156399921281,C:/Users/Pouyan/PycharmProjects/Uni/Deep Learning/DP_Final_Project/results/logs/phase6_robustness/predictions/yolo11s__jpeg_s1.json.gz,aa911a29d963cef157a3127343c46b1621a2997aa181f628e99902bf474aa131,0.47619047619047616,1.0275689223057642,-0.027568922305764243,0.18018018018018017,1.0526315789473684,-0.05263157894736836,0.261437908496732,1.045751633986928,-0.04575163398692794,0.694998269168434,1.0013213656877364,-0.0013213656877364421,0.8156498485840631,1.0015976331921446,-0.0015976331921445652,0.2084439794392217,0.9865498606494445,0.013450139350555501,0.07297738029369141,0.9565191494486851,0.0434808505513149
yolo11s,jpeg_s2,compression,jpeg,jpeg,2,70.0,quality_percent,300,111,19,25,92,8.223004800194758,C:/Users/Pouyan/PycharmProjects/Uni/Deep Learning/DP_Final_Project/results/logs/phase6_robustness/predictions/yolo11s__jpeg_s2.json.gz,a83ec131c073f04da92609fecec0c08794d95509974605f7d5a93bdde89ae4d7,0.4318181818181818,0.9318181818181818,0.06818181818181823,0.17117117117117117,1.0,0.0,0.24516129032258066,0.9806451612903226,0.019354838709677358,0.6958351365252483,1.0025270854741,-0.002527085474099966,0.816417335244092,1.002540087633258,-0.0025400876332579703,0.20528516613312897,0.9715994320722927,0.028400567927707288,0.07424122341530039,0.9730844213569518,0.026915578643048166
yolo11s,jpeg_s3,compression,jpeg,jpeg,3,50.0,quality_percent,300,111,17,26,94,8.915541000169469,C:/Users/Pouyan/PycharmProjects/Uni/Deep Learning/DP_Final_Project/results/logs/phase6_robustness/predictions/yolo11s__jpeg_s3.json.gz,80ab32330cf3ae3024c6cd30ce0e8fed7a478a68b46443247f329613d4bf5e1d,0.3953488372093023,0.8531211750305997,0.1468788249694003,0.15315315315315314,0.894736842105263,0.10526315789473695,0.22077922077922074,0.883116883116883,0.11688311688311703,0.7246023661842699,1.0439735796124088,-0.043973579612408775,0.8360014211630022,1.026588855788691,-0.02658885578869108,0.20521836269631746,0.97128325637149,0.028716743628509955,0.074528039652302,0.9768437399562324,0.023156260043767585
yolo11s,jpeg_s4,compression,jpeg,jpeg,4,35.0,quality_percent,300,111,19,27,92,8.249660699962988,C:/Users/Pouyan/PycharmProjects/Uni/Deep Learning/DP_Final_Project/results/logs/phase6_robustness/predictions/yolo11s__jpeg_s4.json.gz,e33976b4bb0af2dc93162dad34ab89e5289900e0097b38d08c92309c7e571f51,0.41304347826086957,0.8913043478260869,0.10869565217391308,0.17117117117117117,1.0,0.0,0.24203821656050958,0.9681528662420383,0.031847133757961665,0.6836897350556135,0.9850285527065986,0.014971447293401385,0.8075132464928744,0.991606089135699,0.008393910864300969,0.19368900663517458,0.9167156711330069,0.08328432886699311,0.06212235227680615,0.8142416091455522,0.18575839085444779
yolo11s,jpeg_s5,compression,jpeg,jpeg,5,20.0,quality_percent,300,111,15,27,96,8.25140479989932,C:/Users/Pouyan/PycharmProjects/Uni/Deep Learning/DP_Final_Project/results/logs/phase6_robustness/predictions/yolo11s__jpeg_s5.json.gz,42e105038f2b3d0d893c6ae290204b2d7519a58eee97310ad655f4090bc88608,0.35714285714285715,0.7706766917293233,0.2293233082706767,0.13513513513513514,0.7894736842105263,0.21052631578947367,0.19607843137254902,0.7843137254901961,0.21568627450980393,0.7258790375406162,1.04581294866235,-0.04581294866234997,0.8370787685216483,1.0279118114251309,-0.027911811425130884,0.1649863934449128,0.7808683364231828,0.21913166357681724,0.05845685283262884,0.7661976755795756,0.23380232442042437
