detector,family,corruption,severity,value,unit,metric,clean_performance,corrupted_performance,relative_performance,relative_degradation
faster_rcnn,lighting,darker,1,0.9,multiplier,precision,0.14392523364485982,0.14124293785310735,0.9813632694988627,0.018636730501137344
faster_rcnn,lighting,darker,1,0.9,multiplier,recall,0.6936936936936937,0.6756756756756757,0.974025974025974,0.025974025974025983
faster_rcnn,lighting,darker,1,0.9,multiplier,f1,0.238390092879257,0.2336448598130841,0.9800946716834565,0.019905328316543458
faster_rcnn,lighting,darker,1,0.9,multiplier,iou,0.6920036232087895,0.6949195468495196,1.0042137404240878,-0.004213740424087842
faster_rcnn,lighting,darker,1,0.9,multiplier,dice,0.8131556609292098,0.8155182084540205,1.0029054062319518,-0.0029054062319517904
faster_rcnn,lighting,darker,1,0.9,multiplier,map_50,0.37771312207151386,0.37528747843153387,0.9935780795046862,0.00642192049531376
faster_rcnn,lighting,darker,1,0.9,multiplier,map_50_95,0.1478022331883237,0.15036373403637363,1.0173305963840624,-0.017330596384062424
faster_rcnn,lighting,darker,2,0.8,multiplier,precision,0.14392523364485982,0.14942528735632185,1.0382146589043142,-0.03821465890431419
faster_rcnn,lighting,darker,2,0.8,multiplier,recall,0.6936936936936937,0.7027027027027027,1.012987012987013,-0.012987012987013102
faster_rcnn,lighting,darker,2,0.8,multiplier,f1,0.238390092879257,0.24644549763033177,1.033790853696067,-0.033790853696066936
faster_rcnn,lighting,darker,2,0.8,multiplier,iou,0.6920036232087895,0.6879878603347956,0.9941969048436872,0.005803095156312832
faster_rcnn,lighting,darker,2,0.8,multiplier,dice,0.8131556609292098,0.8100765045293981,0.9962133247694629,0.0037866752305371065
faster_rcnn,lighting,darker,2,0.8,multiplier,map_50,0.37771312207151386,0.3777244134607964,1.0000298940879273,-2.9894087927306856e-05
faster_rcnn,lighting,darker,2,0.8,multiplier,map_50_95,0.1478022331883237,0.15004458654499797,1.0151713090411643,-0.01517130904116426
faster_rcnn,lighting,darker,3,0.7,multiplier,precision,0.14392523364485982,0.142578125,0.9906402191558441,0.009359780844155896
faster_rcnn,lighting,darker,3,0.7,multiplier,recall,0.6936936936936937,0.6576576576576577,0.9480519480519481,0.051948051948051854
faster_rcnn,lighting,darker,3,0.7,multiplier,f1,0.238390092879257,0.23434991974317818,0.9830522607408642,0.01694773925913584
faster_rcnn,lighting,darker,3,0.7,multiplier,iou,0.6920036232087895,0.7000698968806538,1.0116564038125426,-0.011656403812542626
faster_rcnn,lighting,darker,3,0.7,multiplier,dice,0.8131556609292098,0.8190437308998196,1.0072410120884867,-0.007241012088486709
faster_rcnn,lighting,darker,3,0.7,multiplier,map_50,0.37771312207151386,0.35495763036673683,0.9397545640459146,0.06024543595408538
faster_rcnn,lighting,darker,3,0.7,multiplier,map_50_95,0.1478022331883237,0.14330857682132567,0.9695968303721609,0.030403169627839066
faster_rcnn,lighting,darker,4,0.6,multiplier,precision,0.14392523364485982,0.14792899408284024,1.0278183355106432,-0.027818335510643166
faster_rcnn,lighting,darker,4,0.6,multiplier,recall,0.6936936936936937,0.6756756756756757,0.974025974025974,0.025974025974025983
faster_rcnn,lighting,darker,4,0.6,multiplier,f1,0.238390092879257,0.24271844660194178,1.0181566006808724,-0.018156600680872437
faster_rcnn,lighting,darker,4,0.6,multiplier,iou,0.6920036232087895,0.6919549231386076,0.9999296245445132,7.037545548682633e-05
faster_rcnn,lighting,darker,4,0.6,multiplier,dice,0.8131556609292098,0.8128274071130901,0.9995963210589415,0.0004036789410585273
faster_rcnn,lighting,darker,4,0.6,multiplier,map_50,0.37771312207151386,0.3275667538237673,0.8672368913933254,0.13276310860667462
faster_rcnn,lighting,darker,4,0.6,multiplier,map_50_95,0.1478022331883237,0.13249167146600893,0.8964118376830839,0.10358816231691614
faster_rcnn,lighting,darker,5,0.5,multiplier,precision,0.14392523364485982,0.15074309978768577,1.0473708881352193,-0.04737088813521928
faster_rcnn,lighting,darker,5,0.5,multiplier,recall,0.6936936936936937,0.6396396396396397,0.922077922077922,0.07792207792207795
faster_rcnn,lighting,darker,5,0.5,multiplier,f1,0.238390092879257,0.24398625429553264,1.0234748069799615,-0.023474806979961516
faster_rcnn,lighting,darker,5,0.5,multiplier,iou,0.6920036232087895,0.699990016868642,1.0115409708735628,-0.011540970873562761
faster_rcnn,lighting,darker,5,0.5,multiplier,dice,0.8131556609292098,0.8189750023156148,1.0071564912673119,-0.007156491267311882
faster_rcnn,lighting,darker,5,0.5,multiplier,map_50,0.37771312207151386,0.31557806099062835,0.8354966839909754,0.16450331600902457
faster_rcnn,lighting,darker,5,0.5,multiplier,map_50_95,0.1478022331883237,0.12820180952385116,0.8673874998931954,0.1326125001068046
faster_rcnn,lighting,brighter,1,1.1,multiplier,precision,0.14392523364485982,0.13966480446927373,0.9703983167670318,0.02960168323296819
faster_rcnn,lighting,brighter,1,1.1,multiplier,recall,0.6936936936936937,0.6756756756756757,0.974025974025974,0.025974025974025983
faster_rcnn,lighting,brighter,1,1.1,multiplier,f1,0.238390092879257,0.23148148148148145,0.9710197210197208,0.028980278980279217
faster_rcnn,lighting,brighter,1,1.1,multiplier,iou,0.6920036232087895,0.6918714330952356,0.9998089748245234,0.00019102517547664455
faster_rcnn,lighting,brighter,1,1.1,multiplier,dice,0.8131556609292098,0.8130919326193174,0.9999216284003736,7.837159962642559e-05
faster_rcnn,lighting,brighter,1,1.1,multiplier,map_50,0.37771312207151386,0.3685571258859183,0.9757593907900769,0.024240609209923103
faster_rcnn,lighting,brighter,1,1.1,multiplier,map_50_95,0.1478022331883237,0.14262501881174247,0.9649720152063966,0.03502798479360336
faster_rcnn,lighting,brighter,2,1.2,multiplier,precision,0.14392523364485982,0.1391465677179963,0.9667975808977665,0.03320241910223354
faster_rcnn,lighting,brighter,2,1.2,multiplier,recall,0.6936936936936937,0.6756756756756757,0.974025974025974,0.025974025974025983
faster_rcnn,lighting,brighter,2,1.2,multiplier,f1,0.238390092879257,0.2307692307692308,0.9680319680319681,0.031968031968031885
faster_rcnn,lighting,brighter,2,1.2,multiplier,iou,0.6920036232087895,0.6815834579763675,0.9849420365978662,0.015057963402133834
faster_rcnn,lighting,brighter,2,1.2,multiplier,dice,0.8131556609292098,0.805881275507683,0.9910541292755507,0.0089458707244493
faster_rcnn,lighting,brighter,2,1.2,multiplier,map_50,0.37771312207151386,0.36223096756075696,0.9590108110995794,0.04098918890042058
faster_rcnn,lighting,brighter,2,1.2,multiplier,map_50_95,0.1478022331883237,0.13856437144147735,0.9374984968253096,0.06250150317469039
faster_rcnn,lighting,brighter,3,1.3,multiplier,precision,0.14392523364485982,0.1336996336996337,0.9289520003805718,0.0710479996194282
faster_rcnn,lighting,brighter,3,1.3,multiplier,recall,0.6936936936936937,0.6576576576576577,0.9480519480519481,0.051948051948051854
faster_rcnn,lighting,brighter,3,1.3,multiplier,f1,0.238390092879257,0.2222222222222222,0.932178932178932,0.067821067821068
faster_rcnn,lighting,brighter,3,1.3,multiplier,iou,0.6920036232087895,0.6931244958293807,1.001619749641474,-0.0016197496414740442
faster_rcnn,lighting,brighter,3,1.3,multiplier,dice,0.8131556609292098,0.8146737928325669,1.001866963456446,-0.0018669634564461024
faster_rcnn,lighting,brighter,3,1.3,multiplier,map_50,0.37771312207151386,0.32630225709038885,0.8638891211955533,0.13611087880444672
faster_rcnn,lighting,brighter,3,1.3,multiplier,map_50_95,0.1478022331883237,0.1282914363068591,0.8679938965698528,0.13200610343014718
faster_rcnn,lighting,brighter,4,1.4,multiplier,precision,0.14392523364485982,0.12588652482269502,0.874666114027816,0.12533388597218398
faster_rcnn,lighting,brighter,4,1.4,multiplier,recall,0.6936936936936937,0.6396396396396397,0.922077922077922,0.07792207792207795
faster_rcnn,lighting,brighter,4,1.4,multiplier,f1,0.238390092879257,0.21037037037037037,0.8824627224627224,0.1175372775372776
faster_rcnn,lighting,brighter,4,1.4,multiplier,iou,0.6920036232087895,0.6831487582947365,0.9872040194341853,0.012795980565814657
faster_rcnn,lighting,brighter,4,1.4,multiplier,dice,0.8131556609292098,0.8065472320223734,0.9918731071744803,0.008126892825519705
faster_rcnn,lighting,brighter,4,1.4,multiplier,map_50,0.37771312207151386,0.32465683611325635,0.8595328495147908,0.1404671504852092
faster_rcnn,lighting,brighter,4,1.4,multiplier,map_50_95,0.1478022331883237,0.12803218144916134,0.8662398306663462,0.13376016933365376
faster_rcnn,lighting,brighter,5,1.5,multiplier,precision,0.14392523364485982,0.10902896081771721,0.7575388836036195,0.24246111639638046
faster_rcnn,lighting,brighter,5,1.5,multiplier,recall,0.6936936936936937,0.5765765765765766,0.8311688311688311,0.1688311688311689
faster_rcnn,lighting,brighter,5,1.5,multiplier,f1,0.238390092879257,0.18338108882521492,0.7692479440330443,0.2307520559669557
faster_rcnn,lighting,brighter,5,1.5,multiplier,iou,0.6920036232087895,0.6951874322012295,1.004600855957483,-0.004600855957483052
faster_rcnn,lighting,brighter,5,1.5,multiplier,dice,0.8131556609292098,0.8153067769242421,1.0026453926331573,-0.0026453926331573285
faster_rcnn,lighting,brighter,5,1.5,multiplier,map_50,0.37771312207151386,0.2698997475874615,0.7145628039270512,0.2854371960729488
faster_rcnn,lighting,brighter,5,1.5,multiplier,map_50_95,0.1478022331883237,0.09910910901190496,0.6705521755251431,0.3294478244748569
faster_rcnn,noise,gaussian_noise,1,0.01,fraction_of_uint8_range_std,precision,0.14392523364485982,0.13611615245009073,0.9457420981921888,0.054257901807811204
faster_rcnn,noise,gaussian_noise,1,0.01,fraction_of_uint8_range_std,recall,0.6936936936936937,0.6756756756756757,0.974025974025974,0.025974025974025983
faster_rcnn,noise,gaussian_noise,1,0.01,fraction_of_uint8_range_std,f1,0.238390092879257,0.22658610271903323,0.9504845607564639,0.049515439243536075
faster_rcnn,noise,gaussian_noise,1,0.01,fraction_of_uint8_range_std,iou,0.6920036232087895,0.6942019357188444,1.0031767355492467,-0.0031767355492466898
faster_rcnn,noise,gaussian_noise,1,0.01,fraction_of_uint8_range_std,dice,0.8131556609292098,0.814409578372542,1.0015420386324303,-0.0015420386324302982
faster_rcnn,noise,gaussian_noise,1,0.01,fraction_of_uint8_range_std,map_50,0.37771312207151386,0.33501854501401673,0.8869655975324744,0.11303440246752561
faster_rcnn,noise,gaussian_noise,1,0.01,fraction_of_uint8_range_std,map_50_95,0.1478022331883237,0.13092857529824892,0.8858362453253664,0.11416375467463358
faster_rcnn,noise,gaussian_noise,2,0.02,fraction_of_uint8_range_std,precision,0.14392523364485982,0.13518197573656845,0.9392513898579756,0.06074861014202437
faster_rcnn,noise,gaussian_noise,2,0.02,fraction_of_uint8_range_std,recall,0.6936936936936937,0.7027027027027027,1.012987012987013,-0.012987012987013102
faster_rcnn,noise,gaussian_noise,2,0.02,fraction_of_uint8_range_std,f1,0.238390092879257,0.22674418604651164,0.9511476895197825,0.04885231048021754
faster_rcnn,noise,gaussian_noise,2,0.02,fraction_of_uint8_range_std,iou,0.6920036232087895,0.6854372794176468,0.990511113568026,0.009488886431973986
faster_rcnn,noise,gaussian_noise,2,0.02,fraction_of_uint8_range_std,dice,0.8131556609292098,0.8089082559267949,0.9947766396933629,0.005223360306637059
faster_rcnn,noise,gaussian_noise,2,0.02,fraction_of_uint8_range_std,map_50,0.37771312207151386,0.2964929961723331,0.784968747038121,0.21503125296187897
faster_rcnn,noise,gaussian_noise,2,0.02,fraction_of_uint8_range_std,map_50_95,0.1478022331883237,0.11768947799349287,0.7962631920692135,0.20373680793078652
faster_rcnn,noise,gaussian_noise,3,0.035,fraction_of_uint8_range_std,precision,0.14392523364485982,0.11305732484076433,0.7855281661014145,0.21447183389858548
faster_rcnn,noise,gaussian_noise,3,0.035,fraction_of_uint8_range_std,recall,0.6936936936936937,0.6396396396396397,0.922077922077922,0.07792207792207795
faster_rcnn,noise,gaussian_noise,3,0.035,fraction_of_uint8_range_std,f1,0.238390092879257,0.19215155615696888,0.8060383459571551,0.19396165404284493
faster_rcnn,noise,gaussian_noise,3,0.035,fraction_of_uint8_range_std,iou,0.6920036232087895,0.6798091403933663,0.9823780072727395,0.017621992727260505
faster_rcnn,noise,gaussian_noise,3,0.035,fraction_of_uint8_range_std,dice,0.8131556609292098,0.8043560054058553,0.9891783874279385,0.01082161257206149
faster_rcnn,noise,gaussian_noise,3,0.035,fraction_of_uint8_range_std,map_50,0.37771312207151386,0.25328857609495836,0.6705845290887253,0.32941547091127465
faster_rcnn,noise,gaussian_noise,3,0.035,fraction_of_uint8_range_std,map_50_95,0.1478022331883237,0.09817504002774396,0.6642324537996206,0.3357675462003794
faster_rcnn,noise,gaussian_noise,4,0.05,fraction_of_uint8_range_std,precision,0.14392523364485982,0.09259259259259259,0.6433381433381433,0.3566618566618567
faster_rcnn,noise,gaussian_noise,4,0.05,fraction_of_uint8_range_std,recall,0.6936936936936937,0.5405405405405406,0.7792207792207793,0.22077922077922074
faster_rcnn,noise,gaussian_noise,4,0.05,fraction_of_uint8_range_std,f1,0.238390092879257,0.15810276679841898,0.663210307479082,0.33678969252091795
faster_rcnn,noise,gaussian_noise,4,0.05,fraction_of_uint8_range_std,iou,0.6920036232087895,0.6986235400223937,1.0095663036891454,-0.00956630368914535
faster_rcnn,noise,gaussian_noise,4,0.05,fraction_of_uint8_range_std,dice,0.8131556609292098,0.8194336634270258,1.0077205420800268,-0.007720542080026815
faster_rcnn,noise,gaussian_noise,4,0.05,fraction_of_uint8_range_std,map_50,0.37771312207151386,0.20337603984461128,0.5384404934867614,0.4615595065132386
faster_rcnn,noise,gaussian_noise,4,0.05,fraction_of_uint8_range_std,map_50_95,0.1478022331883237,0.08877351711642327,0.600623652305115,0.39937634769488495
faster_rcnn,noise,gaussian_noise,5,0.075,fraction_of_uint8_range_std,precision,0.14392523364485982,0.08925869894099848,0.6201740770575869,0.37982592294241313
faster_rcnn,noise,gaussian_noise,5,0.075,fraction_of_uint8_range_std,recall,0.6936936936936937,0.5315315315315315,0.7662337662337663,0.23376623376623373
faster_rcnn,noise,gaussian_noise,5,0.075,fraction_of_uint8_range_std,f1,0.238390092879257,0.1528497409326425,0.641174887288877,0.35882511271112305
faster_rcnn,noise,gaussian_noise,5,0.075,fraction_of_uint8_range_std,iou,0.6920036232087895,0.6746269340852319,0.9748893090429459,0.025110690957054094
faster_rcnn,noise,gaussian_noise,5,0.075,fraction_of_uint8_range_std,dice,0.8131556609292098,0.8019274028809247,0.9861917482866019,0.013808251713398056
faster_rcnn,noise,gaussian_noise,5,0.075,fraction_of_uint8_range_std,map_50,0.37771312207151386,0.1715206324670049,0.4541029221498168,0.5458970778501833
faster_rcnn,noise,gaussian_noise,5,0.075,fraction_of_uint8_range_std,map_50_95,0.1478022331883237,0.06862013969988436,0.4642699790093924,0.5357300209906076
faster_rcnn,noise,salt_and_pepper,1,0.0025,affected_pixel_fraction,precision,0.14392523364485982,0.15789473684210525,1.097060833902939,-0.09706083390293907
faster_rcnn,noise,salt_and_pepper,1,0.0025,affected_pixel_fraction,recall,0.6936936936936937,0.5945945945945946,0.8571428571428572,0.1428571428571428
faster_rcnn,noise,salt_and_pepper,1,0.0025,affected_pixel_fraction,f1,0.238390092879257,0.24952741020793953,1.0467188765865514,-0.04671887658655138
faster_rcnn,noise,salt_and_pepper,1,0.0025,affected_pixel_fraction,iou,0.6920036232087895,0.6765904975550464,0.9777268136512449,0.02227318634875508
faster_rcnn,noise,salt_and_pepper,1,0.0025,affected_pixel_fraction,dice,0.8131556609292098,0.8032360217692869,0.9878010574893035,0.012198942510696531
faster_rcnn,noise,salt_and_pepper,1,0.0025,affected_pixel_fraction,map_50,0.37771312207151386,0.24854798526521663,0.6580337582715966,0.3419662417284034
faster_rcnn,noise,salt_and_pepper,1,0.0025,affected_pixel_fraction,map_50_95,0.1478022331883237,0.09821033399672503,0.6644712456515414,0.33552875434845864
faster_rcnn,noise,salt_and_pepper,2,0.005,affected_pixel_fraction,precision,0.14392523364485982,0.15730337078651685,1.0929519918283963,-0.09295199182839631
faster_rcnn,noise,salt_and_pepper,2,0.005,affected_pixel_fraction,recall,0.6936936936936937,0.5045045045045045,0.7272727272727272,0.2727272727272728
faster_rcnn,noise,salt_and_pepper,2,0.005,affected_pixel_fraction,f1,0.238390092879257,0.2398286937901499,1.006034650574265,-0.006034650574264999
faster_rcnn,noise,salt_and_pepper,2,0.005,affected_pixel_fraction,iou,0.6920036232087895,0.69484317775527,1.0041033810391247,-0.004103381039124665
faster_rcnn,noise,salt_and_pepper,2,0.005,affected_pixel_fraction,dice,0.8131556609292098,0.815796813069354,1.0032480277357059,-0.0032480277357058718
faster_rcnn,noise,salt_and_pepper,2,0.005,affected_pixel_fraction,map_50,0.37771312207151386,0.19604911663212715,0.5190423768094783,0.4809576231905217
faster_rcnn,noise,salt_and_pepper,2,0.005,affected_pixel_fraction,map_50_95,0.1478022331883237,0.07833519895599911,0.5300001039645154,0.46999989603548464
faster_rcnn,noise,salt_and_pepper,3,0.01,affected_pixel_fraction,precision,0.14392523364485982,0.14181818181818182,0.9853600944510035,0.014639905548996524
faster_rcnn,noise,salt_and_pepper,3,0.01,affected_pixel_fraction,recall,0.6936936936936937,0.35135135135135137,0.5064935064935066,0.49350649350649345
faster_rcnn,noise,salt_and_pepper,3,0.01,affected_pixel_fraction,f1,0.238390092879257,0.20207253886010362,0.8476549357378371,0.15234506426216288
faster_rcnn,noise,salt_and_pepper,3,0.01,affected_pixel_fraction,iou,0.6920036232087895,0.6812448330400479,0.9844526967664511,0.015547303233548915
faster_rcnn,noise,salt_and_pepper,3,0.01,affected_pixel_fraction,dice,0.8131556609292098,0.8077512718187716,0.9933538074318238,0.0066461925681762235
faster_rcnn,noise,salt_and_pepper,3,0.01,affected_pixel_fraction,map_50,0.37771312207151386,0.13200227025985978,0.34947758641773446,0.6505224135822656
faster_rcnn,noise,salt_and_pepper,3,0.01,affected_pixel_fraction,map_50_95,0.1478022331883237,0.05055536774983207,0.3420473876427594,0.6579526123572406
faster_rcnn,noise,salt_and_pepper,4,0.02,affected_pixel_fraction,precision,0.14392523364485982,0.11009174311926606,0.7649231502442512,0.23507684975574883
faster_rcnn,noise,salt_and_pepper,4,0.02,affected_pixel_fraction,recall,0.6936936936936937,0.21621621621621623,0.3116883116883117,0.6883116883116883
faster_rcnn,noise,salt_and_pepper,4,0.02,affected_pixel_fraction,f1,0.238390092879257,0.1458966565349544,0.6120080527375359,0.3879919472624641
faster_rcnn,noise,salt_and_pepper,4,0.02,affected_pixel_fraction,iou,0.6920036232087895,0.6848689330154928,0.989689808038557,0.010310191961443005
faster_rcnn,noise,salt_and_pepper,4,0.02,affected_pixel_fraction,dice,0.8131556609292098,0.8099532183414966,0.9960617102707572,0.0039382897292428165
faster_rcnn,noise,salt_and_pepper,4,0.02,affected_pixel_fraction,map_50,0.37771312207151386,0.09765370856229168,0.2585393592542504,0.7414606407457496
faster_rcnn,noise,salt_and_pepper,4,0.02,affected_pixel_fraction,map_50_95,0.1478022331883237,0.03669064145133681,0.24824145521933394,0.7517585447806661
faster_rcnn,noise,salt_and_pepper,5,0.04,affected_pixel_fraction,precision,0.14392523364485982,0.09865470852017937,0.6854580397181294,0.31454196028187065
faster_rcnn,noise,salt_and_pepper,5,0.04,affected_pixel_fraction,recall,0.6936936936936937,0.1981981981981982,0.2857142857142857,0.7142857142857143
faster_rcnn,noise,salt_and_pepper,5,0.04,affected_pixel_fraction,f1,0.238390092879257,0.1317365269461078,0.5526090675791274,0.4473909324208726
faster_rcnn,noise,salt_and_pepper,5,0.04,affected_pixel_fraction,iou,0.6920036232087895,0.6603674541103408,0.9542832319984783,0.04571676800152169
faster_rcnn,noise,salt_and_pepper,5,0.04,affected_pixel_fraction,dice,0.8131556609292098,0.7905511955023902,0.9722015519132106,0.02779844808678944
faster_rcnn,noise,salt_and_pepper,5,0.04,affected_pixel_fraction,map_50,0.37771312207151386,0.08792451362718222,0.23278119951187487,0.7672188004881251
faster_rcnn,noise,salt_and_pepper,5,0.04,affected_pixel_fraction,map_50_95,0.1478022331883237,0.029929335875712483,0.20249582993497614,0.7975041700650238
faster_rcnn,blur,gaussian_blur,1,0.5,sigma_pixels,precision,0.14392523364485982,0.133086876155268,0.9246945291307582,0.07530547086924178
faster_rcnn,blur,gaussian_blur,1,0.5,sigma_pixels,recall,0.6936936936936937,0.6486486486486487,0.935064935064935,0.06493506493506496
faster_rcnn,blur,gaussian_blur,1,0.5,sigma_pixels,f1,0.238390092879257,0.22085889570552147,0.9264600430244601,0.07353995697553994
faster_rcnn,blur,gaussian_blur,1,0.5,sigma_pixels,iou,0.6920036232087895,0.6984009483060933,1.0092446410434093,-0.009244641043409274
faster_rcnn,blur,gaussian_blur,1,0.5,sigma_pixels,dice,0.8131556609292098,0.8182576180804949,1.0062742687488089,-0.0062742687488088755
faster_rcnn,blur,gaussian_blur,1,0.5,sigma_pixels,map_50,0.37771312207151386,0.34334037666894435,0.9089977461888084,0.09100225381119165
faster_rcnn,blur,gaussian_blur,1,0.5,sigma_pixels,map_50_95,0.1478022331883237,0.1419423941722253,0.9603535150336191,0.0396464849663809
faster_rcnn,blur,gaussian_blur,2,1.0,sigma_pixels,precision,0.14392523364485982,0.13676731793960922,0.950266429840142,0.04973357015985802
faster_rcnn,blur,gaussian_blur,2,1.0,sigma_pixels,recall,0.6936936936936937,0.6936936936936937,1.0,0.0
faster_rcnn,blur,gaussian_blur,2,1.0,sigma_pixels,f1,0.238390092879257,0.228486646884273,0.9584569732937684,0.041543026706231556
faster_rcnn,blur,gaussian_blur,2,1.0,sigma_pixels,iou,0.6920036232087895,0.6883664020136037,0.9947439275269684,0.005256072473031614
faster_rcnn,blur,gaussian_blur,2,1.0,sigma_pixels,dice,0.8131556609292098,0.8108765989735921,0.9971972623876056,0.002802737612394357
faster_rcnn,blur,gaussian_blur,2,1.0,sigma_pixels,map_50,0.37771312207151386,0.33439335633172546,0.8853104030323138,0.11468959696768621
faster_rcnn,blur,gaussian_blur,2,1.0,sigma_pixels,map_50_95,0.1478022331883237,0.1313945272491481,0.8889887819335616,0.11101121806643843
faster_rcnn,blur,gaussian_blur,3,1.5,sigma_pixels,precision,0.14392523364485982,0.12271973466003316,0.8526630914690616,0.1473369085309384
faster_rcnn,blur,gaussian_blur,3,1.5,sigma_pixels,recall,0.6936936936936937,0.6666666666666666,0.9610389610389609,0.038961038961039085
faster_rcnn,blur,gaussian_blur,3,1.5,sigma_pixels,f1,0.238390092879257,0.2072829131652661,0.8695114409400122,0.1304885590599878
faster_rcnn,blur,gaussian_blur,3,1.5,sigma_pixels,iou,0.6920036232087895,0.6860340121000197,0.9913734395188728,0.008626560481127199
faster_rcnn,blur,gaussian_blur,3,1.5,sigma_pixels,dice,0.8131556609292098,0.8097474850994771,0.9958087042942823,0.004191295705717746
faster_rcnn,blur,gaussian_blur,3,1.5,sigma_pixels,map_50,0.37771312207151386,0.29933085505396134,0.7924820123069166,0.20751798769308338
faster_rcnn,blur,gaussian_blur,3,1.5,sigma_pixels,map_50_95,0.1478022331883237,0.11311596482982257,0.7653197275151772,0.23468027248482282
faster_rcnn,blur,gaussian_blur,4,2.0,sigma_pixels,precision,0.14392523364485982,0.11532385466034756,0.8012761330296876,0.1987238669703124
faster_rcnn,blur,gaussian_blur,4,2.0,sigma_pixels,recall,0.6936936936936937,0.6576576576576577,0.9480519480519481,0.051948051948051854
faster_rcnn,blur,gaussian_blur,4,2.0,sigma_pixels,f1,0.238390092879257,0.19623655913978497,0.8231741376902667,0.1768258623097333
faster_rcnn,blur,gaussian_blur,4,2.0,sigma_pixels,iou,0.6920036232087895,0.6836579327484159,0.9879398168153007,0.012060183184699258
faster_rcnn,blur,gaussian_blur,4,2.0,sigma_pixels,dice,0.8131556609292098,0.8075167693689709,0.9930654217498834,0.006934578250116563
faster_rcnn,blur,gaussian_blur,4,2.0,sigma_pixels,map_50,0.37771312207151386,0.2858380324792124,0.7567596034566509,0.24324039654334906
faster_rcnn,blur,gaussian_blur,4,2.0,sigma_pixels,map_50_95,0.1478022331883237,0.11106635871629858,0.7514525073161937,0.24854749268380627
faster_rcnn,blur,gaussian_blur,5,3.0,sigma_pixels,precision,0.14392523364485982,0.11094674556213018,0.7708637516329824,0.22913624836701763
faster_rcnn,blur,gaussian_blur,5,3.0,sigma_pixels,recall,0.6936936936936937,0.6756756756756757,0.974025974025974,0.025974025974025983
faster_rcnn,blur,gaussian_blur,5,3.0,sigma_pixels,f1,0.238390092879257,0.19059720457433293,0.7995181438637601,0.20048185613623992
faster_rcnn,blur,gaussian_blur,5,3.0,sigma_pixels,iou,0.6920036232087895,0.6679621788878691,0.9652582103408053,0.03474178965919472
faster_rcnn,blur,gaussian_blur,5,3.0,sigma_pixels,dice,0.8131556609292098,0.7968489757540537,0.9799464162168875,0.020053583783112505
faster_rcnn,blur,gaussian_blur,5,3.0,sigma_pixels,map_50,0.37771312207151386,0.2747410750603783,0.727380276209627,0.272619723790373
faster_rcnn,blur,gaussian_blur,5,3.0,sigma_pixels,map_50_95,0.1478022331883237,0.10251796405367865,0.6936157989105236,0.3063842010894764
faster_rcnn,blur,motion_blur,1,3.0,kernel_pixels,precision,0.14392523364485982,0.13043478260869565,0.9062676453980801,0.09373235460191987
faster_rcnn,blur,motion_blur,1,3.0,kernel_pixels,recall,0.6936936936936937,0.6486486486486487,0.935064935064935,0.06493506493506496
faster_rcnn,blur,motion_blur,1,3.0,kernel_pixels,f1,0.238390092879257,0.2171945701357466,0.911088911088911,0.08891108891108901
faster_rcnn,blur,motion_blur,1,3.0,kernel_pixels,iou,0.6920036232087895,0.6936727635043847,1.0024120398212013,-0.002412039821201306
faster_rcnn,blur,motion_blur,1,3.0,kernel_pixels,dice,0.8131556609292098,0.8144479893351111,1.0015892755446412,-0.0015892755446411666
faster_rcnn,blur,motion_blur,1,3.0,kernel_pixels,map_50,0.37771312207151386,0.3238176406204834,0.8573110694289667,0.14268893057103327
faster_rcnn,blur,motion_blur,1,3.0,kernel_pixels,map_50_95,0.1478022331883237,0.13201795849232148,0.8932067915652497,0.10679320843475026
faster_rcnn,blur,motion_blur,2,5.0,kernel_pixels,precision,0.14392523364485982,0.1273996509598604,0.8851793930327961,0.11482060696720386
faster_rcnn,blur,motion_blur,2,5.0,kernel_pixels,recall,0.6936936936936937,0.6576576576576577,0.9480519480519481,0.051948051948051854
faster_rcnn,blur,motion_blur,2,5.0,kernel_pixels,f1,0.238390092879257,0.21345029239766083,0.8953823953823953,0.10461760461760472
faster_rcnn,blur,motion_blur,2,5.0,kernel_pixels,iou,0.6920036232087895,0.6894088566341428,0.9962503569524463,0.0037496430475536524
faster_rcnn,blur,motion_blur,2,5.0,kernel_pixels,dice,0.8131556609292098,0.8120714555224562,0.9986666692998059,0.0013333307001941463
faster_rcnn,blur,motion_blur,2,5.0,kernel_pixels,map_50,0.37771312207151386,0.34261650620363693,0.9070812904900033,0.0929187095099967
faster_rcnn,blur,motion_blur,2,5.0,kernel_pixels,map_50_95,0.1478022331883237,0.1340190040020085,0.9067454605455578,0.09325453945444218
faster_rcnn,blur,motion_blur,3,9.0,kernel_pixels,precision,0.14392523364485982,0.12191103789126853,0.8470442243094631,0.15295577569053687
faster_rcnn,blur,motion_blur,3,9.0,kernel_pixels,recall,0.6936936936936937,0.6666666666666666,0.9610389610389609,0.038961038961039085
faster_rcnn,blur,motion_blur,3,9.0,kernel_pixels,f1,0.238390092879257,0.20612813370473534,0.8646673660601235,0.1353326339398765
faster_rcnn,blur,motion_blur,3,9.0,kernel_pixels,iou,0.6920036232087895,0.677074119099785,0.9784256850567096,0.02157431494329043
faster_rcnn,blur,motion_blur,3,9.0,kernel_pixels,dice,0.8131556609292098,0.8036061970500568,0.9882562904767328,0.011743709523267198
faster_rcnn,blur,motion_blur,3,9.0,kernel_pixels,map_50,0.37771312207151386,0.3045855536339739,0.8063938895305457,0.1936061104694543
faster_rcnn,blur,motion_blur,3,9.0,kernel_pixels,map_50_95,0.1478022331883237,0.10850078738290946,0.7340943708520432,0.2659056291479568
faster_rcnn,blur,motion_blur,4,13.0,kernel_pixels,precision,0.14392523364485982,0.10923076923076923,0.7589410589410589,0.2410589410589411
faster_rcnn,blur,motion_blur,4,13.0,kernel_pixels,recall,0.6936936936936937,0.6396396396396397,0.922077922077922,0.07792207792207795
faster_rcnn,blur,motion_blur,4,13.0,kernel_pixels,f1,0.238390092879257,0.1865965834428384,0.7827363175589194,0.21726368244108063
faster_rcnn,blur,motion_blur,4,13.0,kernel_pixels,iou,0.6920036232087895,0.6761103997627421,0.9770330343469139,0.02296696565308609
faster_rcnn,blur,motion_blur,4,13.0,kernel_pixels,dice,0.8131556609292098,0.8029278352283393,0.987422056818515,0.012577943181484974
faster_rcnn,blur,motion_blur,4,13.0,kernel_pixels,map_50,0.37771312207151386,0.28726710633647234,0.7605430935546977,0.23945690644530226
faster_rcnn,blur,motion_blur,4,13.0,kernel_pixels,map_50_95,0.1478022331883237,0.11161355527215189,0.7551547284805796,0.24484527151942037
faster_rcnn,blur,motion_blur,5,17.0,kernel_pixels,precision,0.14392523364485982,0.1130298273155416,0.7853371118677241,0.21466288813227585
faster_rcnn,blur,motion_blur,5,17.0,kernel_pixels,recall,0.6936936936936937,0.6486486486486487,0.935064935064935,0.06493506493506496
faster_rcnn,blur,motion_blur,5,17.0,kernel_pixels,f1,0.238390092879257,0.19251336898395724,0.807556080283353,0.19244391971664698
faster_rcnn,blur,motion_blur,5,17.0,kernel_pixels,iou,0.6920036232087895,0.6797199288315837,0.9822490895058513,0.017750910494148675
faster_rcnn,blur,motion_blur,5,17.0,kernel_pixels,dice,0.8131556609292098,0.8045542858071187,0.9894222280734515,0.010577771926548518
faster_rcnn,blur,motion_blur,5,17.0,kernel_pixels,map_50,0.37771312207151386,0.2884950041113767,0.7637939675729741,0.23620603242702587
faster_rcnn,blur,motion_blur,5,17.0,kernel_pixels,map_50_95,0.1478022331883237,0.10032785510053323,0.6787979649312842,0.3212020350687158
faster_rcnn,compression,jpeg,1,90.0,quality_percent,precision,0.14392523364485982,0.1425891181988743,0.9907166004726979,0.00928339952730206
faster_rcnn,compression,jpeg,1,90.0,quality_percent,recall,0.6936936936936937,0.6846846846846847,0.987012987012987,0.012987012987012991
faster_rcnn,compression,jpeg,1,90.0,quality_percent,f1,0.238390092879257,0.23602484472049687,0.9900782447366295,0.009921755263370469
faster_rcnn,compression,jpeg,1,90.0,quality_percent,iou,0.6920036232087895,0.6950131349929555,1.0043489826978231,-0.004348982697823134
faster_rcnn,compression,jpeg,1,90.0,quality_percent,dice,0.8131556609292098,0.8154405212150305,1.002809868264595,-0.00280986826459495
faster_rcnn,compression,jpeg,1,90.0,quality_percent,map_50,0.37771312207151386,0.37178792275912953,0.9843129640826657,0.015687035917334335
faster_rcnn,compression,jpeg,1,90.0,quality_percent,map_50_95,0.1478022331883237,0.14585536652957173,0.9868278941613058,0.013172105838694215
faster_rcnn,compression,jpeg,2,70.0,quality_percent,precision,0.14392523364485982,0.13594040968342644,0.9445210283199109,0.055478971680089084
faster_rcnn,compression,jpeg,2,70.0,quality_percent,recall,0.6936936936936937,0.6576576576576577,0.9480519480519481,0.051948051948051854
faster_rcnn,compression,jpeg,2,70.0,quality_percent,f1,0.238390092879257,0.22530864197530864,0.9451258617925283,0.05487413820747167
faster_rcnn,compression,jpeg,2,70.0,quality_percent,iou,0.6920036232087895,0.6943660296929348,1.0034138643280377,-0.003413864328037697
faster_rcnn,compression,jpeg,2,70.0,quality_percent,dice,0.8131556609292098,0.8156138625257721,1.0030230393941466,-0.0030230393941466094
faster_rcnn,compression,jpeg,2,70.0,quality_percent,map_50,0.37771312207151386,0.3402617578492035,0.900847066109555,0.099152933890445
faster_rcnn,compression,jpeg,2,70.0,quality_percent,map_50_95,0.1478022331883237,0.13821070291095752,0.9351056471173542,0.06489435288264578
faster_rcnn,compression,jpeg,3,50.0,quality_percent,precision,0.14392523364485982,0.14035087719298245,0.9751651856915013,0.024834814308498654
faster_rcnn,compression,jpeg,3,50.0,quality_percent,recall,0.6936936936936937,0.6486486486486487,0.935064935064935,0.06493506493506496
faster_rcnn,compression,jpeg,3,50.0,quality_percent,f1,0.238390092879257,0.23076923076923078,0.968031968031968,0.031968031968031996
faster_rcnn,compression,jpeg,3,50.0,quality_percent,iou,0.6920036232087895,0.691504619458356,0.999278900089974,0.0007210999100260018
faster_rcnn,compression,jpeg,3,50.0,quality_percent,dice,0.8131556609292098,0.8128200922697588,0.9995873254340165,0.00041267456598348407
faster_rcnn,compression,jpeg,3,50.0,quality_percent,map_50,0.37771312207151386,0.29874491763910244,0.7909307360058832,0.20906926399411685
faster_rcnn,compression,jpeg,3,50.0,quality_percent,map_50_95,0.1478022331883237,0.1193422683876479,0.8074456374118972,0.19255436258810277
faster_rcnn,compression,jpeg,4,35.0,quality_percent,precision,0.14392523364485982,0.1336996336996337,0.9289520003805718,0.0710479996194282
faster_rcnn,compression,jpeg,4,35.0,quality_percent,recall,0.6936936936936937,0.6576576576576577,0.9480519480519481,0.051948051948051854
faster_rcnn,compression,jpeg,4,35.0,quality_percent,f1,0.238390092879257,0.2222222222222222,0.932178932178932,0.067821067821068
faster_rcnn,compression,jpeg,4,35.0,quality_percent,iou,0.6920036232087895,0.6757407586135536,0.9764988736333118,0.02350112636668822
faster_rcnn,compression,jpeg,4,35.0,quality_percent,dice,0.8131556609292098,0.8021710201202445,0.9864913431256043,0.01350865687439573
faster_rcnn,compression,jpeg,4,35.0,quality_percent,map_50,0.37771312207151386,0.31857076465359685,0.8434199026669786,0.15658009733302136
faster_rcnn,compression,jpeg,4,35.0,quality_percent,map_50_95,0.1478022331883237,0.12168832215923875,0.8233185624752256,0.1766814375247744
faster_rcnn,compression,jpeg,5,20.0,quality_percent,precision,0.14392523364485982,0.11074380165289256,0.7694536868090587,0.23054631319094132
faster_rcnn,compression,jpeg,5,20.0,quality_percent,recall,0.6936936936936937,0.6036036036036037,0.8701298701298702,0.1298701298701298
faster_rcnn,compression,jpeg,5,20.0,quality_percent,f1,0.238390092879257,0.1871508379888268,0.785061307407676,0.214938692592324
faster_rcnn,compression,jpeg,5,20.0,quality_percent,iou,0.6920036232087895,0.6909380526073078,0.9984601661526847,0.001539833847315264
faster_rcnn,compression,jpeg,5,20.0,quality_percent,dice,0.8131556609292098,0.8130151404361265,0.9998271911519098,0.00017280884809023345
faster_rcnn,compression,jpeg,5,20.0,quality_percent,map_50,0.37771312207151386,0.2564456331588125,0.6789428753557011,0.3210571246442989
faster_rcnn,compression,jpeg,5,20.0,quality_percent,map_50_95,0.1478022331883237,0.10088041671252924,0.682536484979841,0.317463515020159
yolo11s,lighting,darker,1,0.9,multiplier,precision,0.4634146341463415,0.48717948717948717,1.051282051282051,-0.0512820512820511
yolo11s,lighting,darker,1,0.9,multiplier,recall,0.17117117117117117,0.17117117117117117,1.0,0.0
yolo11s,lighting,darker,1,0.9,multiplier,f1,0.25,0.25333333333333335,1.0133333333333334,-0.01333333333333342
yolo11s,lighting,darker,1,0.9,multiplier,iou,0.6940811341732323,0.722946033745096,1.0415872124319396,-0.041587212431939635
yolo11s,lighting,darker,1,0.9,multiplier,dice,0.81434881788263,0.8352930836886178,1.0257190350695717,-0.02571903506957174
yolo11s,lighting,darker,1,0.9,multiplier,map_50,0.2112858029314436,0.2033630716192712,0.9625023016111351,0.03749769838886485
yolo11s,lighting,darker,1,0.9,multiplier,map_50_95,0.07629474050336979,0.07356504604805102,0.9642217217424285,0.035778278257571516
yolo11s,lighting,darker,2,0.8,multiplier,precision,0.4634146341463415,0.5263157894736842,1.1357340720221605,-0.13573407202216048
yolo11s,lighting,darker,2,0.8,multiplier,recall,0.17117117117117117,0.18018018018018017,1.0526315789473684,-0.05263157894736836
yolo11s,lighting,darker,2,0.8,multiplier,f1,0.25,0.2684563758389262,1.0738255033557047,-0.0738255033557047
yolo11s,lighting,darker,2,0.8,multiplier,iou,0.6940811341732323,0.721350284970005,1.03928813139296,-0.03928813139296006
yolo11s,lighting,darker,2,0.8,multiplier,dice,0.81434881788263,0.8341528536406081,1.0243188610618605,-0.02431886106186054
yolo11s,lighting,darker,2,0.8,multiplier,map_50,0.2112858029314436,0.1733184621571865,0.8203033982999015,0.1796966017000985
yolo11s,lighting,darker,2,0.8,multiplier,map_50_95,0.07629474050336979,0.0626852986808447,0.8216201833477107,0.1783798166522893
yolo11s,lighting,darker,3,0.7,multiplier,precision,0.4634146341463415,0.5,1.0789473684210527,-0.07894736842105265
yolo11s,lighting,darker,3,0.7,multiplier,recall,0.17117117117117117,0.16216216216216217,0.9473684210526316,0.05263157894736836
yolo11s,lighting,darker,3,0.7,multiplier,f1,0.25,0.2448979591836735,0.979591836734694,0.020408163265306034
yolo11s,lighting,darker,3,0.7,multiplier,iou,0.6940811341732323,0.7461927972299853,1.0750800742031792,-0.07508007420317919
yolo11s,lighting,darker,3,0.7,multiplier,dice,0.81434881788263,0.8507260429058259,1.0446703233606693,-0.04467032336066934
yolo11s,lighting,darker,3,0.7,multiplier,map_50,0.2112858029314436,0.15920374859607916,0.7534995081886139,0.2465004918113861
yolo11s,lighting,darker,3,0.7,multiplier,map_50_95,0.07629474050336979,0.05847677710189388,0.7664588242398056,0.2335411757601944
yolo11s,lighting,darker,4,0.6,multiplier,precision,0.4634146341463415,0.42105263157894735,0.9085872576177284,0.0914127423822716
yolo11s,lighting,darker,4,0.6,multiplier,recall,0.17117117117117117,0.07207207207207207,0.42105263157894735,0.5789473684210527
yolo11s,lighting,darker,4,0.6,multiplier,f1,0.25,0.12307692307692307,0.4923076923076923,0.5076923076923077
yolo11s,lighting,darker,4,0.6,multiplier,iou,0.6940811341732323,0.7455750054299826,1.074189988347815,-0.07418998834781498
yolo11s,lighting,darker,4,0.6,multiplier,dice,0.81434881788263,0.850716118013755,1.0446581358412024,-0.04465813584120237
yolo11s,lighting,darker,4,0.6,multiplier,map_50,0.2112858029314436,0.14726549705054476,0.6969966510164828,0.3030033489835172
yolo11s,lighting,darker,4,0.6,multiplier,map_50_95,0.07629474050336979,0.051888401132699505,0.6801045627831671,0.3198954372168329
yolo11s,lighting,darker,5,0.5,multiplier,precision,0.4634146341463415,0.0,0.0,1.0
yolo11s,lighting,darker,5,0.5,multiplier,recall,0.17117117117117117,0.0,0.0,1.0
yolo11s,lighting,darker,5,0.5,multiplier,f1,0.25,0.0,0.0,1.0
yolo11s,lighting,darker,5,0.5,multiplier,iou,0.6940811341732323,,,
yolo11s,lighting,darker,5,0.5,multiplier,dice,0.81434881788263,,,
yolo11s,lighting,darker,5,0.5,multiplier,map_50,0.2112858029314436,0.043860717054394135,0.20758951356814884,0.7924104864318512
yolo11s,lighting,darker,5,0.5,multiplier,map_50_95,0.07629474050336979,0.012551934236941778,0.1645189976940466,0.8354810023059533
yolo11s,lighting,brighter,1,1.1,multiplier,precision,0.4634146341463415,0.43902439024390244,0.9473684210526315,0.052631578947368474
yolo11s,lighting,brighter,1,1.1,multiplier,recall,0.17117117117117117,0.16216216216216217,0.9473684210526316,0.05263157894736836
yolo11s,lighting,brighter,1,1.1,multiplier,f1,0.25,0.2368421052631579,0.9473684210526316,0.05263157894736836
yolo11s,lighting,brighter,1,1.1,multiplier,iou,0.6940811341732323,0.6846645671722604,0.9864330457386822,0.01356695426131782
yolo11s,lighting,brighter,1,1.1,multiplier,dice,0.81434881788263,0.808073721150975,0.9922943380111108,0.007705661988889223
yolo11s,lighting,brighter,1,1.1,multiplier,map_50,0.2112858029314436,0.20537112376883337,0.9720062631726876,0.027993736827312432
yolo11s,lighting,brighter,1,1.1,multiplier,map_50_95,0.07629474050336979,0.06883390666488642,0.9022103779466445,0.09778962205335551
yolo11s,lighting,brighter,2,1.2,multiplier,precision,0.4634146341463415,0.4318181818181818,0.9318181818181818,0.06818181818181823
yolo11s,lighting,brighter,2,1.2,multiplier,recall,0.17117117117117117,0.17117117117117117,1.0,0.0
yolo11s,lighting,brighter,2,1.2,multiplier,f1,0.25,0.24516129032258066,0.9806451612903226,0.019354838709677358
yolo11s,lighting,brighter,2,1.2,multiplier,iou,0.6940811341732323,0.6804256363070025,0.9803257901794208,0.019674209820579214
yolo11s,lighting,brighter,2,1.2,multiplier,dice,0.81434881788263,0.8046885438413219,0.9881374248612216,0.01186257513877842
yolo11s,lighting,brighter,2,1.2,multiplier,map_50,0.2112858029314436,0.20209658534330113,0.9565081162072961,0.043491883792703856
yolo11s,lighting,brighter,2,1.2,multiplier,map_50_95,0.07629474050336979,0.06523003908102361,0.854974257080572,0.14502574291942805
yolo11s,lighting,brighter,3,1.3,multiplier,precision,0.4634146341463415,0.41025641025641024,0.8852901484480431,0.1147098515519569
yolo11s,lighting,brighter,3,1.3,multiplier,recall,0.17117117117117117,0.14414414414414414,0.8421052631578947,0.1578947368421053
yolo11s,lighting,brighter,3,1.3,multiplier,f1,0.25,0.21333333333333335,0.8533333333333334,0.1466666666666666
yolo11s,lighting,brighter,3,1.3,multiplier,iou,0.6940811341732323,0.7093425851555253,1.0219879928021267,-0.02198799280212671
yolo11s,lighting,brighter,3,1.3,multiplier,dice,0.81434881788263,0.8257772734895723,1.0140338579193338,-0.014033857919333759
yolo11s,lighting,brighter,3,1.3,multiplier,map_50,0.2112858029314436,0.1577117529748287,0.7464380038161001,0.25356199618389985
yolo11s,lighting,brighter,3,1.3,multiplier,map_50_95,0.07629474050336979,0.05488548252069658,0.719387498516656,0.28061250148334405
yolo11s,lighting,brighter,4,1.4,multiplier,precision,0.4634146341463415,0.30434782608695654,0.6567505720823799,0.34324942791762014
yolo11s,lighting,brighter,4,1.4,multiplier,recall,0.17117117117117117,0.12612612612612611,0.7368421052631579,0.26315789473684215
yolo11s,lighting,brighter,4,1.4,multiplier,f1,0.25,0.17834394904458598,0.7133757961783439,0.2866242038216561
yolo11s,lighting,brighter,4,1.4,multiplier,iou,0.6940811341732323,0.7224637209514952,1.0408923184637073,-0.04089231846370733
yolo11s,lighting,brighter,4,1.4,multiplier,dice,0.81434881788263,0.8351299589895668,1.0255187220151794,-0.02551872201517935
yolo11s,lighting,brighter,4,1.4,multiplier,map_50,0.2112858029314436,0.15312678920095743,0.7247377110834221,0.2752622889165779
yolo11s,lighting,brighter,4,1.4,multiplier,map_50_95,0.07629474050336979,0.05299884487504003,0.6946592193035793,0.3053407806964207
yolo11s,lighting,brighter,5,1.5,multiplier,precision,0.4634146341463415,0.3125,0.6743421052631579,0.32565789473684215
yolo11s,lighting,brighter,5,1.5,multiplier,recall,0.17117117117117117,0.13513513513513514,0.7894736842105263,0.21052631578947367
yolo11s,lighting,brighter,5,1.5,multiplier,f1,0.25,0.18867924528301885,0.7547169811320754,0.24528301886792458
yolo11s,lighting,brighter,5,1.5,multiplier,iou,0.6940811341732323,0.7123197570211335,1.0262773643453462,-0.02627736434534622
yolo11s,lighting,brighter,5,1.5,multiplier,dice,0.81434881788263,0.8282492831590464,1.0170694240246565,-0.0170694240246565
yolo11s,lighting,brighter,5,1.5,multiplier,map_50,0.2112858029314436,0.15123028926986581,0.7157617178800029,0.28423828211999713
yolo11s,lighting,brighter,5,1.5,multiplier,map_50_95,0.07629474050336979,0.05250621929155205,0.6882023445539205,0.3117976554460795
yolo11s,noise,gaussian_noise,1,0.01,fraction_of_uint8_range_std,precision,0.4634146341463415,0.42105263157894735,0.9085872576177284,0.0914127423822716
yolo11s,noise,gaussian_noise,1,0.01,fraction_of_uint8_range_std,recall,0.17117117117117117,0.14414414414414414,0.8421052631578947,0.1578947368421053
yolo11s,noise,gaussian_noise,1,0.01,fraction_of_uint8_range_std,f1,0.25,0.21476510067114093,0.8590604026845637,0.14093959731543626
yolo11s,noise,gaussian_noise,1,0.01,fraction_of_uint8_range_std,iou,0.6940811341732323,0.7003912729105559,1.0090913560773267,-0.009091356077326695
yolo11s,noise,gaussian_noise,1,0.01,fraction_of_uint8_range_std,dice,0.81434881788263,0.8200929993723802,1.0070537113379565,-0.007053711337956514
yolo11s,noise,gaussian_noise,1,0.01,fraction_of_uint8_range_std,map_50,0.2112858029314436,0.19202421320877844,0.9088363275931274,0.09116367240687262
yolo11s,noise,gaussian_noise,1,0.01,fraction_of_uint8_range_std,map_50_95,0.07629474050336979,0.06629480246381414,0.868930178232745,0.131069821767255
yolo11s,noise,gaussian_noise,2,0.02,fraction_of_uint8_range_std,precision,0.4634146341463415,0.40540540540540543,0.8748221906116643,0.12517780938833567
yolo11s,noise,gaussian_noise,2,0.02,fraction_of_uint8_range_std,recall,0.17117117117117117,0.13513513513513514,0.7894736842105263,0.21052631578947367
yolo11s,noise,gaussian_noise,2,0.02,fraction_of_uint8_range_std,f1,0.25,0.20270270270270271,0.8108108108108109,0.18918918918918914
yolo11s,noise,gaussian_noise,2,0.02,fraction_of_uint8_range_std,iou,0.6940811341732323,0.6850539712269244,0.9869940810924637,0.013005918907536329
yolo11s,noise,gaussian_noise,2,0.02,fraction_of_uint8_range_std,dice,0.81434881788263,0.8083870383807606,0.9926790837403431,0.007320916259656918
yolo11s,noise,gaussian_noise,2,0.02,fraction_of_uint8_range_std,map_50,0.2112858029314436,0.176969579012963,0.83758386298385,0.16241613701615
yolo11s,noise,gaussian_noise,2,0.02,fraction_of_uint8_range_std,map_50_95,0.07629474050336979,0.057088437755447044,0.7482617724209385,0.2517382275790615
yolo11s,noise,gaussian_noise,3,0.035,fraction_of_uint8_range_std,precision,0.4634146341463415,0.2972972972972973,0.6415362731152204,0.35846372688477957
yolo11s,noise,gaussian_noise,3,0.035,fraction_of_uint8_range_std,recall,0.17117117117117117,0.0990990990990991,0.5789473684210527,0.42105263157894735
yolo11s,noise,gaussian_noise,3,0.035,fraction_of_uint8_range_std,f1,0.25,0.14864864864864866,0.5945945945945946,0.4054054054054054
yolo11s,noise,gaussian_noise,3,0.035,fraction_of_uint8_range_std,iou,0.6940811341732323,0.7277759476281741,1.0485459289929815,-0.04854592899298149
yolo11s,noise,gaussian_noise,3,0.035,fraction_of_uint8_range_std,dice,0.81434881788263,0.8361326067816702,1.0267499484504439,-0.026749948450443872
yolo11s,noise,gaussian_noise,3,0.035,fraction_of_uint8_range_std,map_50,0.2112858029314436,0.12648234122395577,0.5986315193406335,0.4013684806593665
yolo11s,noise,gaussian_noise,3,0.035,fraction_of_uint8_range_std,map_50_95,0.07629474050336979,0.042637196005262716,0.5588484307562396,0.4411515692437604
yolo11s,noise,gaussian_noise,4,0.05,fraction_of_uint8_range_std,precision,0.4634146341463415,0.2682926829268293,0.5789473684210527,0.42105263157894735
yolo11s,noise,gaussian_noise,4,0.05,fraction_of_uint8_range_std,recall,0.17117117117117117,0.0990990990990991,0.5789473684210527,0.42105263157894735
yolo11s,noise,gaussian_noise,4,0.05,fraction_of_uint8_range_std,f1,0.25,0.14473684210526316,0.5789473684210527,0.42105263157894735
yolo11s,noise,gaussian_noise,4,0.05,fraction_of_uint8_range_std,iou,0.6940811341732323,0.7180231257395613,1.03449451423982,-0.034494514239820084
yolo11s,noise,gaussian_noise,4,0.05,fraction_of_uint8_range_std,dice,0.81434881788263,0.8316483758629168,1.0212434249309368,-0.021243424930936783
yolo11s,noise,gaussian_noise,4,0.05,fraction_of_uint8_range_std,map_50,0.2112858029314436,0.10262316088060033,0.48570779227366595,0.5142922077263341
yolo11s,noise,gaussian_noise,4,0.05,fraction_of_uint8_range_std,map_50_95,0.07629474050336979,0.033403845369434436,0.4378263186825972,0.5621736813174028
yolo11s,noise,gaussian_noise,5,0.075,fraction_of_uint8_range_std,precision,0.4634146341463415,0.18604651162790697,0.40146878824969395,0.5985312117503061
yolo11s,noise,gaussian_noise,5,0.075,fraction_of_uint8_range_std,recall,0.17117117117117117,0.07207207207207207,0.42105263157894735,0.5789473684210527
yolo11s,noise,gaussian_noise,5,0.075,fraction_of_uint8_range_std,f1,0.25,0.1038961038961039,0.4155844155844156,0.5844155844155844
yolo11s,noise,gaussian_noise,5,0.075,fraction_of_uint8_range_std,iou,0.6940811341732323,0.7437528537378402,1.07156471645606,-0.07156471645606
yolo11s,noise,gaussian_noise,5,0.075,fraction_of_uint8_range_std,dice,0.81434881788263,0.846610379724456,1.039616391813165,-0.0396163918131649
yolo11s,noise,gaussian_noise,5,0.075,fraction_of_uint8_range_std,map_50,0.2112858029314436,0.08612163860573349,0.40760731393617383,0.5923926860638262
yolo11s,noise,gaussian_noise,5,0.075,fraction_of_uint8_range_std,map_50_95,0.07629474050336979,0.028167546965055093,0.36919382357439157,0.6308061764256084
yolo11s,noise,salt_and_pepper,1,0.0025,affected_pixel_fraction,precision,0.4634146341463415,0.3333333333333333,0.719298245614035,0.280701754385965
yolo11s,noise,salt_and_pepper,1,0.0025,affected_pixel_fraction,recall,0.17117117117117117,0.0990990990990991,0.5789473684210527,0.42105263157894735
yolo11s,noise,salt_and_pepper,1,0.0025,affected_pixel_fraction,f1,0.25,0.1527777777777778,0.6111111111111112,0.38888888888888884
yolo11s,noise,salt_and_pepper,1,0.0025,affected_pixel_fraction,iou,0.6940811341732323,0.6821442036669103,0.9828018225555996,0.017198177444400442
yolo11s,noise,salt_and_pepper,1,0.0025,affected_pixel_fraction,dice,0.81434881788263,0.8073705618253366,0.991430875929264,0.008569124070735956
yolo11s,noise,salt_and_pepper,1,0.0025,affected_pixel_fraction,map_50,0.2112858029314436,0.14851904209063524,0.7029295865128503,0.2970704134871497
yolo11s,noise,salt_and_pepper,1,0.0025,affected_pixel_fraction,map_50_95,0.07629474050336979,0.04804172936360458,0.6296859920702224,0.37031400792977764
yolo11s,noise,salt_and_pepper,2,0.005,affected_pixel_fraction,precision,0.4634146341463415,0.2972972972972973,0.6415362731152204,0.35846372688477957
yolo11s,noise,salt_and_pepper,2,0.005,affected_pixel_fraction,recall,0.17117117117117117,0.0990990990990991,0.5789473684210527,0.42105263157894735
yolo11s,noise,salt_and_pepper,2,0.005,affected_pixel_fraction,f1,0.25,0.14864864864864866,0.5945945945945946,0.4054054054054054
yolo11s,noise,salt_and_pepper,2,0.005,affected_pixel_fraction,iou,0.6940811341732323,0.6773751583431846,0.9759308025999767,0.024069197400023334
yolo11s,noise,salt_and_pepper,2,0.005,affected_pixel_fraction,dice,0.81434881788263,0.8012467739504335,0.9839110174356699,0.016088982564330112
yolo11s,noise,salt_and_pepper,2,0.005,affected_pixel_fraction,map_50,0.2112858029314436,0.11137724420524958,0.5271402179416116,0.4728597820583884
yolo11s,noise,salt_and_pepper,2,0.005,affected_pixel_fraction,map_50_95,0.07629474050336979,0.0362736381879918,0.47544087506778615,0.5245591249322139
yolo11s,noise,salt_and_pepper,3,0.01,affected_pixel_fraction,precision,0.4634146341463415,0.22857142857142856,0.49323308270676686,0.5067669172932332
yolo11s,noise,salt_and_pepper,3,0.01,affected_pixel_fraction,recall,0.17117117117117117,0.07207207207207207,0.42105263157894735,0.5789473684210527
yolo11s,noise,salt_and_pepper,3,0.01,affected_pixel_fraction,f1,0.25,0.1095890410958904,0.4383561643835616,0.5616438356164384
yolo11s,noise,salt_and_pepper,3,0.01,affected_pixel_fraction,iou,0.6940811341732323,0.6979985169658804,1.005643983966391,-0.005643983966391097
yolo11s,noise,salt_and_pepper,3,0.01,affected_pixel_fraction,dice,0.81434881788263,0.8186072360547967,1.0052292311091442,-0.0052292311091441945
yolo11s,noise,salt_and_pepper,3,0.01,affected_pixel_fraction,map_50,0.2112858029314436,0.10822302123890921,0.512211515101299,0.48778848489870097
yolo11s,noise,salt_and_pepper,3,0.01,affected_pixel_fraction,map_50_95,0.07629474050336979,0.03654239493465973,0.4789634867824962,0.5210365132175039
yolo11s,noise,salt_and_pepper,4,0.02,affected_pixel_fraction,precision,0.4634146341463415,0.1951219512195122,0.42105263157894735,0.5789473684210527
yolo11s,noise,salt_and_pepper,4,0.02,affected_pixel_fraction,recall,0.17117117117117117,0.07207207207207207,0.42105263157894735,0.5789473684210527
yolo11s,noise,salt_and_pepper,4,0.02,affected_pixel_fraction,f1,0.25,0.10526315789473685,0.4210526315789474,0.5789473684210527
yolo11s,noise,salt_and_pepper,4,0.02,affected_pixel_fraction,iou,0.6940811341732323,0.723491525585361,1.04237313184886,-0.042373131848860046
yolo11s,noise,salt_and_pepper,4,0.02,affected_pixel_fraction,dice,0.81434881788263,0.8346273580584052,1.024901540630342,-0.02490154063034189
yolo11s,noise,salt_and_pepper,4,0.02,affected_pixel_fraction,map_50,0.2112858029314436,0.06024166001183892,0.28511929895917176,0.7148807010408282
yolo11s,noise,salt_and_pepper,4,0.02,affected_pixel_fraction,map_50_95,0.07629474050336979,0.023898623793998177,0.31324077696997504,0.686759223030025
yolo11s,noise,salt_and_pepper,5,0.04,affected_pixel_fraction,precision,0.4634146341463415,0.08695652173913043,0.18764302059496565,0.8123569794050344
yolo11s,noise,salt_and_pepper,5,0.04,affected_pixel_fraction,recall,0.17117117117117117,0.018018018018018018,0.10526315789473684,0.8947368421052632
yolo11s,noise,salt_and_pepper,5,0.04,affected_pixel_fraction,f1,0.25,0.029850746268656716,0.11940298507462686,0.8805970149253731
yolo11s,noise,salt_and_pepper,5,0.04,affected_pixel_fraction,iou,0.6940811341732323,0.5961786452010718,0.8589466214367304,0.1410533785632696
yolo11s,noise,salt_and_pepper,5,0.04,affected_pixel_fraction,dice,0.81434881788263,0.7470027607460157,0.9173007246308538,0.08269927536914623
yolo11s,noise,salt_and_pepper,5,0.04,affected_pixel_fraction,map_50,0.2112858029314436,0.017327066855043254,0.08200771947117245,0.9179922805288275
yolo11s,noise,salt_and_pepper,5,0.04,affected_pixel_fraction,map_50_95,0.07629474050336979,0.004349848205361828,0.05701373615878153,0.9429862638412184
yolo11s,blur,gaussian_blur,1,0.5,sigma_pixels,precision,0.4634146341463415,0.4523809523809524,0.9761904761904762,0.023809523809523836
yolo11s,blur,gaussian_blur,1,0.5,sigma_pixels,recall,0.17117117117117117,0.17117117117117117,1.0,0.0
yolo11s,blur,gaussian_blur,1,0.5,sigma_pixels,f1,0.25,0.24836601307189543,0.9934640522875817,0.006535947712418277
yolo11s,blur,gaussian_blur,1,0.5,sigma_pixels,iou,0.6940811341732323,0.7004432586725542,1.0091662547591072,-0.00916625475910715
yolo11s,blur,gaussian_blur,1,0.5,sigma_pixels,dice,0.81434881788263,0.8195002170171672,1.0063257894177722,-0.006325789417772176
yolo11s,blur,gaussian_blur,1,0.5,sigma_pixels,map_50,0.2112858029314436,0.21072379674611305,0.9973400664998163,0.0026599335001836755
yolo11s,blur,gaussian_blur,1,0.5,sigma_pixels,map_50_95,0.07629474050336979,0.07363526986866809,0.9651421498106512,0.03485785018934884
yolo11s,blur,gaussian_blur,2,1.0,sigma_pixels,precision,0.4634146341463415,0.4,0.8631578947368421,0.13684210526315788
yolo11s,blur,gaussian_blur,2,1.0,sigma_pixels,recall,0.17117117117117117,0.16216216216216217,0.9473684210526316,0.05263157894736836
yolo11s,blur,gaussian_blur,2,1.0,sigma_pixels,f1,0.25,0.23076923076923078,0.9230769230769231,0.07692307692307687
yolo11s,blur,gaussian_blur,2,1.0,sigma_pixels,iou,0.6940811341732323,0.6914011310697034,0.9961387754664716,0.00386122453352844
yolo11s,blur,gaussian_blur,2,1.0,sigma_pixels,dice,0.81434881788263,0.8130883382401941,0.9984521624950433,0.001547837504956684
yolo11s,blur,gaussian_blur,2,1.0,sigma_pixels,map_50,0.2112858029314436,0.2128185127808453,1.0072542017879875,-0.007254201787987524
yolo11s,blur,gaussian_blur,2,1.0,sigma_pixels,map_50_95,0.07629474050336979,0.07202232766485055,0.9440012141029493,0.05599878589705065
yolo11s,blur,gaussian_blur,3,1.5,sigma_pixels,precision,0.4634146341463415,0.3584905660377358,0.7735849056603773,0.2264150943396227
yolo11s,blur,gaussian_blur,3,1.5,sigma_pixels,recall,0.17117117117117117,0.17117117117117117,1.0,0.0
yolo11s,blur,gaussian_blur,3,1.5,sigma_pixels,f1,0.25,0.23170731707317074,0.926829268292683,0.07317073170731703
yolo11s,blur,gaussian_blur,3,1.5,sigma_pixels,iou,0.6940811341732323,0.7119140121903591,1.025692785957032,-0.02569278595703195
yolo11s,blur,gaussian_blur,3,1.5,sigma_pixels,dice,0.81434881788263,0.8272917072800212,1.0158935447724278,-0.01589354477242777
yolo11s,blur,gaussian_blur,3,1.5,sigma_pixels,map_50,0.2112858029314436,0.17411884441432388,0.8240915480290013,0.1759084519709987
yolo11s,blur,gaussian_blur,3,1.5,sigma_pixels,map_50_95,0.07629474050336979,0.06430769749548146,0.8428850674528622,0.15711493254713782
yolo11s,blur,gaussian_blur,4,2.0,sigma_pixels,precision,0.4634146341463415,0.3508771929824561,0.7571560480147737,0.24284395198522635
yolo11s,blur,gaussian_blur,4,2.0,sigma_pixels,recall,0.17117117117117117,0.18018018018018017,1.0526315789473684,-0.05263157894736836
yolo11s,blur,gaussian_blur,4,2.0,sigma_pixels,f1,0.25,0.23809523809523814,0.9523809523809526,0.04761904761904745
yolo11s,blur,gaussian_blur,4,2.0,sigma_pixels,iou,0.6940811341732323,0.715702740077472,1.031151409885236,-0.031151409885235903
yolo11s,blur,gaussian_blur,4,2.0,sigma_pixels,dice,0.81434881788263,0.8299904204854108,1.0192074971551506,-0.019207497155150577
yolo11s,blur,gaussian_blur,4,2.0,sigma_pixels,map_50,0.2112858029314436,0.15998775768001816,0.7572101649060148,0.24278983509398522
yolo11s,blur,gaussian_blur,4,2.0,sigma_pixels,map_50_95,0.07629474050336979,0.05900499618976325,0.7733822253076162,0.22661777469238376
yolo11s,blur,gaussian_blur,5,3.0,sigma_pixels,precision,0.4634146341463415,0.2727272727272727,0.5885167464114832,0.4114832535885168
yolo11s,blur,gaussian_blur,5,3.0,sigma_pixels,recall,0.17117117117117117,0.13513513513513514,0.7894736842105263,0.21052631578947367
yolo11s,blur,gaussian_blur,5,3.0,sigma_pixels,f1,0.25,0.18072289156626506,0.7228915662650602,0.27710843373493976
yolo11s,blur,gaussian_blur,5,3.0,sigma_pixels,iou,0.6940811341732323,0.7093165392002413,1.0219504669942614,-0.021950466994261397
yolo11s,blur,gaussian_blur,5,3.0,sigma_pixels,dice,0.81434881788263,0.8260511705954888,1.0143701967214562,-0.01437019672145623
yolo11s,blur,gaussian_blur,5,3.0,sigma_pixels,map_50,0.2112858029314436,0.14895357422804587,0.7049861948196168,0.2950138051803832
yolo11s,blur,gaussian_blur,5,3.0,sigma_pixels,map_50_95,0.07629474050336979,0.05301463072240289,0.6948661254056082,0.3051338745943918
yolo11s,blur,motion_blur,1,3.0,kernel_pixels,precision,0.4634146341463415,0.46808510638297873,1.0100783874580066,-0.010078387458006599
yolo11s,blur,motion_blur,1,3.0,kernel_pixels,recall,0.17117117117117117,0.1981981981981982,1.1578947368421053,-0.1578947368421053
yolo11s,blur,motion_blur,1,3.0,kernel_pixels,f1,0.25,0.2784810126582279,1.1139240506329116,-0.11392405063291156
yolo11s,blur,motion_blur,1,3.0,kernel_pixels,iou,0.6940811341732323,0.6970626405830559,1.004295616554072,-0.004295616554071957
yolo11s,blur,motion_blur,1,3.0,kernel_pixels,dice,0.81434881788263,0.8167161827345232,1.0029070648841223,-0.00290706488412229
yolo11s,blur,motion_blur,1,3.0,kernel_pixels,map_50,0.2112858029314436,0.20917381241759847,0.9900041058862321,0.00999589411376789
yolo11s,blur,motion_blur,1,3.0,kernel_pixels,map_50_95,0.07629474050336979,0.07188097412930762,0.9421484843523752,0.05785151564762481
yolo11s,blur,motion_blur,2,5.0,kernel_pixels,precision,0.4634146341463415,0.3877551020408163,0.836734693877551,0.16326530612244905
yolo11s,blur,motion_blur,2,5.0,kernel_pixels,recall,0.17117117117117117,0.17117117117117117,1.0,0.0
yolo11s,blur,motion_blur,2,5.0,kernel_pixels,f1,0.25,0.2375,0.95,0.050000000000000044
yolo11s,blur,motion_blur,2,5.0,kernel_pixels,iou,0.6940811341732323,0.6956313847959855,1.0022335294051752,-0.002233529405175183
yolo11s,blur,motion_blur,2,5.0,kernel_pixels,dice,0.81434881788263,0.8161218602437534,1.0021772517159582,-0.002177251715958173
yolo11s,blur,motion_blur,2,5.0,kernel_pixels,map_50,0.2112858029314436,0.1976733645817016,0.9355733411290351,0.06442665887096488
yolo11s,blur,motion_blur,2,5.0,kernel_pixels,map_50_95,0.07629474050336979,0.06538309550770008,0.8569803773670642,0.14301962263293577
yolo11s,blur,motion_blur,3,9.0,kernel_pixels,precision,0.4634146341463415,0.3584905660377358,0.7735849056603773,0.2264150943396227
yolo11s,blur,motion_blur,3,9.0,kernel_pixels,recall,0.17117117117117117,0.17117117117117117,1.0,0.0
yolo11s,blur,motion_blur,3,9.0,kernel_pixels,f1,0.25,0.23170731707317074,0.926829268292683,0.07317073170731703
yolo11s,blur,motion_blur,3,9.0,kernel_pixels,iou,0.6940811341732323,0.711491094481016,1.0250834656794439,-0.02508346567944386
yolo11s,blur,motion_blur,3,9.0,kernel_pixels,dice,0.81434881788263,0.826810451025368,1.0153025741169972,-0.015302574116997203
yolo11s,blur,motion_blur,3,9.0,kernel_pixels,map_50,0.2112858029314436,0.15301451383543943,0.7242063201240663,0.27579367987593373
yolo11s,blur,motion_blur,3,9.0,kernel_pixels,map_50_95,0.07629474050336979,0.05505163859607174,0.7215653167290111,0.27843468327098886
yolo11s,blur,motion_blur,4,13.0,kernel_pixels,precision,0.4634146341463415,0.3392857142857143,0.7321428571428571,0.2678571428571429
yolo11s,blur,motion_blur,4,13.0,kernel_pixels,recall,0.17117117117117117,0.17117117117117117,1.0,0.0
yolo11s,blur,motion_blur,4,13.0,kernel_pixels,f1,0.25,0.2275449101796407,0.9101796407185628,0.08982035928143717
yolo11s,blur,motion_blur,4,13.0,kernel_pixels,iou,0.6940811341732323,0.7064305562848021,1.0177924762733683,-0.01779247627336833
yolo11s,blur,motion_blur,4,13.0,kernel_pixels,dice,0.81434881788263,0.8234522927225152,1.0111788396323271,-0.011178839632327131
yolo11s,blur,motion_blur,4,13.0,kernel_pixels,map_50,0.2112858029314436,0.18459238776422024,0.8736620501857162,0.1263379498142838
yolo11s,blur,motion_blur,4,13.0,kernel_pixels,map_50_95,0.07629474050336979,0.06243439719472023,0.8183316016647652,0.18166839833523485
yolo11s,blur,motion_blur,5,17.0,kernel_pixels,precision,0.4634146341463415,0.2765957446808511,0.5968645016797313,0.40313549832026874
yolo11s,blur,motion_blur,5,17.0,kernel_pixels,recall,0.17117117117117117,0.11711711711711711,0.6842105263157895,0.3157894736842105
yolo11s,blur,motion_blur,5,17.0,kernel_pixels,f1,0.25,0.16455696202531647,0.6582278481012659,0.3417721518987341
yolo11s,blur,motion_blur,5,17.0,kernel_pixels,iou,0.6940811341732323,0.7165784163991211,1.032413043833394,-0.03241304383339405
yolo11s,blur,motion_blur,5,17.0,kernel_pixels,dice,0.81434881788263,0.8309071593303,1.0203332295498666,-0.020333229549866605
yolo11s,blur,motion_blur,5,17.0,kernel_pixels,map_50,0.2112858029314436,0.12012829202392597,0.5685582767854226,0.4314417232145774
yolo11s,blur,motion_blur,5,17.0,kernel_pixels,map_50_95,0.07629474050336979,0.044095072427475464,0.5779569094350333,0.4220430905649667
yolo11s,compression,jpeg,1,90.0,quality_percent,precision,0.4634146341463415,0.47619047619047616,1.0275689223057642,-0.027568922305764243
yolo11s,compression,jpeg,1,90.0,quality_percent,recall,0.17117117117117117,0.18018018018018017,1.0526315789473684,-0.05263157894736836
yolo11s,compression,jpeg,1,90.0,quality_percent,f1,0.25,0.261437908496732,1.045751633986928,-0.04575163398692794
yolo11s,compression,jpeg,1,90.0,quality_percent,iou,0.6940811341732323,0.694998269168434,1.0013213656877364,-0.0013213656877364421
yolo11s,compression,jpeg,1,90.0,quality_percent,dice,0.81434881788263,0.8156498485840631,1.0015976331921446,-0.0015976331921445652
yolo11s,compression,jpeg,1,90.0,quality_percent,map_50,0.2112858029314436,0.2084439794392217,0.9865498606494445,0.013450139350555501
yolo11s,compression,jpeg,1,90.0,quality_percent,map_50_95,0.07629474050336979,0.07297738029369141,0.9565191494486851,0.0434808505513149
yolo11s,compression,jpeg,2,70.0,quality_percent,precision,0.4634146341463415,0.4318181818181818,0.9318181818181818,0.06818181818181823
yolo11s,compression,jpeg,2,70.0,quality_percent,recall,0.17117117117117117,0.17117117117117117,1.0,0.0
yolo11s,compression,jpeg,2,70.0,quality_percent,f1,0.25,0.24516129032258066,0.9806451612903226,0.019354838709677358
yolo11s,compression,jpeg,2,70.0,quality_percent,iou,0.6940811341732323,0.6958351365252483,1.0025270854741,-0.002527085474099966
yolo11s,compression,jpeg,2,70.0,quality_percent,dice,0.81434881788263,0.816417335244092,1.002540087633258,-0.0025400876332579703
yolo11s,compression,jpeg,2,70.0,quality_percent,map_50,0.2112858029314436,0.20528516613312897,0.9715994320722927,0.028400567927707288
yolo11s,compression,jpeg,2,70.0,quality_percent,map_50_95,0.07629474050336979,0.07424122341530039,0.9730844213569518,0.026915578643048166
yolo11s,compression,jpeg,3,50.0,quality_percent,precision,0.4634146341463415,0.3953488372093023,0.8531211750305997,0.1468788249694003
yolo11s,compression,jpeg,3,50.0,quality_percent,recall,0.17117117117117117,0.15315315315315314,0.894736842105263,0.10526315789473695
yolo11s,compression,jpeg,3,50.0,quality_percent,f1,0.25,0.22077922077922074,0.883116883116883,0.11688311688311703
yolo11s,compression,jpeg,3,50.0,quality_percent,iou,0.6940811341732323,0.7246023661842699,1.0439735796124088,-0.043973579612408775
yolo11s,compression,jpeg,3,50.0,quality_percent,dice,0.81434881788263,0.8360014211630022,1.026588855788691,-0.02658885578869108
yolo11s,compression,jpeg,3,50.0,quality_percent,map_50,0.2112858029314436,0.20521836269631746,0.97128325637149,0.028716743628509955
yolo11s,compression,jpeg,3,50.0,quality_percent,map_50_95,0.07629474050336979,0.074528039652302,0.9768437399562324,0.023156260043767585
yolo11s,compression,jpeg,4,35.0,quality_percent,precision,0.4634146341463415,0.41304347826086957,0.8913043478260869,0.10869565217391308
yolo11s,compression,jpeg,4,35.0,quality_percent,recall,0.17117117117117117,0.17117117117117117,1.0,0.0
yolo11s,compression,jpeg,4,35.0,quality_percent,f1,0.25,0.24203821656050958,0.9681528662420383,0.031847133757961665
yolo11s,compression,jpeg,4,35.0,quality_percent,iou,0.6940811341732323,0.6836897350556135,0.9850285527065986,0.014971447293401385
yolo11s,compression,jpeg,4,35.0,quality_percent,dice,0.81434881788263,0.8075132464928744,0.991606089135699,0.008393910864300969
yolo11s,compression,jpeg,4,35.0,quality_percent,map_50,0.2112858029314436,0.19368900663517458,0.9167156711330069,0.08328432886699311
yolo11s,compression,jpeg,4,35.0,quality_percent,map_50_95,0.07629474050336979,0.06212235227680615,0.8142416091455522,0.18575839085444779
yolo11s,compression,jpeg,5,20.0,quality_percent,precision,0.4634146341463415,0.35714285714285715,0.7706766917293233,0.2293233082706767
yolo11s,compression,jpeg,5,20.0,quality_percent,recall,0.17117117117117117,0.13513513513513514,0.7894736842105263,0.21052631578947367
yolo11s,compression,jpeg,5,20.0,quality_percent,f1,0.25,0.19607843137254902,0.7843137254901961,0.21568627450980393
yolo11s,compression,jpeg,5,20.0,quality_percent,iou,0.6940811341732323,0.7258790375406162,1.04581294866235,-0.04581294866234997
yolo11s,compression,jpeg,5,20.0,quality_percent,dice,0.81434881788263,0.8370787685216483,1.0279118114251309,-0.027911811425130884
yolo11s,compression,jpeg,5,20.0,quality_percent,map_50,0.2112858029314436,0.1649863934449128,0.7808683364231828,0.21913166357681724
yolo11s,compression,jpeg,5,20.0,quality_percent,map_50_95,0.07629474050336979,0.05845685283262884,0.7661976755795756,0.23380232442042437
