detector,threshold,seed_count,precision,precision_std,precision_mean_plus_minus_std,recall,recall_std,recall_mean_plus_minus_std,f1,f1_std,f1_mean_plus_minus_std
faster_rcnn,0.01,5,0.07169185729746064,0.03593304655491516,0.0716919 ± 0.035933,0.791044776119403,0.10337235206861993,0.791045 ± 0.103372,0.12822354686873072,0.058622782646428576,0.128224 ± 0.0586228
faster_rcnn,0.02,5,0.08937926303192004,0.0416163669994963,0.0893793 ± 0.0416164,0.7514925373134329,0.10159263062575186,0.751493 ± 0.101593,0.15532478366962388,0.06388872989140919,0.155325 ± 0.0638887
faster_rcnn,0.03,5,0.10104569638948013,0.0443934887933343,0.101046 ± 0.0443935,0.7335820895522389,0.1031228798967957,0.733582 ± 0.103123,0.1725007259376961,0.06535597880519017,0.172501 ± 0.065356
faster_rcnn,0.04,5,0.11015935981912155,0.04638021029765825,0.110159 ± 0.0463802,0.7149253731343284,0.10244559107745742,0.714925 ± 0.102446,0.18527478877686984,0.06601224427950485,0.185275 ± 0.0660122
faster_rcnn,0.05,5,0.11705321310701058,0.04708915418573955,0.117053 ± 0.0470892,0.7037313432835821,0.10509545460131464,0.703731 ± 0.105095,0.1947248346192222,0.06502449991127618,0.194725 ± 0.0650245
faster_rcnn,0.06,5,0.1237970891039836,0.04882054435124009,0.123797 ± 0.0488205,0.6917910447761194,0.10621555565808545,0.691791 ± 0.106216,0.20352780626158812,0.06565803477414565,0.203528 ± 0.065658
faster_rcnn,0.07,5,0.12976982027265288,0.05151634229765002,0.12977 ± 0.0515163,0.6738805970149253,0.0964608171247027,0.673881 ± 0.0964608,0.21074495547555835,0.06778653379438018,0.210745 ± 0.0677865
faster_rcnn,0.08,5,0.13565549109630098,0.0528028705156954,0.135655 ± 0.0528029,0.667910447761194,0.09783664628452905,0.66791 ± 0.0978366,0.21825576004046043,0.06780316440465822,0.218256 ± 0.0678032
faster_rcnn,0.09,5,0.14039641058155508,0.05285124983921793,0.140396 ± 0.0528512,0.6634328358208954,0.09785087603462751,0.663433 ± 0.0978509,0.22442899430904442,0.06652103027671477,0.224429 ± 0.066521
faster_rcnn,0.1,5,0.14538146982188824,0.053096891487810986,0.145381 ± 0.0530969,0.655223880597015,0.09856680709048743,0.655224 ± 0.0985668,0.2304655094483095,0.06516830506899851,0.230466 ± 0.0651683
faster_rcnn,0.11,5,0.14996856912836737,0.05457334237995154,0.149969 ± 0.0545733,0.646268656716418,0.09518217165439394,0.646269 ± 0.0951822,0.23571588672959426,0.0658752839643933,0.235716 ± 0.0658753
faster_rcnn,0.12,5,0.1540396925407635,0.054288342105942036,0.15404 ± 0.0542883,0.6402985074626866,0.0977512242837098,0.640299 ± 0.0977512,0.24044378099043576,0.06387516599648295,0.240444 ± 0.0638752
faster_rcnn,0.13,5,0.15762021902092566,0.05420859204259356,0.15762 ± 0.0542086,0.6343283582089553,0.09697904043557481,0.634328 ± 0.096979,0.24457600329199797,0.06267309433201097,0.244576 ± 0.0626731
faster_rcnn,0.14,5,0.16193384691981863,0.05615580466815267,0.161934 ± 0.0561558,0.6261194029850745,0.0912998018642428,0.626119 ± 0.0912998,0.2491852658744121,0.06435029808121444,0.249185 ± 0.0643503
faster_rcnn,0.15,5,0.16551452477667966,0.056935283385489706,0.165515 ± 0.0569353,0.6208955223880597,0.08941998941272371,0.620896 ± 0.08942,0.2531283410002786,0.06445058597422927,0.253128 ± 0.0644506
faster_rcnn,0.16,5,0.16917093959802415,0.05714883214350798,0.169171 ± 0.0571488,0.6171641791044775,0.08824449368698661,0.617164 ± 0.0882445,0.25731707744994725,0.06384357278979197,0.257317 ± 0.0638436
faster_rcnn,0.17,5,0.17181734523180597,0.05627413967961304,0.171817 ± 0.0562741,0.6104477611940299,0.09161188680253077,0.610448 ± 0.0916119,0.25989618564696715,0.0617929583723817,0.259896 ± 0.061793
faster_rcnn,0.18,5,0.17547048518850575,0.05642794592878417,0.17547 ± 0.0564279,0.6074626865671642,0.09084115963730531,0.607463 ± 0.0908412,0.2640140966493648,0.06081745281709902,0.264014 ± 0.0608175
faster_rcnn,0.19,5,0.17943627638145077,0.05825401541756629,0.179436 ± 0.058254,0.6022388059701493,0.08836274695889963,0.602239 ± 0.0883627,0.26802400759769995,0.06216355503817831,0.268024 ± 0.0621636
faster_rcnn,0.2,5,0.18187286666241603,0.058370363526487515,0.181873 ± 0.0583704,0.5955223880597015,0.08604772101470473,0.595522 ± 0.0860477,0.2702272483395961,0.061344381386521124,0.270227 ± 0.0613444
faster_rcnn,0.21,5,0.18432779246701858,0.057528536320019204,0.184328 ± 0.0575285,0.5902985074626865,0.0875634257601494,0.590299 ± 0.0875634,0.2724756127763418,0.059157894475777247,0.272476 ± 0.0591579
faster_rcnn,0.22,5,0.18756068212234828,0.05717690797980589,0.187561 ± 0.0571769,0.5888059701492537,0.0869250835447038,0.588806 ± 0.0869251,0.2760987518374346,0.0577330285461089,0.276099 ± 0.057733
faster_rcnn,0.23,5,0.18987032775413423,0.05582971077192483,0.18987 ± 0.0558297,0.5835820895522389,0.0899245989933855,0.583582 ± 0.0899246,0.2781811249314061,0.05522215204276012,0.278181 ± 0.0552222
faster_rcnn,0.24,5,0.19256062706309213,0.055244991052003006,0.192561 ± 0.055245,0.5813432835820895,0.08933431195012191,0.581343 ± 0.0893343,0.2810696816844589,0.05365617558086938,0.28107 ± 0.0536562
faster_rcnn,0.25,5,0.19589066943662742,0.05520862435372457,0.195891 ± 0.0552086,0.5798507462686567,0.09111662200701993,0.579851 ± 0.0911166,0.2845263147467961,0.052756619727272476,0.284526 ± 0.0527566
faster_rcnn,0.26,5,0.19931523864651618,0.054846960067591106,0.199315 ± 0.054847,0.5783582089552238,0.09170302781675005,0.578358 ± 0.091703,0.28819896295017666,0.05157527869166737,0.288199 ± 0.0515753
faster_rcnn,0.27,5,0.20193634722458728,0.053908865061477164,0.201936 ± 0.0539089,0.5746268656716418,0.09230833490188792,0.574627 ± 0.0923083,0.29070831301987854,0.049839095994274205,0.290708 ± 0.0498391
faster_rcnn,0.28,5,0.20435074914045986,0.053991340142180905,0.204351 ± 0.0539913,0.5686567164179104,0.0912311525194111,0.568657 ± 0.0912312,0.2925253380243215,0.049271435829259656,0.292525 ± 0.0492714
faster_rcnn,0.29,5,0.2075365320791692,0.054423670679511676,0.207537 ± 0.0544237,0.5671641791044776,0.09001744837175238,0.567164 ± 0.0900174,0.2958113992740074,0.049297850788829325,0.295811 ± 0.0492979
faster_rcnn,0.3,5,0.21076059037935163,0.054911025718886106,0.210761 ± 0.054911,0.5649253731343282,0.08773022095334682,0.564925 ± 0.0877302,0.2989217259622571,0.04887308486669522,0.298922 ± 0.0488731
faster_rcnn,0.31,5,0.21326044795662535,0.05427574867925594,0.21326 ± 0.0542757,0.5619402985074626,0.08584522692074747,0.56194 ± 0.0858452,0.3013283854906341,0.04774822096462359,0.301328 ± 0.0477482
faster_rcnn,0.32,5,0.2169912016788365,0.055774984928233434,0.216991 ± 0.055775,0.5567164179104477,0.08189427247712633,0.556716 ± 0.0818943,0.3043195917125982,0.047931159152955004,0.30432 ± 0.0479312
faster_rcnn,0.33,5,0.22031074590373168,0.05530370957528107,0.220311 ± 0.0553037,0.5529850746268656,0.08219125314781113,0.552985 ± 0.0821913,0.3072769371394687,0.04700884877709565,0.307277 ± 0.0470088
faster_rcnn,0.34,5,0.223305779452473,0.05525885224742871,0.223306 ± 0.0552589,0.5507462686567164,0.08346039915299089,0.550746 ± 0.0834604,0.30993107643869794,0.04620482546602954,0.309931 ± 0.0462048
faster_rcnn,0.35,5,0.22571479933857547,0.05436048102339707,0.225715 ± 0.0543605,0.5447761194029851,0.08255465257402084,0.544776 ± 0.0825547,0.3114399076100463,0.04401653376127078,0.31144 ± 0.0440165
faster_rcnn,0.36,5,0.22852872513600558,0.054670079426458844,0.228529 ± 0.0546701,0.53955223880597,0.08031494311072529,0.539552 ± 0.0803149,0.31341891350740203,0.044096236439325254,0.313419 ± 0.0440962
faster_rcnn,0.37,5,0.23099695887218755,0.05494009432963189,0.230997 ± 0.0549401,0.5350746268656716,0.07798418195589928,0.535075 ± 0.0779842,0.3151504173651799,0.04371695111525089,0.31515 ± 0.043717
faster_rcnn,0.38,5,0.23535762628102247,0.056227554369349356,0.235358 ± 0.0562276,0.5328358208955224,0.07575637753293415,0.532836 ± 0.0757564,0.3190033983794095,0.04456817132715768,0.319003 ± 0.0445682
faster_rcnn,0.39,5,0.23930100745321545,0.05529515254121007,0.239301 ± 0.0552952,0.5305970149253731,0.07543406728702015,0.530597 ± 0.0754341,0.3225087926753236,0.04271968684141545,0.322509 ± 0.0427197
faster_rcnn,0.4,5,0.2418819082854315,0.053690527823328914,0.241882 ± 0.0536905,0.5276119402985074,0.07613220553735574,0.527612 ± 0.0761322,0.3245652416180782,0.0407834225689319,0.324565 ± 0.0407834
faster_rcnn,0.41,5,0.24427433529741727,0.05249185368732317,0.244274 ± 0.0524919,0.523134328358209,0.07671518379865716,0.523134 ± 0.0767152,0.3260548997215759,0.038908595216169364,0.326055 ± 0.0389086
faster_rcnn,0.42,5,0.2465351532538111,0.05147599714380686,0.246535 ± 0.051476,0.5186567164179104,0.07732978274650262,0.518657 ± 0.0773298,0.32723099113899773,0.0367283040692895,0.327231 ± 0.0367283
faster_rcnn,0.43,5,0.24969516799858965,0.049903033146423324,0.249695 ± 0.049903,0.5134328358208956,0.07704117046736447,0.513433 ± 0.0770412,0.329250439229584,0.034900805036353594,0.32925 ± 0.0349008
faster_rcnn,0.44,5,0.2537310259431907,0.048959953159456726,0.253731 ± 0.04896,0.5097014925373134,0.07704117046736446,0.509701 ± 0.0770412,0.33220151043428015,0.03299825480121785,0.332202 ± 0.0329983
faster_rcnn,0.45,5,0.25640202526241573,0.04979298570836873,0.256402 ± 0.049793,0.505223880597015,0.0754894182060151,0.505224 ± 0.0754894,0.3336169146362266,0.03366238680799032,0.333617 ± 0.0336624
faster_rcnn,0.46,5,0.25966067826446837,0.05059688871224498,0.259661 ± 0.0505969,0.5007462686567165,0.0719385179689237,0.500746 ± 0.0719385,0.33544739112594524,0.03322523186469967,0.335447 ± 0.0332252
faster_rcnn,0.47,5,0.264356857495999,0.05125161106594993,0.264357 ± 0.0512516,0.49925373134328355,0.07027418218425807,0.499254 ± 0.0702742,0.33927649788286984,0.03383524394023055,0.339276 ± 0.0338352
faster_rcnn,0.48,5,0.2666908411032577,0.04981670214544775,0.266691 ± 0.0498167,0.49253731343283585,0.06890367653962459,0.492537 ± 0.0689037,0.3399214070735717,0.03241744438954972,0.339921 ± 0.0324174
faster_rcnn,0.49,5,0.27066208063494157,0.050689774671500834,0.270662 ± 0.0506898,0.48805970149253736,0.06507959038991926,0.48806 ± 0.0650796,0.34222041853346263,0.032440774607300084,0.34222 ± 0.0324408
faster_rcnn,0.5,5,0.27111421867641167,0.04841517766871105,0.271114 ± 0.0484152,0.48134328358208955,0.06617219347376194,0.481343 ± 0.0661722,0.34090284991965464,0.028896398656104032,0.340903 ± 0.0288964
faster_rcnn,0.51,5,0.2773258677885359,0.04798618872367041,0.277326 ± 0.0479862,0.4798507462686567,0.0650902863535694,0.479851 ± 0.0650903,0.3456911499333454,0.0275330778516513,0.345691 ± 0.0275331
faster_rcnn,0.52,5,0.28050807488053714,0.04937303548731197,0.280508 ± 0.049373,0.47238805970149256,0.060085055180907274,0.472388 ± 0.0600851,0.3462177921634621,0.026940557291100595,0.346218 ± 0.0269406
faster_rcnn,0.53,5,0.2842639013663639,0.04962663730876073,0.284264 ± 0.0496266,0.46716417910447755,0.05716388683141056,0.467164 ± 0.0571639,0.3480144990610569,0.02837535962322797,0.348014 ± 0.0283754
faster_rcnn,0.54,5,0.2874461018907264,0.048482437598157097,0.287446 ± 0.0484824,0.4619402985074627,0.05524404633827389,0.46194 ± 0.055244,0.34929302949643015,0.027831626687983037,0.349293 ± 0.0278316
faster_rcnn,0.55,5,0.29084584086978665,0.04805910779831971,0.290846 ± 0.0480591,0.4552238805970149,0.05223880597014924,0.455224 ± 0.0522388,0.35018684375284714,0.028538809138324506,0.350187 ± 0.0285388
faster_rcnn,0.56,5,0.29327762602650154,0.04834322683563955,0.293278 ± 0.0483432,0.4477611940298508,0.05006122337686097,0.447761 ± 0.0500612,0.34993630700176,0.029508073722684804,0.349936 ± 0.0295081
faster_rcnn,0.57,5,0.2953712533617806,0.047173902003583054,0.295371 ± 0.0471739,0.441044776119403,0.046931933383672006,0.441045 ± 0.0469319,0.3495976939812024,0.028189097409956704,0.349598 ± 0.0281891
faster_rcnn,0.58,5,0.29941772231921593,0.04511873933743526,0.299418 ± 0.0451187,0.43358208955223887,0.046783367219873084,0.433582 ± 0.0467834,0.35023612504172574,0.02634445785919611,0.350236 ± 0.0263445
faster_rcnn,0.59,5,0.30244288247507145,0.04302365100656849,0.302443 ± 0.0430237,0.426865671641791,0.047536200460271884,0.426866 ± 0.0475362,0.35025986356823646,0.024902207556187796,0.35026 ± 0.0249022
faster_rcnn,0.6,5,0.30584320741224147,0.04205608421521436,0.305843 ± 0.0420561,0.41940298507462687,0.04251112050336154,0.419403 ± 0.0425111,0.3504641883636843,0.025004022265498825,0.350464 ± 0.025004
faster_rcnn,0.61,5,0.31207605233189767,0.042017138638844355,0.312076 ± 0.0420171,0.4119402985074627,0.042347047639137644,0.41194 ± 0.042347,0.3519872545749835,0.02487454607997581,0.351987 ± 0.0248745
faster_rcnn,0.62,5,0.3163601658783519,0.04041657019304178,0.31636 ± 0.0404166,0.4074626865671642,0.04004897870148877,0.407463 ± 0.040049,0.3533582600510288,0.023837213881919925,0.353358 ± 0.0238372
faster_rcnn,0.63,5,0.3243347959047284,0.03975167685694631,0.324335 ± 0.0397517,0.4022388059701492,0.04175104695731154,0.402239 ± 0.041751,0.3562316579940893,0.022121230162206414,0.356232 ± 0.0221212
faster_rcnn,0.64,5,0.32806999586734803,0.04167791286902273,0.32807 ± 0.0416779,0.3925373134328358,0.039524067692135414,0.392537 ± 0.0395241,0.3546071721272252,0.02311059275154921,0.354607 ± 0.0231106
faster_rcnn,0.65,5,0.3332954459583644,0.043735399147235635,0.333295 ± 0.0437354,0.3843283582089552,0.0397523801355644,0.384328 ± 0.0397524,0.3538643482035441,0.02207903774943007,0.353864 ± 0.022079
faster_rcnn,0.66,5,0.338748854764669,0.0426448833944024,0.338749 ± 0.0426449,0.3761194029850746,0.04124780180727008,0.376119 ± 0.0412478,0.3532472172704989,0.020142119994034736,0.353247 ± 0.0201421
faster_rcnn,0.67,5,0.34576610476632474,0.04113231441531417,0.345766 ± 0.0411323,0.36641791044776123,0.04346654587589093,0.366418 ± 0.0434665,0.3523053880564105,0.015112014321288657,0.352305 ± 0.015112
faster_rcnn,0.68,5,0.35601475958032325,0.05020637072611589,0.356015 ± 0.0502064,0.35820895522388063,0.04607869042995698,0.358209 ± 0.0460787,0.35244642078341676,0.01578891177190521,0.352446 ± 0.0157889
faster_rcnn,0.69,5,0.36241949982431737,0.05808059502476196,0.362419 ± 0.0580806,0.35074626865671643,0.046304752410413645,0.350746 ± 0.0463048,0.35114441902999755,0.018416797465238582,0.351144 ± 0.0184168
faster_rcnn,0.7,5,0.36864672419325617,0.06321077781392645,0.368647 ± 0.0632108,0.33880597014925373,0.05673605316044241,0.338806 ± 0.0567361,0.3458411446819327,0.022247382429770174,0.345841 ± 0.0222474
faster_rcnn,0.71,5,0.37841813448133427,0.07383549214601194,0.378418 ± 0.0738355,0.3261194029850746,0.0602008038052035,0.326119 ± 0.0602008,0.34116641684213855,0.026185855089789826,0.341166 ± 0.0261859
faster_rcnn,0.72,5,0.3896470925123676,0.0919661080893202,0.389647 ± 0.0919661,0.3164179104477612,0.06389210385971342,0.316418 ± 0.0638921,0.33701080246705584,0.0269033538856933,0.337011 ± 0.0269034
faster_rcnn,0.73,5,0.4072777422352929,0.10828015122494168,0.407278 ± 0.10828,0.30970149253731344,0.06829479558851913,0.309701 ± 0.0682948,0.33697912346787146,0.030007063437622,0.336979 ± 0.0300071
faster_rcnn,0.74,5,0.41279749162350116,0.10480122579137216,0.412797 ± 0.104801,0.2977611940298507,0.07598576211147905,0.297761 ± 0.0759858,0.32976674387439064,0.04086418946329263,0.329767 ± 0.0408642
faster_rcnn,0.75,5,0.42379888014300404,0.11399968943300191,0.423799 ± 0.114,0.2835820895522388,0.09302202136058142,0.283582 ± 0.093022,0.31787387155631164,0.06436206214363441,0.317874 ± 0.0643621
faster_rcnn,0.76,5,0.44847186032636,0.14852636906064223,0.448472 ± 0.148526,0.27313432835820894,0.09802857362776363,0.273134 ± 0.0980286,0.31172052583514315,0.07628823793655856,0.311721 ± 0.0762882
faster_rcnn,0.77,5,0.45206316200918206,0.12169839659173143,0.452063 ± 0.121698,0.25970149253731345,0.11356409334357447,0.259701 ± 0.113564,0.30016655115295066,0.10727489975423574,0.300167 ± 0.107275
faster_rcnn,0.78,5,0.4900101202970385,0.1817698806282103,0.49001 ± 0.18177,0.24701492537313433,0.11223220645888389,0.247015 ± 0.112232,0.2929663813440884,0.11315464232749614,0.292966 ± 0.113155
faster_rcnn,0.79,5,0.5067403428409618,0.18469294189412458,0.50674 ± 0.184693,0.23805970149253727,0.11325103262742657,0.23806 ± 0.113251,0.2882964819162311,0.12139006172017755,0.288296 ± 0.12139
faster_rcnn,0.8,5,0.49757546404618835,0.14356976623808035,0.497575 ± 0.14357,0.22537313432835818,0.12084023058439564,0.225373 ± 0.12084,0.27530307124835995,0.14164354166506649,0.275303 ± 0.141644
faster_rcnn,0.81,5,0.5631233387770346,0.24540450664418953,0.563123 ± 0.245405,0.2164179104477612,0.12090934138820635,0.216418 ± 0.120909,0.2709879877739571,0.14782186956459803,0.270988 ± 0.147822
faster_rcnn,0.82,5,0.37024816248357056,0.20876949730927907,0.370248 ± 0.208769,0.20522388059701493,0.11814283730587734,0.205224 ± 0.118143,0.2625489777719422,0.14813405487305856,0.262549 ± 0.148134
faster_rcnn,0.83,5,0.3847796094527741,0.21791780728730212,0.38478 ± 0.217918,0.1947761194029851,0.11453461384174232,0.194776 ± 0.114535,0.2560585409559725,0.14575308297834505,0.256059 ± 0.145753
faster_rcnn,0.84,5,0.4021154688144744,0.23142899793199076,0.402115 ± 0.231429,0.18656716417910446,0.11194029850746268,0.186567 ± 0.11194,0.2508981696205902,0.14422235911275946,0.250898 ± 0.144222
faster_rcnn,0.85,5,0.42309007358848294,0.24325574474247277,0.42309 ± 0.243256,0.17761194029850746,0.10745361694728836,0.177612 ± 0.107454,0.24607147679834313,0.14260644251902516,0.246071 ± 0.142606
faster_rcnn,0.86,5,0.4432250463863367,0.2566467681547364,0.443225 ± 0.256647,0.16567164179104477,0.10545914210113136,0.165672 ± 0.105459,0.2354401964928104,0.14175009708841116,0.23544 ± 0.14175
faster_rcnn,0.87,5,0.4587982737982738,0.2634887040242826,0.458798 ± 0.263489,0.15223880597014924,0.0986303507569719,0.152239 ± 0.0986304,0.2232544028288347,0.13750061364677588,0.223254 ± 0.137501
faster_rcnn,0.88,5,0.46031964790739927,0.2618932612470707,0.46032 ± 0.261893,0.1373134328358209,0.09503578250031221,0.137313 ± 0.0950358,0.20538074120694666,0.13505195281350774,0.205381 ± 0.135052
faster_rcnn,0.89,5,0.4945063203034218,0.2862157353352885,0.494506 ± 0.286216,0.12537313432835823,0.08840212956412583,0.125373 ± 0.0884021,0.1933678344825303,0.12996630817378368,0.193368 ± 0.129966
faster_rcnn,0.9,5,0.5161075036075036,0.30258996697576546,0.516108 ± 0.30259,0.10970149253731343,0.07856227868945996,0.109701 ± 0.0785623,0.17505184554408446,0.1204172096105933,0.175052 ± 0.120417
faster_rcnn,0.91,5,0.5792489716420297,0.36341470598149483,0.579249 ± 0.363415,0.09477611940298507,0.07992394468949426,0.0947761 ± 0.0799239,0.15348016810536333,0.12711598857983014,0.15348 ± 0.127116
faster_rcnn,0.92,5,0.5899666048237477,0.3632549792820747,0.589967 ± 0.363255,0.07611940298507462,0.06625630179302892,0.0761194 ± 0.0662563,0.1281985670896769,0.11052678143691437,0.128199 ± 0.110527
faster_rcnn,0.93,5,0.5896156688839616,0.36395952859894565,0.589616 ± 0.36396,0.058955223880597006,0.052132087153949194,0.0589552 ± 0.0521321,0.10296647792470777,0.08982056772887653,0.102966 ± 0.0898206
faster_rcnn,0.94,5,0.3487179487179487,0.32375285417296534,0.348718 ± 0.323753,0.03582089552238806,0.0382894732309412,0.0358209 ± 0.0382895,0.06457452322113975,0.06792423125067125,0.0645745 ± 0.0679242
faster_rcnn,0.95,5,0.3439102564102564,0.3150936092294666,0.34391 ± 0.315094,0.02238805970149254,0.021596710639534004,0.0223881 ± 0.0215967,0.041872175871982255,0.04006584632232788,0.0418722 ± 0.0400658
faster_rcnn,0.96,5,0.3928571428571429,0.36167756026103126,0.392857 ± 0.361678,0.010447761194029851,0.011621202613729429,0.0104478 ± 0.0116212,0.020224756793022474,0.022332555105269478,0.0202248 ± 0.0223326
faster_rcnn,0.97,5,0.3333333333333333,0.4714045207910317,0.333333 ± 0.471405,0.003731343283582089,0.005276916277511548,0.00373134 ± 0.00527692,0.007380073800738007,0.010437000460318044,0.00738007 ± 0.010437
faster_rcnn,0.98,5,0.0,0.0,0 ± 0,0.0,0.0,0 ± 0,0.0,0.0,0 ± 0
faster_rcnn,0.99,5,0.0,0.0,0 ± 0,0.0,0.0,0 ± 0,0.0,0.0,0 ± 0
yolo11s,0.01,5,0.2630968734200093,0.035971753855000045,0.263097 ± 0.0359718,0.29253731343283584,0.08863805773804101,0.292537 ± 0.0886381,0.26571344101685773,0.036675731073211634,0.265713 ± 0.0366757
yolo11s,0.02,5,0.30146760193992467,0.06298731361057308,0.301468 ± 0.0629873,0.25074626865671645,0.09488916750634281,0.250746 ± 0.0948892,0.2539100752726029,0.06045835984659495,0.25391 ± 0.0604584
yolo11s,0.03,5,0.32204408090484044,0.07014722054858441,0.322044 ± 0.0701472,0.2238805970149254,0.10380916226301161,0.223881 ± 0.103809,0.23873566189329914,0.08865968636720299,0.238736 ± 0.0886597
yolo11s,0.04,5,0.2443534401073205,0.1376843379421291,0.244353 ± 0.137684,0.2037313432835821,0.11611014619896612,0.203731 ± 0.11611,0.22131401457560465,0.12433410417894983,0.221314 ± 0.124334
yolo11s,0.05,5,0.2524033958729871,0.1417899409846352,0.252403 ± 0.14179,0.19477611940298506,0.11095336070295891,0.194776 ± 0.110953,0.21920560377085513,0.12326897269444748,0.219206 ± 0.123269
yolo11s,0.06,5,0.2535829191060774,0.1427474336361315,0.253583 ± 0.142747,0.1805970149253731,0.10179799293483276,0.180597 ± 0.101798,0.2104583124588153,0.11790252860125468,0.210458 ± 0.117903
yolo11s,0.07,5,0.2614511457796258,0.14729711526799555,0.261451 ± 0.147297,0.1753731343283582,0.09872206384569368,0.175373 ± 0.0987221,0.20953665418990175,0.1174518698116829,0.209537 ± 0.117452
yolo11s,0.08,5,0.26728669132458743,0.15033537613472034,0.267287 ± 0.150335,0.16865671641791044,0.09554716329826951,0.168657 ± 0.0955472,0.20630316721912348,0.11585952850833445,0.206303 ± 0.11586
yolo11s,0.09,5,0.2745148944896988,0.1547360584617043,0.274515 ± 0.154736,0.1656716417910448,0.09390094219904119,0.165672 ± 0.0939009,0.20623046973969647,0.11611458029781067,0.20623 ± 0.116115
yolo11s,0.1,5,0.27623931623931625,0.15489009533203624,0.276239 ± 0.15489,0.15895522388059702,0.09007929478809794,0.158955 ± 0.0900793,0.20141761336992098,0.11319492575644449,0.201418 ± 0.113195
yolo11s,0.11,5,0.27624460272988904,0.1545590405327374,0.276245 ± 0.154559,0.15373134328358207,0.08700513244604403,0.153731 ± 0.0870051,0.19725553327581893,0.11082027837421195,0.197256 ± 0.11082
yolo11s,0.12,5,0.2770637987823597,0.15530369601813093,0.277064 ± 0.155304,0.14701492537313435,0.08325161211668355,0.147015 ± 0.0832516,0.19173579992277304,0.10771656600728355,0.191736 ± 0.107717
yolo11s,0.13,5,0.2861698396108673,0.16123006931738793,0.28617 ± 0.16123,0.14402985074626867,0.08173260250003014,0.14403 ± 0.0817326,0.19126870113213695,0.1077967642323209,0.191269 ± 0.107797
yolo11s,0.14,5,0.2848347614356611,0.16117963673183208,0.284835 ± 0.16118,0.1373134328358209,0.07886297971837068,0.137313 ± 0.078863,0.1848698661158103,0.10507426388757084,0.18487 ± 0.105074
yolo11s,0.15,5,0.29182148920688816,0.16605241503909232,0.291821 ± 0.166052,0.13432835820895522,0.07678774487782343,0.134328 ± 0.0767877,0.1833327063884211,0.10378701705959038,0.183333 ± 0.103787
yolo11s,0.16,5,0.3013289512211926,0.17080932252595127,0.301329 ± 0.170809,0.13059701492537315,0.07582985609291633,0.130597 ± 0.0758299,0.18145232970372246,0.10370510360849185,0.181452 ± 0.103705
yolo11s,0.17,5,0.3014091604763149,0.17036283513320255,0.301409 ± 0.170363,0.12761194029850748,0.07408384525869088,0.127612 ± 0.0740838,0.17854890340997207,0.10195407437675726,0.178549 ± 0.101954
yolo11s,0.18,5,0.3012376947994026,0.17062295351619866,0.301238 ± 0.170623,0.1238805970149254,0.07375422631187917,0.123881 ± 0.0737542,0.17458944544150407,0.10150707388711118,0.174589 ± 0.101507
yolo11s,0.19,5,0.3032507605388961,0.1716696878391654,0.303251 ± 0.17167,0.12014925373134329,0.07111121940042744,0.120149 ± 0.0711112,0.17106655252313197,0.09902631488432576,0.171067 ± 0.0990263
yolo11s,0.2,5,0.30404781600005715,0.17204294737826092,0.304048 ± 0.172043,0.1164179104477612,0.06947717107127226,0.116418 ± 0.0694772,0.1671575296757241,0.0972586756133434,0.167158 ± 0.0972587
yolo11s,0.21,5,0.3024800259865195,0.17137699101857232,0.30248 ± 0.171377,0.11119402985074626,0.06619323057283855,0.111194 ± 0.0661932,0.16145139979108702,0.09383234217740768,0.161451 ± 0.0938323
yolo11s,0.22,5,0.30384270817523423,0.1722220782546356,0.303843 ± 0.172222,0.10671641791044777,0.06269322992310361,0.106716 ± 0.0626932,0.15678089126153935,0.09003808601092365,0.156781 ± 0.0900381
yolo11s,0.23,5,0.3049542124542125,0.17270829325959083,0.304954 ± 0.172708,0.1044776119402985,0.061764721482264355,0.104478 ± 0.0617647,0.15433800700434822,0.08890029749163139,0.154338 ± 0.0889003
yolo11s,0.24,5,0.30224195016658095,0.17153727998565166,0.302242 ± 0.171537,0.1,0.06139165395126531,0.1 ± 0.0613917,0.14859163714705584,0.08814438376199706,0.148592 ± 0.0881444
yolo11s,0.25,5,0.298316891974181,0.16908185399579506,0.298317 ± 0.169082,0.0955223880597015,0.06066158973841962,0.0955224 ± 0.0606616,0.14266144111134127,0.08683218156558284,0.142661 ± 0.0868322
yolo11s,0.26,5,0.29562974545806264,0.16669629836849484,0.29563 ± 0.166696,0.0925373134328358,0.05860703908297631,0.0925373 ± 0.058607,0.13901059859680548,0.0841635326101411,0.139011 ± 0.0841635
yolo11s,0.27,5,0.29599823320304147,0.16664538528586345,0.295998 ± 0.166645,0.0873134328358209,0.05619358387169164,0.0873134 ± 0.0561936,0.13277665476804829,0.08108900938408746,0.132777 ± 0.081089
yolo11s,0.28,5,0.29931851149433736,0.16850951673777395,0.299319 ± 0.16851,0.08432835820895522,0.05699313876155978,0.0843284 ± 0.0569931,0.12916988693076772,0.08236059126000222,0.12917 ± 0.0823606
yolo11s,0.29,5,0.3051113620678838,0.17253899237660741,0.305111 ± 0.172539,0.0828358208955224,0.05801008892058214,0.0828358 ± 0.0580101,0.12757907810855137,0.08423055513922158,0.127579 ± 0.0842306
yolo11s,0.3,5,0.3026757717907205,0.17376937511861426,0.302676 ± 0.173769,0.07985074626865672,0.058440507683400617,0.0798507 ± 0.0584405,0.12367539684815991,0.08525459566344294,0.123675 ± 0.0852546
yolo11s,0.31,5,0.30400873585706056,0.17253137357972503,0.304009 ± 0.172531,0.07761194029850746,0.05716388683141057,0.0776119 ± 0.0571639,0.12070033795351869,0.0831182698702624,0.1207 ± 0.0831183
yolo11s,0.32,5,0.30844174070500313,0.17439832838391223,0.308442 ± 0.174398,0.07537313432835821,0.056181194149598226,0.0753731 ± 0.0561812,0.11809890116559871,0.08179210888291248,0.118099 ± 0.0817921
yolo11s,0.33,5,0.30207792207792206,0.17276697782750444,0.302078 ± 0.172767,0.0708955223880597,0.05458484641167087,0.0708955 ± 0.0545848,0.1118869980568683,0.07979368311240961,0.111887 ± 0.0797937
yolo11s,0.34,5,0.29795048629531384,0.17039314259954533,0.29795 ± 0.170393,0.06716417910447761,0.05452104177687484,0.0671642 ± 0.054521,0.10637996094400104,0.07940107227189376,0.10638 ± 0.0794011
yolo11s,0.35,5,0.31376906318082787,0.18164764184434806,0.313769 ± 0.181648,0.0664179104477612,0.05511788941101988,0.0664179 ± 0.0551179,0.10609908069996705,0.08100793770713924,0.106099 ± 0.0810079
yolo11s,0.36,5,0.3251552375273305,0.18460998077433285,0.325155 ± 0.18461,0.06417910447761195,0.055307016889137285,0.0641791 ± 0.055307,0.10295950938478549,0.08138801195361509,0.10296 ± 0.081388
yolo11s,0.37,5,0.3182241317579663,0.18529171431325672,0.318224 ± 0.185292,0.059701492537313425,0.053619805459701166,0.0597015 ± 0.0536198,0.09634851480293524,0.0798838214268012,0.0963485 ± 0.0798838
yolo11s,0.38,5,0.32022477778125946,0.18635260063361134,0.320225 ± 0.186353,0.0582089552238806,0.05320272723175395,0.058209 ± 0.0532027,0.09425768073823557,0.07913887651397253,0.0942577 ± 0.0791389
yolo11s,0.39,5,0.3291871921182266,0.19208052712085863,0.329187 ± 0.192081,0.05522388059701493,0.05312416052302807,0.0552239 ± 0.0531242,0.0899110284971644,0.07881790954882409,0.089911 ± 0.0788179
yolo11s,0.4,5,0.3323229877911231,0.19159211776979249,0.332323 ± 0.191592,0.05298507462686567,0.0535808422920564,0.0529851 ± 0.0535808,0.08647991773308815,0.0799433980658875,0.0864799 ± 0.0799434
yolo11s,0.41,5,0.3549803304484658,0.20478179643997094,0.35498 ± 0.204782,0.05223880597014925,0.05381419814125357,0.0522388 ± 0.0538142,0.0852281428958219,0.08018148562394352,0.0852281 ± 0.0801815
yolo11s,0.42,5,0.40159420289855075,0.24681674277864135,0.401594 ± 0.246817,0.05,0.053398638268651696,0.05 ± 0.0533986,0.08202362658470995,0.07928254633493947,0.0820236 ± 0.0792825
yolo11s,0.43,5,0.4525,0.29267089025046544,0.4525 ± 0.292671,0.05,0.053398638268651696,0.05 ± 0.0533986,0.08244453641230065,0.07962725632680198,0.0824445 ± 0.0796273
yolo11s,0.44,5,0.46397579948141754,0.2983061419991675,0.463976 ± 0.298306,0.04850746268656716,0.05342470545998639,0.0485075 ± 0.0534247,0.08010139696185,0.07963924953745548,0.0801014 ± 0.0796392
yolo11s,0.45,5,0.4867639790437906,0.35727147353083083,0.486764 ± 0.357271,0.04402985074626865,0.054864705300635225,0.0440299 ± 0.0548647,0.0719681375864859,0.0820280965599305,0.0719681 ± 0.0820281
yolo11s,0.46,5,0.5055218855218856,0.36001907666103405,0.505522 ± 0.360019,0.04253731343283582,0.05531960239775148,0.0425373 ± 0.0553196,0.06955257142246832,0.08313177309648238,0.0695526 ± 0.0831318
yolo11s,0.47,5,0.48275862068965514,0.3556491611161426,0.482759 ± 0.355649,0.040298507462686574,0.05593282337478579,0.0402985 ± 0.0559328,0.06553454540848112,0.0842274683737213,0.0655345 ± 0.0842275
yolo11s,0.48,5,0.3147286821705426,0.30199494939844895,0.314729 ± 0.301995,0.03880597014925373,0.05500410078071886,0.038806 ± 0.0550041,0.0630745134871962,0.08349021788112675,0.0630745 ± 0.0834902
yolo11s,0.49,5,0.34539534883720935,0.34624425457918695,0.345395 ± 0.346244,0.03880597014925373,0.05500410078071886,0.038806 ± 0.0550041,0.06315626873271346,0.0835023920696319,0.0631563 ± 0.0835024
yolo11s,0.5,5,0.3825,0.41491716040674914,0.3825 ± 0.414917,0.033582089552238806,0.0529666774872328,0.0335821 ± 0.0529667,0.05459043712344571,0.08197383302037765,0.0545904 ± 0.0819738
yolo11s,0.51,5,0.382051282051282,0.4148778168242231,0.382051 ± 0.414878,0.03283582089552239,0.05139239667671982,0.0328358 ± 0.0513924,0.05365362229386628,0.08004855272110992,0.0536536 ± 0.0800486
yolo11s,0.52,5,0.3794486215538847,0.4135626936083431,0.379449 ± 0.413563,0.03208955223880597,0.051270340409903484,0.0320896 ± 0.0512703,0.052537121622992025,0.08008909387536803,0.0525371 ± 0.0800891
yolo11s,0.53,5,0.3800701754385965,0.4135681577614372,0.38007 ± 0.413568,0.03134328358208956,0.051202405650490834,0.0313433 ± 0.0512024,0.051348327111112056,0.0800327575650966,0.0513483 ± 0.0800328
yolo11s,0.54,5,0.19315315315315315,0.26688084897517816,0.193153 ± 0.266881,0.029850746268656712,0.051703009181160525,0.0298507 ± 0.051703,0.04873432107949497,0.08114893080827701,0.0487343 ± 0.0811489
yolo11s,0.55,5,0.2031531531531532,0.2832488165098248,0.203153 ± 0.283249,0.0291044776119403,0.05172993082275633,0.0291045 ± 0.0517299,0.04742690058479532,0.08104438242284827,0.0474269 ± 0.0810444
yolo11s,0.56,5,0.20493150684931508,0.28738015280057483,0.204932 ± 0.28738,0.027611940298507463,0.050172347205885405,0.0276119 ± 0.0501723,0.044996729888816214,0.07873623741898729,0.0449967 ± 0.0787362
yolo11s,0.57,5,0.20405797101449274,0.28655073050163155,0.204058 ± 0.286551,0.026119402985074626,0.046902257798419895,0.0261194 ± 0.0469023,0.043054458510343056,0.07452446711200586,0.0430545 ± 0.0745245
yolo11s,0.58,5,0.23529411764705882,0.34189199816360794,0.235294 ± 0.341892,0.026119402985074626,0.046902257798419895,0.0261194 ± 0.0469023,0.04321946169772257,0.07474638021661059,0.0432195 ± 0.0747464
yolo11s,0.59,5,0.23656716417910445,0.3427924780430515,0.236567 ± 0.342792,0.026119402985074626,0.046902257798419895,0.0261194 ± 0.0469023,0.04332251784555483,0.07496941386641955,0.0433225 ± 0.0749694
yolo11s,0.6,5,0.2545454545454545,0.37534801726924344,0.254545 ± 0.375348,0.025373134328358204,0.04700604038290604,0.0253731 ± 0.047006,0.04202980899514839,0.07525742108706485,0.0420298 ± 0.0752574
yolo11s,0.61,5,0.24615384615384617,0.3614566192144841,0.246154 ± 0.361457,0.023880597014925373,0.04551627069246838,0.0238806 ± 0.0455163,0.039494439494439496,0.07304143543836776,0.0394944 ± 0.0730414
yolo11s,0.62,5,0.244375,0.36034109275102116,0.244375 ± 0.360341,0.023134328358208955,0.043865110476673415,0.0231343 ± 0.0438651,0.03839092634273357,0.07061272631474398,0.0383909 ± 0.0706127
yolo11s,0.63,5,0.2807017543859649,0.43842101752981755,0.280702 ± 0.438421,0.020149253731343283,0.037276100727588586,0.0201493 ± 0.0372761,0.034190045248868775,0.061346132777849706,0.03419 ± 0.0613461
yolo11s,0.64,5,0.2814814814814815,0.4386974109581048,0.281481 ± 0.438697,0.01865671641791045,0.03578978748740835,0.0186567 ± 0.0357898,0.03175723682702666,0.059413167901792026,0.0317572 ± 0.0594132
yolo11s,0.65,5,0.279245283018868,0.43792286180818235,0.279245 ± 0.437923,0.017164179104477612,0.03436078935289952,0.0171642 ± 0.0343608,0.029131187262028384,0.05721832629428133,0.0291312 ± 0.0572183
yolo11s,0.66,5,0.2784313725490196,0.437654789446095,0.278431 ± 0.437655,0.01641791044776119,0.0326998541794129,0.0164179 ± 0.0326999,0.02804133286891907,0.054797383425599755,0.0280413 ± 0.0547974
yolo11s,0.67,5,0.27999999999999997,0.4381780460041329,0.28 ± 0.438178,0.015671641791044775,0.0329965536857226,0.0156716 ± 0.0329966,0.026644221551986157,0.055515458700371965,0.0266442 ± 0.0555155
yolo11s,0.68,5,0.07659574468085106,0.1712732918936009,0.0765957 ± 0.171273,0.013432835820895522,0.030036734026116577,0.0134328 ± 0.0300367,0.02285714285714286,0.0511101251999952,0.0228571 ± 0.0511101
yolo11s,0.69,5,0.07555555555555556,0.1689473582999841,0.0755556 ± 0.168947,0.012686567164179105,0.028368026580221216,0.0126866 ± 0.028368,0.021725239616613417,0.04857911261021907,0.0217252 ± 0.0485791
yolo11s,0.7,5,0.07906976744186046,0.17680537496509965,0.0790698 ± 0.176805,0.012686567164179105,0.028368026580221216,0.0126866 ± 0.028368,0.021864951768488745,0.048891518479095085,0.021865 ± 0.0488915
yolo11s,0.71,5,0.07804878048780488,0.1745223787316909,0.0780488 ± 0.174522,0.011940298507462687,0.026699319134325848,0.0119403 ± 0.0266993,0.02071197411003236,0.046313382058248066,0.020712 ± 0.0463134
yolo11s,0.72,5,0.08648648648648649,0.19338966291890075,0.0864865 ± 0.19339,0.011940298507462687,0.026699319134325848,0.0119403 ± 0.0266993,0.020983606557377046,0.04692077067540542,0.0209836 ± 0.0469208
yolo11s,0.73,5,0.09411764705882353,0.21045345670586255,0.0941176 ± 0.210453,0.011940298507462687,0.026699319134325848,0.0119403 ± 0.0266993,0.021192052980132454,0.04738687104635316,0.0211921 ± 0.0473869
yolo11s,0.74,5,0.0875,0.1956559480312316,0.0875 ± 0.195656,0.010447761194029851,0.023361904242535116,0.0104478 ± 0.0233619,0.018666666666666668,0.04173993557999608,0.0186667 ± 0.0417399
yolo11s,0.75,5,0.08666666666666667,0.19379255804998177,0.0866667 ± 0.193793,0.009701492537313432,0.02169319679663975,0.00970149 ± 0.0216932,0.0174496644295302,0.03901863584898961,0.0174497 ± 0.0390186
yolo11s,0.76,5,0.08888888888888888,0.19876159799998128,0.0888889 ± 0.198762,0.008955223880597014,0.020024489350744384,0.00895522 ± 0.0200245,0.016271186440677963,0.03638347895592878,0.0162712 ± 0.0363835
yolo11s,0.77,5,0.09565217391304348,0.21388476306519727,0.0956522 ± 0.213885,0.008208955223880597,0.018355781904849017,0.00820896 ± 0.0183558,0.015120274914089349,0.03380996254638857,0.0151203 ± 0.03381
yolo11s,0.78,5,0.1,0.22360679774997902,0.1 ± 0.223607,0.005970149253731343,0.013349659567162924,0.00597015 ± 0.0133497,0.011267605633802818,0.025195132140842704,0.0112676 ± 0.0251951
yolo11s,0.79,5,0.1,0.22360679774997902,0.1 ± 0.223607,0.0052238805970149255,0.011680952121267558,0.00522388 ± 0.011681,0.009929078014184396,0.02220209339361493,0.00992908 ± 0.0222021
yolo11s,0.8,5,0.09230769230769231,0.20640627484613444,0.0923077 ± 0.206406,0.004477611940298507,0.010012244675372192,0.00447761 ± 0.0100122,0.008540925266903915,0.01909808948754269,0.00854093 ± 0.0190981
yolo11s,0.81,5,0.09090909090909091,0.20327890704543544,0.0909091 ± 0.203279,0.003731343283582089,0.008343537229476826,0.00373134 ± 0.00834354,0.007168458781362007,0.01602916112903075,0.00716846 ± 0.0160292
yolo11s,0.82,5,0.08,0.17888543819998318,0.08 ± 0.178885,0.0029850746268656717,0.006674829783581462,0.00298507 ± 0.00667483,0.005755395683453237,0.012869455985610298,0.0057554 ± 0.0128695
yolo11s,0.83,5,0.08,0.17888543819998318,0.08 ± 0.178885,0.0014925373134328358,0.003337414891790731,0.00149254 ± 0.00333741,0.00293040293040293,0.0065525801538455376,0.0029304 ± 0.00655258
yolo11s,0.84,5,0.06666666666666667,0.14907119849998599,0.0666667 ± 0.149071,0.0007462686567164179,0.0016687074458953655,0.000746269 ± 0.00166871,0.0014760147601476014,0.003300469339483084,0.00147601 ± 0.00330047
yolo11s,0.85,5,0.1,0.22360679774997902,0.1 ± 0.223607,0.0007462686567164179,0.0016687074458953655,0.000746269 ± 0.00166871,0.0014814814814814816,0.003312693299999689,0.00148148 ± 0.00331269
yolo11s,0.86,5,0.1,0.22360679774997902,0.1 ± 0.223607,0.0007462686567164179,0.0016687074458953655,0.000746269 ± 0.00166871,0.0014814814814814816,0.003312693299999689,0.00148148 ± 0.00331269
yolo11s,0.87,5,0.2,0.44721359549995804,0.2 ± 0.447214,0.0007462686567164179,0.0016687074458953655,0.000746269 ± 0.00166871,0.001486988847583643,0.0033250081449811,0.00148699 ± 0.00332501
yolo11s,0.88,5,0.0,0.0,0 ± 0,0.0,0.0,0 ± 0,0.0,0.0,0 ± 0
yolo11s,0.89,5,0.0,0.0,0 ± 0,0.0,0.0,0 ± 0,0.0,0.0,0 ± 0
yolo11s,0.9,5,0.0,0.0,0 ± 0,0.0,0.0,0 ± 0,0.0,0.0,0 ± 0
yolo11s,0.91,5,0.0,0.0,0 ± 0,0.0,0.0,0 ± 0,0.0,0.0,0 ± 0
yolo11s,0.92,5,0.0,0.0,0 ± 0,0.0,0.0,0 ± 0,0.0,0.0,0 ± 0
yolo11s,0.93,5,0.0,0.0,0 ± 0,0.0,0.0,0 ± 0,0.0,0.0,0 ± 0
yolo11s,0.94,5,0.0,0.0,0 ± 0,0.0,0.0,0 ± 0,0.0,0.0,0 ± 0
yolo11s,0.95,5,0.0,0.0,0 ± 0,0.0,0.0,0 ± 0,0.0,0.0,0 ± 0
yolo11s,0.96,5,0.0,0.0,0 ± 0,0.0,0.0,0 ± 0,0.0,0.0,0 ± 0
yolo11s,0.97,5,0.0,0.0,0 ± 0,0.0,0.0,0 ± 0,0.0,0.0,0 ± 0
yolo11s,0.98,5,0.0,0.0,0 ± 0,0.0,0.0,0 ± 0,0.0,0.0,0 ± 0
yolo11s,0.99,5,0.0,0.0,0 ± 0,0.0,0.0,0 ± 0,0.0,0.0,0 ± 0
