detector,seed,threshold,precision,recall,f1,true_positives,false_positives,false_negatives,prediction_count,target_count
faster_rcnn,17,0.01,0.03819939768584562,0.8992537313432836,0.07328569256499924,241,6068,27,6309,268
faster_rcnn,17,0.02,0.04959930690924843,0.8544776119402985,0.09375639713408393,229,4388,39,4617,268
faster_rcnn,17,0.03,0.0581183216054209,0.832089552238806,0.10864799025578563,223,3614,45,3837,268
faster_rcnn,17,0.04,0.06439169139465875,0.8097014925373134,0.11929631665750412,217,3153,51,3370,268
faster_rcnn,17,0.05,0.06935851514164768,0.7947761194029851,0.1275831087151842,213,2858,55,3071,268
faster_rcnn,17,0.06,0.07381370826010544,0.7835820895522388,0.13491808544812076,210,2635,58,2845,268
faster_rcnn,17,0.07,0.07706837929731772,0.7611940298507462,0.13996569468267583,204,2443,64,2647,268
faster_rcnn,17,0.08,0.08096192384769539,0.753731343283582,0.14621787911690193,202,2293,66,2495,268
faster_rcnn,17,0.09,0.08512431521281079,0.753731343283582,0.1529723589549413,202,2171,66,2373,268
faster_rcnn,17,0.1,0.08943820224719101,0.7425373134328358,0.1596470116325712,199,2026,69,2225,268
faster_rcnn,17,0.11,0.0924964605946201,0.7313432835820896,0.16422287390029328,196,1923,72,2119,268
faster_rcnn,17,0.12,0.09683794466403162,0.7313432835820896,0.17102966841186734,196,1828,72,2024,268
faster_rcnn,17,0.13,0.1,0.7238805970149254,0.17572463768115942,194,1746,74,1940,268
faster_rcnn,17,0.14,0.10165864098448368,0.7089552238805971,0.1778193729527375,190,1679,78,1869,268
faster_rcnn,17,0.15,0.1040268456375839,0.6940298507462687,0.18093385214007784,186,1602,82,1788,268
faster_rcnn,17,0.16,0.10749564206856478,0.6902985074626866,0.18602312719959777,185,1536,83,1721,268
faster_rcnn,17,0.17,0.10957254665863937,0.6791044776119403,0.1886988076723691,182,1479,86,1661,268
faster_rcnn,17,0.18,0.1133250311332503,0.6791044776119403,0.1942369263607257,182,1424,86,1606,268
faster_rcnn,17,0.19,0.11483870967741935,0.664179104477612,0.19581958195819582,178,1372,90,1550,268
faster_rcnn,17,0.2,0.11553784860557768,0.6492537313432836,0.19616685456595265,174,1332,94,1506,268
faster_rcnn,17,0.21,0.11885245901639344,0.6492537313432836,0.20092378752886836,174,1290,94,1464,268
faster_rcnn,17,0.22,0.1227080394922426,0.6492537313432836,0.20640569395017794,174,1244,94,1418,268
faster_rcnn,17,0.23,0.12563543936092955,0.6455223880597015,0.21033434650455926,173,1204,95,1377,268
faster_rcnn,17,0.24,0.12872023809523808,0.6455223880597015,0.21464019851116625,173,1171,95,1344,268
faster_rcnn,17,0.25,0.13165905631659056,0.6455223880597015,0.21871049304677623,173,1141,95,1314,268
faster_rcnn,17,0.26,0.13469068128425998,0.6417910447761194,0.2226537216828479,172,1105,96,1277,268
faster_rcnn,17,0.27,0.13734939759036144,0.6380597014925373,0.2260409781890284,171,1074,97,1245,268
faster_rcnn,17,0.28,0.13920922570016475,0.6305970149253731,0.2280701754385965,169,1045,99,1214,268
faster_rcnn,17,0.29,0.14069081718618365,0.6231343283582089,0.22955326460481099,167,1020,101,1187,268
faster_rcnn,17,0.3,0.1444636678200692,0.6231343283582089,0.23455056179775277,167,989,101,1156,268
faster_rcnn,17,0.31,0.148576512455516,0.6231343283582089,0.23994252873563218,167,957,101,1124,268
faster_rcnn,17,0.32,0.15243342516069788,0.6194029850746269,0.24465733235077375,166,923,102,1089,268
faster_rcnn,17,0.33,0.15515610217596973,0.6119402985074627,0.24754716981132077,164,893,104,1057,268
faster_rcnn,17,0.34,0.1583011583011583,0.6119402985074627,0.25153374233128833,164,872,104,1036,268
faster_rcnn,17,0.35,0.16237623762376238,0.6119402985074627,0.2566510172143975,164,846,104,1010,268
faster_rcnn,17,0.36,0.16414904330312186,0.6082089552238806,0.25852498017446474,163,830,105,993,268
faster_rcnn,17,0.37,0.16597938144329896,0.6007462686567164,0.26009693053311794,161,809,107,970,268
faster_rcnn,17,0.38,0.16790648246546228,0.5895522388059702,0.261373035566584,158,783,110,941,268
faster_rcnn,17,0.39,0.17139737991266377,0.585820895522388,0.2652027027027027,157,759,111,916,268
faster_rcnn,17,0.4,0.17541899441340783,0.585820895522388,0.26999140154772144,157,738,111,895,268
faster_rcnn,17,0.41,0.17775229357798164,0.5783582089552238,0.2719298245614035,155,717,113,872,268
faster_rcnn,17,0.42,0.18138987043580684,0.5746268656716418,0.27573858549686664,154,695,114,849,268
faster_rcnn,17,0.43,0.18446601941747573,0.5671641791044776,0.2783882783882784,152,672,116,824,268
faster_rcnn,17,0.44,0.19041614123581338,0.5634328358208955,0.2846371347785108,151,642,117,793,268
faster_rcnn,17,0.45,0.18992248062015504,0.5485074626865671,0.2821497120921305,147,627,121,774,268
faster_rcnn,17,0.46,0.1931216931216931,0.5447761194029851,0.28515625,146,610,122,756,268
faster_rcnn,17,0.47,0.19674355495251017,0.5410447761194029,0.2885572139303482,145,592,123,737,268
faster_rcnn,17,0.48,0.20084269662921347,0.5335820895522388,0.29183673469387755,143,569,125,712,268
faster_rcnn,17,0.49,0.20399429386590584,0.5335820895522388,0.2951496388028896,143,558,125,701,268
faster_rcnn,17,0.5,0.20845481049562684,0.5335820895522388,0.29979035639413,143,543,125,686,268
faster_rcnn,17,0.51,0.2147147147147147,0.5335820895522388,0.30620985010706636,143,523,125,666,268
faster_rcnn,17,0.52,0.2196620583717358,0.5335820895522388,0.3112078346028292,143,508,125,651,268
faster_rcnn,17,0.53,0.22082018927444794,0.5223880597014925,0.31042128603104213,140,494,128,634,268
faster_rcnn,17,0.54,0.22294022617124395,0.5149253731343284,0.3111612175873732,138,481,130,619,268
faster_rcnn,17,0.55,0.22277227722772278,0.503731343283582,0.30892448512585813,135,471,133,606,268
faster_rcnn,17,0.56,0.22508591065292097,0.48880597014925375,0.30823529411764705,131,451,137,582,268
faster_rcnn,17,0.57,0.22614840989399293,0.47761194029850745,0.3069544364508393,128,438,140,566,268
faster_rcnn,17,0.58,0.23161764705882354,0.4701492537313433,0.31034482758620696,126,418,142,544,268
faster_rcnn,17,0.59,0.2376425855513308,0.4664179104477612,0.3148614609571788,125,401,143,526,268
faster_rcnn,17,0.6,0.24055666003976142,0.45149253731343286,0.3138780804150454,121,382,147,503,268
faster_rcnn,17,0.61,0.24688796680497926,0.44402985074626866,0.3173333333333333,119,363,149,482,268
faster_rcnn,17,0.62,0.2526997840172786,0.43656716417910446,0.32010943912448697,117,346,151,463,268
faster_rcnn,17,0.63,0.2635135135135135,0.43656716417910446,0.3286516853932584,117,327,151,444,268
faster_rcnn,17,0.64,0.2652582159624413,0.4216417910447761,0.3256484149855908,113,313,155,426,268
faster_rcnn,17,0.65,0.26968973747016706,0.4216417910447761,0.32896652110625907,113,306,155,419,268
faster_rcnn,17,0.66,0.27680798004987534,0.4141791044776119,0.33183856502242154,111,290,157,401,268
faster_rcnn,17,0.67,0.2917771883289125,0.41044776119402987,0.34108527131782945,110,267,158,377,268
faster_rcnn,17,0.68,0.29315068493150687,0.39925373134328357,0.33807266982622436,107,258,161,365,268
faster_rcnn,17,0.69,0.29545454545454547,0.3880597014925373,0.33548387096774196,104,248,164,352,268
faster_rcnn,17,0.7,0.2997032640949555,0.376865671641791,0.3338842975206611,101,236,167,337,268
faster_rcnn,17,0.71,0.3028391167192429,0.3582089552238806,0.3282051282051282,96,221,172,317,268
faster_rcnn,17,0.72,0.30718954248366015,0.35074626865671643,0.3275261324041812,94,212,174,306,268
faster_rcnn,17,0.73,0.3192982456140351,0.33955223880597013,0.32911392405063294,91,194,177,285,268
faster_rcnn,17,0.74,0.332089552238806,0.332089552238806,0.332089552238806,89,179,179,268,268
faster_rcnn,17,0.75,0.3441295546558704,0.31716417910447764,0.3300970873786408,85,162,183,247,268
faster_rcnn,17,0.76,0.3672566371681416,0.30970149253731344,0.3360323886639676,83,143,185,226,268
faster_rcnn,17,0.77,0.3932038834951456,0.30223880597014924,0.34177215189873417,81,125,187,206,268
faster_rcnn,17,0.78,0.4175824175824176,0.2835820895522388,0.3377777777777778,76,106,192,182,268
faster_rcnn,17,0.79,0.4620253164556962,0.27238805970149255,0.34272300469483574,73,85,195,158,268
faster_rcnn,17,0.8,0.47586206896551725,0.2574626865671642,0.33414043583535114,69,76,199,145,268
faster_rcnn,17,0.81,0.4883720930232558,0.23507462686567165,0.31738035264483627,63,66,205,129,268
faster_rcnn,17,0.82,0.5,0.2126865671641791,0.29842931937172773,57,57,211,114,268
faster_rcnn,17,0.83,0.5376344086021505,0.1865671641791045,0.2770083102493075,50,43,218,93,268
faster_rcnn,17,0.84,0.5921052631578947,0.16791044776119404,0.2616279069767442,45,31,223,76,268
faster_rcnn,17,0.85,0.6212121212121212,0.15298507462686567,0.24550898203592816,41,25,227,66,268
faster_rcnn,17,0.86,0.66,0.12313432835820895,0.20754716981132074,33,17,235,50,268
faster_rcnn,17,0.87,0.6666666666666666,0.1044776119402985,0.18064516129032257,28,14,240,42,268
faster_rcnn,17,0.88,0.6451612903225806,0.07462686567164178,0.13377926421404682,20,11,248,31,268
faster_rcnn,17,0.89,0.7391304347826086,0.06343283582089553,0.11683848797250859,17,6,251,23,268
faster_rcnn,17,0.9,0.7777777777777778,0.05223880597014925,0.0979020979020979,14,4,254,18,268
faster_rcnn,17,0.91,1.0,0.014925373134328358,0.029411764705882353,4,0,264,4,268
faster_rcnn,17,0.92,1.0,0.007462686567164179,0.014814814814814815,2,0,266,2,268
faster_rcnn,17,0.93,1.0,0.007462686567164179,0.014814814814814815,2,0,266,2,268
faster_rcnn,17,0.94,0.0,0.0,0.0,0,0,268,0,268
faster_rcnn,17,0.95,0.0,0.0,0.0,0,0,268,0,268
faster_rcnn,17,0.96,0.0,0.0,0.0,0,0,268,0,268
faster_rcnn,17,0.97,0.0,0.0,0.0,0,0,268,0,268
faster_rcnn,17,0.98,0.0,0.0,0.0,0,0,268,0,268
faster_rcnn,17,0.99,0.0,0.0,0.0,0,0,268,0,268
faster_rcnn,42,0.01,0.07957153787299158,0.7761194029850746,0.14434420541290768,208,2406,60,2614,268
faster_rcnn,42,0.02,0.09879638916750251,0.7350746268656716,0.17418213969938107,197,1797,71,1994,268
faster_rcnn,42,0.03,0.1100811123986095,0.7089552238805971,0.1905717151454363,190,1536,78,1726,268
faster_rcnn,42,0.04,0.119140625,0.6828358208955224,0.20288248337028825,183,1353,85,1536,268
faster_rcnn,42,0.05,0.12771929824561404,0.6791044776119403,0.21500295333727115,182,1243,86,1425,268
faster_rcnn,42,0.06,0.13413715146948002,0.664179104477612,0.22319749216300938,178,1149,90,1327,268
faster_rcnn,42,0.07,0.14147130153597412,0.6529850746268657,0.23255813953488372,175,1062,93,1237,268
faster_rcnn,42,0.08,0.14648602878916173,0.6455223880597015,0.23878536922015184,173,1008,95,1181,268
faster_rcnn,42,0.09,0.15132743362831858,0.6380597014925373,0.2446351931330472,171,959,97,1130,268
faster_rcnn,42,0.1,0.15648148148148147,0.6305970149253731,0.2507418397626113,169,911,99,1080,268
faster_rcnn,42,0.11,0.1606969990319458,0.6194029850746269,0.25518831667947733,166,867,102,1033,268
faster_rcnn,42,0.12,0.16467065868263472,0.6156716417910447,0.25984251968503935,165,837,103,1002,268
faster_rcnn,42,0.13,0.1692466460268318,0.6119402985074627,0.2651576394502829,164,805,104,969,268
faster_rcnn,42,0.14,0.1764069264069264,0.6082089552238806,0.273489932885906,163,761,105,924,268
faster_rcnn,42,0.15,0.18131256952169078,0.6082089552238806,0.2793487574978578,163,736,105,899,268
faster_rcnn,42,0.16,0.18501702610669693,0.6082089552238806,0.28372497824194953,163,718,105,881,268
faster_rcnn,42,0.17,0.1899179366940211,0.6044776119402985,0.28902765388046386,162,691,106,853,268
faster_rcnn,42,0.18,0.19110576923076922,0.5932835820895522,0.28909090909090907,159,673,109,832,268
faster_rcnn,42,0.19,0.1941031941031941,0.5895522388059702,0.2920517560073937,158,656,110,814,268
faster_rcnn,42,0.2,0.19674185463659147,0.585820895522388,0.2945590994371482,157,641,111,798,268
faster_rcnn,42,0.21,0.20051085568326948,0.585820895522388,0.2987630827783064,157,626,111,783,268
faster_rcnn,42,0.22,0.2046936114732725,0.585820895522388,0.3033816425120773,157,610,111,767,268
faster_rcnn,42,0.23,0.20712401055408972,0.585820895522388,0.30604288499025345,157,601,111,758,268
faster_rcnn,42,0.24,0.20855614973262032,0.582089552238806,0.3070866141732283,156,592,112,748,268
faster_rcnn,42,0.25,0.21282401091405184,0.582089552238806,0.3116883116883117,156,577,112,733,268
faster_rcnn,42,0.26,0.21636615811373092,0.582089552238806,0.3154701718907988,156,565,112,721,268
faster_rcnn,42,0.27,0.22033898305084745,0.582089552238806,0.319672131147541,156,552,112,708,268
faster_rcnn,42,0.28,0.22286541244573083,0.5746268656716418,0.32116788321167883,154,537,114,691,268
faster_rcnn,42,0.29,0.22481751824817517,0.5746268656716418,0.3231899265477439,154,531,114,685,268
faster_rcnn,42,0.3,0.22633136094674555,0.5708955223880597,0.3241525423728813,153,523,115,676,268
faster_rcnn,42,0.31,0.22904191616766467,0.5708955223880597,0.3269230769230769,153,515,115,668,268
faster_rcnn,42,0.32,0.22796352583586627,0.5597014925373134,0.3239740820734341,150,508,118,658,268
faster_rcnn,42,0.33,0.23148148148148148,0.5597014925373134,0.3275109170305676,150,498,118,648,268
faster_rcnn,42,0.34,0.23307086614173228,0.5522388059701493,0.32779623477297903,148,487,120,635,268
faster_rcnn,42,0.35,0.23434991974317818,0.5447761194029851,0.32772166105499434,146,477,122,623,268
faster_rcnn,42,0.36,0.23880597014925373,0.5373134328358209,0.33065442020665897,144,459,124,603,268
faster_rcnn,42,0.37,0.23857868020304568,0.5261194029850746,0.3282887077997672,141,450,127,591,268
faster_rcnn,42,0.38,0.24143835616438356,0.5261194029850746,0.3309859154929577,141,443,127,584,268
faster_rcnn,42,0.39,0.24518388791593695,0.5223880597014925,0.33373063170441003,140,431,128,571,268
faster_rcnn,42,0.4,0.24866785079928952,0.5223880597014925,0.3369434416365824,140,423,128,563,268
faster_rcnn,42,0.41,0.2495511669658887,0.5186567164179104,0.33696969696969703,139,418,129,557,268
faster_rcnn,42,0.42,0.25318761384335153,0.5186567164179104,0.3402692778457772,139,410,129,549,268
faster_rcnn,42,0.43,0.2598870056497175,0.5149253731343284,0.3454317897371714,138,393,130,531,268
faster_rcnn,42,0.44,0.26145038167938933,0.5111940298507462,0.3459595959595959,137,387,131,524,268
faster_rcnn,42,0.45,0.26346153846153847,0.5111940298507462,0.3477157360406092,137,383,131,520,268
faster_rcnn,42,0.46,0.26666666666666666,0.5074626865671642,0.3496143958868894,136,374,132,510,268
faster_rcnn,42,0.47,0.272,0.5074626865671642,0.3541666666666667,136,364,132,500,268
faster_rcnn,42,0.48,0.2738336713995943,0.503731343283582,0.354796320630749,135,358,133,493,268
faster_rcnn,42,0.49,0.2774327122153209,0.5,0.35685752330226367,134,349,134,483,268
faster_rcnn,42,0.5,0.27708333333333335,0.4962686567164179,0.3556149732620321,133,347,135,480,268
faster_rcnn,42,0.51,0.2802547770700637,0.4925373134328358,0.3572395128552097,132,339,136,471,268
faster_rcnn,42,0.52,0.2838709677419355,0.4925373134328358,0.3601637107776262,132,333,136,465,268
faster_rcnn,42,0.53,0.2891832229580574,0.48880597014925375,0.3633841886269071,131,322,137,453,268
faster_rcnn,42,0.54,0.28893905191873587,0.47761194029850745,0.360056258790436,128,315,140,443,268
faster_rcnn,42,0.55,0.2926267281105991,0.47388059701492535,0.3618233618233618,127,307,141,434,268
faster_rcnn,42,0.56,0.29205607476635514,0.4664179104477612,0.3591954022988506,125,303,143,428,268
faster_rcnn,42,0.57,0.2938388625592417,0.4626865671641791,0.35942028985507246,124,298,144,422,268
faster_rcnn,42,0.58,0.2949640287769784,0.458955223880597,0.3591240875912408,123,294,145,417,268
faster_rcnn,42,0.59,0.2951219512195122,0.45149253731343286,0.35693215339233036,121,289,147,410,268
faster_rcnn,42,0.6,0.29802955665024633,0.45149253731343286,0.35905044510385764,121,285,147,406,268
faster_rcnn,42,0.61,0.30788804071246817,0.45149253731343286,0.36611195158850224,121,272,147,393,268
faster_rcnn,42,0.62,0.31088082901554404,0.44776119402985076,0.36697247706422026,120,266,148,386,268
faster_rcnn,42,0.63,0.31496062992125984,0.44776119402985076,0.3697996918335901,120,261,148,381,268
faster_rcnn,42,0.64,0.3163538873994638,0.44029850746268656,0.36817472698907955,118,255,150,373,268
faster_rcnn,42,0.65,0.31666666666666665,0.4253731343283582,0.3630573248407643,114,246,154,360,268
faster_rcnn,42,0.66,0.3256484149855908,0.4216417910447761,0.3674796747967479,113,234,155,347,268
faster_rcnn,42,0.67,0.3264705882352941,0.4141791044776119,0.3651315789473684,111,229,157,340,268
faster_rcnn,42,0.68,0.32934131736526945,0.41044776119402987,0.3654485049833887,110,224,158,334,268
faster_rcnn,42,0.69,0.32926829268292684,0.40298507462686567,0.3624161073825503,108,220,160,328,268
faster_rcnn,42,0.7,0.3333333333333333,0.39925373134328357,0.3633276740237691,107,214,161,321,268
faster_rcnn,42,0.71,0.3366013071895425,0.3843283582089552,0.3588850174216028,103,203,165,306,268
faster_rcnn,42,0.72,0.33783783783783783,0.373134328358209,0.35460992907801414,100,196,168,296,268
faster_rcnn,42,0.73,0.352112676056338,0.373134328358209,0.3623188405797102,100,184,168,284,268
faster_rcnn,42,0.74,0.3602941176470588,0.3656716417910448,0.36296296296296293,98,174,170,272,268
faster_rcnn,42,0.75,0.36704119850187267,0.3656716417910448,0.3663551401869159,98,169,170,267,268
faster_rcnn,42,0.76,0.36470588235294116,0.34701492537313433,0.35564053537284895,93,162,175,255,268
faster_rcnn,42,0.77,0.38493723849372385,0.34328358208955223,0.3629191321499014,92,147,176,239,268
faster_rcnn,42,0.78,0.38839285714285715,0.3246268656716418,0.35365853658536583,87,137,181,224,268
faster_rcnn,42,0.79,0.39436619718309857,0.31343283582089554,0.3492723492723493,84,129,184,213,268
faster_rcnn,42,0.8,0.405,0.30223880597014924,0.34615384615384615,81,119,187,200,268
faster_rcnn,42,0.81,0.43169398907103823,0.2947761194029851,0.3503325942350333,79,104,189,183,268
faster_rcnn,42,0.82,0.45348837209302323,0.291044776119403,0.35454545454545455,78,94,190,172,268
faster_rcnn,42,0.83,0.4691358024691358,0.2835820895522388,0.3534883720930232,76,86,192,162,268
faster_rcnn,42,0.84,0.4838709677419355,0.2798507462686567,0.35460992907801414,75,80,193,155,268
faster_rcnn,42,0.85,0.5072463768115942,0.26119402985074625,0.3448275862068966,70,68,198,138,268
faster_rcnn,42,0.86,0.5307692307692308,0.2574626865671642,0.3467336683417086,69,61,199,130,268
faster_rcnn,42,0.87,0.5272727272727272,0.21641791044776118,0.30687830687830686,58,52,210,110,268
faster_rcnn,42,0.88,0.5510204081632653,0.20149253731343283,0.29508196721311475,54,44,214,98,268
faster_rcnn,42,0.89,0.5666666666666667,0.19029850746268656,0.2849162011173184,51,39,217,90,268
faster_rcnn,42,0.9,0.5584415584415584,0.16044776119402984,0.24927536231884057,43,34,225,77,268
faster_rcnn,42,0.91,0.6029411764705882,0.15298507462686567,0.24404761904761907,41,27,227,68,268
faster_rcnn,42,0.92,0.64,0.11940298507462686,0.2012578616352201,32,18,236,50,268
faster_rcnn,42,0.93,0.6829268292682927,0.1044776119402985,0.18122977346278318,28,13,240,41,268
faster_rcnn,42,0.94,0.5769230769230769,0.055970149253731345,0.10204081632653061,15,11,253,26,268
faster_rcnn,42,0.95,0.5625,0.033582089552238806,0.06338028169014084,9,7,259,16,268
faster_rcnn,42,0.96,0.7142857142857143,0.018656716417910446,0.03636363636363636,5,2,263,7,268
faster_rcnn,42,0.97,0.6666666666666666,0.007462686567164179,0.014760147601476014,2,1,266,3,268
faster_rcnn,42,0.98,0.0,0.0,0.0,0,0,268,0,268
faster_rcnn,42,0.99,0.0,0.0,0.0,0,0,268,0,268
faster_rcnn,137,0.01,0.03201837341259119,0.8843283582089553,0.06179921773142113,237,7165,31,7402,268
faster_rcnn,137,0.02,0.04386473429951691,0.8470149253731343,0.08340988425500644,227,4948,41,5175,268
faster_rcnn,137,0.03,0.05286759499645976,0.835820895522388,0.09944506104328524,224,4013,44,4237,268
faster_rcnn,137,0.04,0.060498220640569395,0.8246268656716418,0.1127263453200714,221,3432,47,3653,268
faster_rcnn,137,0.05,0.0672988681553992,0.8208955223880597,0.12439920836867402,220,3049,48,3269,268
faster_rcnn,137,0.06,0.07252673796791444,0.8097014925373134,0.13312883435582823,217,2775,51,2992,268
faster_rcnn,137,0.07,0.0755877034358047,0.7798507462686567,0.13781734256511705,209,2556,59,2765,268
faster_rcnn,137,0.08,0.08103916246607212,0.7798507462686567,0.146821215314366,209,2370,59,2579,268
faster_rcnn,137,0.09,0.0861781848459617,0.7723880597014925,0.15505617977528088,207,2195,61,2402,268
faster_rcnn,137,0.1,0.09127159946832078,0.7686567164179104,0.16316831683168315,206,2051,62,2257,268
faster_rcnn,137,0.11,0.09437470943747095,0.7574626865671642,0.16783794956593634,203,1948,65,2151,268
faster_rcnn,137,0.12,0.0987229862475442,0.75,0.17447916666666666,201,1835,67,2036,268
faster_rcnn,137,0.13,0.10247167868177137,0.7425373134328358,0.18009049773755656,199,1743,69,1942,268
faster_rcnn,137,0.14,0.1045016077170418,0.7276119402985075,0.18275538894095597,195,1671,73,1866,268
faster_rcnn,137,0.15,0.10724156992813709,0.7238805970149254,0.18680789600385173,194,1615,74,1809,268
faster_rcnn,137,0.16,0.1103448275862069,0.7164179104477612,0.19123505976095617,192,1548,76,1740,268
faster_rcnn,137,0.17,0.11455847255369929,0.7164179104477612,0.19753086419753085,192,1484,76,1676,268
faster_rcnn,137,0.18,0.1184863523573201,0.7126865671641791,0.20319148936170212,191,1421,77,1612,268
faster_rcnn,137,0.19,0.12148337595907928,0.7089552238805971,0.20742358078602618,190,1374,78,1564,268
faster_rcnn,137,0.2,0.12558139534883722,0.7052238805970149,0.2131979695431472,189,1316,79,1505,268
faster_rcnn,137,0.21,0.12843406593406592,0.6977611940298507,0.21693735498839906,187,1269,81,1456,268
faster_rcnn,137,0.22,0.1316348195329087,0.6940298507462687,0.22129684711481262,186,1227,82,1413,268
faster_rcnn,137,0.23,0.13582966226138032,0.6902985074626866,0.2269938650306748,185,1177,83,1362,268
faster_rcnn,137,0.24,0.13971146545178437,0.6865671641791045,0.23217665615141955,184,1133,84,1317,268
faster_rcnn,137,0.25,0.1431906614785992,0.6865671641791045,0.23696072118480363,184,1101,84,1285,268
faster_rcnn,137,0.26,0.14779116465863454,0.6865671641791045,0.24322538003965632,184,1061,84,1245,268
faster_rcnn,137,0.27,0.15199335548172757,0.6828358208955224,0.24864130434782608,183,1021,85,1204,268
faster_rcnn,137,0.28,0.15483319076133448,0.6753731343283582,0.25191370911621436,181,988,87,1169,268
faster_rcnn,137,0.29,0.15947136563876652,0.6753731343283582,0.2580185317177477,181,954,87,1135,268
faster_rcnn,137,0.3,0.1615523465703971,0.667910447761194,0.2601744186046511,179,929,89,1108,268
faster_rcnn,137,0.31,0.16356877323420074,0.6567164179104478,0.2619047619047619,176,900,92,1076,268
faster_rcnn,137,0.32,0.1657088122605364,0.6455223880597015,0.26371951219512196,173,871,95,1044,268
faster_rcnn,137,0.33,0.1708043694141013,0.6417910447761194,0.2698039215686275,172,835,96,1007,268
faster_rcnn,137,0.34,0.1746192893401015,0.6417910447761194,0.2745411013567438,172,813,96,985,268
faster_rcnn,137,0.35,0.17752100840336135,0.6305970149253731,0.27704918032786885,169,783,99,952,268
faster_rcnn,137,0.36,0.18023887079261672,0.6194029850746269,0.27922624053826745,166,755,102,921,268
faster_rcnn,137,0.37,0.18394648829431437,0.6156716417910447,0.2832618025751073,165,732,103,897,268
faster_rcnn,137,0.38,0.18922018348623854,0.6156716417910447,0.2894736842105263,165,707,103,872,268
faster_rcnn,137,0.39,0.19572953736654805,0.6156716417910447,0.297029702970297,165,678,103,843,268
faster_rcnn,137,0.4,0.19975490196078433,0.6082089552238806,0.3007380073800738,163,653,105,816,268
faster_rcnn,137,0.41,0.2058080808080808,0.6082089552238806,0.3075471698113208,163,629,105,792,268
faster_rcnn,137,0.42,0.2079589216944801,0.6044776119402985,0.3094555873925502,162,617,106,779,268
faster_rcnn,137,0.43,0.21324503311258278,0.6007462686567164,0.31476050830889535,161,594,107,755,268
faster_rcnn,137,0.44,0.21828103683492497,0.5970149253731343,0.3196803196803197,160,573,108,733,268
faster_rcnn,137,0.45,0.22346368715083798,0.5970149253731343,0.32520325203252026,160,556,108,716,268
faster_rcnn,137,0.46,0.2246065808297568,0.585820895522388,0.3247156153050672,157,542,111,699,268
faster_rcnn,137,0.47,0.22941176470588234,0.582089552238806,0.32911392405063294,156,524,112,680,268
faster_rcnn,137,0.48,0.23323170731707318,0.5708955223880597,0.33116883116883117,153,503,115,656,268
faster_rcnn,137,0.49,0.2368839427662957,0.5559701492537313,0.3322185061315496,149,480,119,629,268
faster_rcnn,137,0.5,0.23739837398373984,0.5447761194029851,0.3306908267270668,146,469,122,615,268
faster_rcnn,137,0.51,0.2461799660441426,0.5410447761194029,0.338389731621937,145,444,123,589,268
faster_rcnn,137,0.52,0.2429078014184397,0.5111940298507462,0.3293269230769231,137,427,131,564,268
faster_rcnn,137,0.53,0.24953789279112754,0.503731343283582,0.33374536464771326,135,406,133,541,268
faster_rcnn,137,0.54,0.2596899224806202,0.5,0.34183673469387754,134,382,134,516,268
faster_rcnn,137,0.55,0.27010309278350514,0.48880597014925375,0.34794156706507307,131,354,137,485,268
faster_rcnn,137,0.56,0.274468085106383,0.48134328358208955,0.34959349593495936,129,341,139,470,268
faster_rcnn,137,0.57,0.28159645232815966,0.47388059701492535,0.3532684283727399,127,324,141,451,268
faster_rcnn,137,0.58,0.2917647058823529,0.4626865671641791,0.3578643578643579,124,301,144,425,268
faster_rcnn,137,0.59,0.30049261083743845,0.4552238805970149,0.3620178041543026,122,284,146,406,268
faster_rcnn,137,0.6,0.3103448275862069,0.43656716417910446,0.3627906976744186,117,260,151,377,268
faster_rcnn,137,0.61,0.31741573033707865,0.4216417910447761,0.36217948717948717,113,243,155,356,268
faster_rcnn,137,0.62,0.3274336283185841,0.4141791044776119,0.3657331136738056,111,228,157,339,268
faster_rcnn,137,0.63,0.3408360128617363,0.39552238805970147,0.3661485319516407,106,205,162,311,268
faster_rcnn,137,0.64,0.3519163763066202,0.376865671641791,0.36396396396396397,101,186,167,287,268
faster_rcnn,137,0.65,0.3716475095785441,0.3619402985074627,0.36672967863894146,97,164,171,261,268
faster_rcnn,137,0.66,0.37916666666666665,0.33955223880597013,0.35826771653543305,91,149,177,240,268
faster_rcnn,137,0.67,0.3918918918918919,0.3246268656716418,0.3551020408163265,87,135,181,222,268
faster_rcnn,137,0.68,0.4175257731958763,0.30223880597014924,0.3506493506493506,81,113,187,194,268
faster_rcnn,137,0.69,0.43820224719101125,0.291044776119403,0.34977578475336324,78,100,190,178,268
faster_rcnn,137,0.7,0.4563758389261745,0.2537313432835821,0.32613908872901676,68,81,200,149,268
faster_rcnn,137,0.71,0.488,0.22761194029850745,0.3104325699745547,61,64,207,125,268
faster_rcnn,137,0.72,0.5384615384615384,0.208955223880597,0.30107526881720426,56,48,212,104,268
faster_rcnn,137,0.73,0.5909090909090909,0.19402985074626866,0.29213483146067415,52,36,216,88,268
faster_rcnn,137,0.74,0.5921052631578947,0.16791044776119404,0.2616279069767442,45,31,223,76,268
faster_rcnn,137,0.75,0.6226415094339622,0.12313432835820895,0.205607476635514,33,20,235,53,268
faster_rcnn,137,0.76,0.7105263157894737,0.10074626865671642,0.17647058823529413,27,11,241,38,268
faster_rcnn,137,0.77,0.6666666666666666,0.05970149253731343,0.10958904109589042,16,8,252,24,268
faster_rcnn,137,0.78,0.8125,0.048507462686567165,0.09154929577464789,13,3,255,16,268
faster_rcnn,137,0.79,0.8333333333333334,0.03731343283582089,0.07142857142857142,10,2,258,12,268
faster_rcnn,137,0.8,0.75,0.011194029850746268,0.022058823529411766,3,1,265,4,268
faster_rcnn,137,0.81,1.0,0.0037313432835820895,0.007434944237918215,1,0,267,1,268
faster_rcnn,137,0.82,0.0,0.0,0.0,0,0,268,0,268
faster_rcnn,137,0.83,0.0,0.0,0.0,0,0,268,0,268
faster_rcnn,137,0.84,0.0,0.0,0.0,0,0,268,0,268
faster_rcnn,137,0.85,0.0,0.0,0.0,0,0,268,0,268
faster_rcnn,137,0.86,0.0,0.0,0.0,0,0,268,0,268
faster_rcnn,137,0.87,0.0,0.0,0.0,0,0,268,0,268
faster_rcnn,137,0.88,0.0,0.0,0.0,0,0,268,0,268
faster_rcnn,137,0.89,0.0,0.0,0.0,0,0,268,0,268
faster_rcnn,137,0.9,0.0,0.0,0.0,0,0,268,0,268
faster_rcnn,137,0.91,0.0,0.0,0.0,0,0,268,0,268
faster_rcnn,137,0.92,0.0,0.0,0.0,0,0,268,0,268
faster_rcnn,137,0.93,0.0,0.0,0.0,0,0,268,0,268
faster_rcnn,137,0.94,0.0,0.0,0.0,0,0,268,0,268
faster_rcnn,137,0.95,0.0,0.0,0.0,0,0,268,0,268
faster_rcnn,137,0.96,0.0,0.0,0.0,0,0,268,0,268
faster_rcnn,137,0.97,0.0,0.0,0.0,0,0,268,0,268
faster_rcnn,137,0.98,0.0,0.0,0.0,0,0,268,0,268
faster_rcnn,137,0.99,0.0,0.0,0.0,0,0,268,0,268
faster_rcnn,271,0.01,0.09259259259259259,0.746268656716418,0.16474464579901155,200,1960,68,2160,268
faster_rcnn,271,0.02,0.11494252873563218,0.7089552238805971,0.19781363872982824,190,1463,78,1653,268
faster_rcnn,271,0.03,0.1304649548924358,0.7014925373134329,0.22001170275014628,188,1253,80,1441,268
faster_rcnn,271,0.04,0.14274509803921567,0.6791044776119403,0.23590408295528192,182,1093,86,1275,268
faster_rcnn,271,0.05,0.14949324324324326,0.6604477611940298,0.243801652892562,177,1007,91,1184,268
faster_rcnn,271,0.06,0.16010978956999086,0.6529850746268657,0.2571638501102131,175,918,93,1093,268
faster_rcnn,271,0.07,0.16650148662041625,0.6268656716417911,0.26311667971808933,168,841,100,1009,268
faster_rcnn,271,0.08,0.1746031746031746,0.6156716417910447,0.2720527617477329,165,780,103,945,268
faster_rcnn,271,0.09,0.1796276013143483,0.6119402985074627,0.2777307366638442,164,749,104,913,268
faster_rcnn,271,0.1,0.18484500574052812,0.6007462686567164,0.28270412642669007,161,710,107,871,268
faster_rcnn,271,0.11,0.1919805589307412,0.5895522388059702,0.28964252978918426,158,665,110,823,268
faster_rcnn,271,0.12,0.19622641509433963,0.582089552238806,0.29350893697083724,156,639,112,795,268
faster_rcnn,271,0.13,0.19974226804123713,0.5783582089552238,0.29693486590038315,155,621,113,776,268
faster_rcnn,271,0.14,0.20505992010652463,0.5746268656716418,0.30225711481844947,154,597,114,751,268
faster_rcnn,271,0.15,0.20923913043478262,0.5746268656716418,0.30677290836653387,154,582,114,736,268
faster_rcnn,271,0.16,0.21549295774647886,0.5708955223880597,0.31288343558282206,153,557,115,710,268
faster_rcnn,271,0.17,0.2177650429799427,0.5671641791044776,0.3146997929606625,152,546,116,698,268
faster_rcnn,271,0.18,0.2235294117647059,0.5671641791044776,0.3206751054852321,152,528,116,680,268
faster_rcnn,271,0.19,0.2313546423135464,0.5671641791044776,0.3286486486486486,152,505,116,657,268
faster_rcnn,271,0.2,0.2317262830482115,0.5559701492537313,0.3271130625686059,149,494,119,643,268
faster_rcnn,271,0.21,0.23285486443381181,0.5447761194029851,0.32625698324022345,146,481,122,627,268
faster_rcnn,271,0.22,0.23311897106109325,0.5410447761194029,0.32584269662921345,145,477,123,622,268
faster_rcnn,271,0.23,0.23714759535655058,0.5335820895522388,0.32835820895522383,143,460,125,603,268
faster_rcnn,271,0.24,0.24027072758037224,0.5298507462686567,0.3306169965075669,142,449,126,591,268
faster_rcnn,271,0.25,0.24479166666666666,0.5261194029850746,0.3341232227488152,141,435,127,576,268
faster_rcnn,271,0.26,0.2482394366197183,0.5261194029850746,0.33732057416267947,141,427,127,568,268
faster_rcnn,271,0.27,0.25,0.5186567164179104,0.33737864077669905,139,417,129,556,268
faster_rcnn,271,0.28,0.25272727272727274,0.5186567164179104,0.3398533007334963,139,411,129,550,268
faster_rcnn,271,0.29,0.25788497217068646,0.5186567164179104,0.3444857496902107,139,400,129,539,268
faster_rcnn,271,0.3,0.2627599243856333,0.5186567164179104,0.3488080301129235,139,390,129,529,268
faster_rcnn,271,0.31,0.26577437858508607,0.5186567164179104,0.3514538558786347,139,384,129,523,268
faster_rcnn,271,0.32,0.2730844793713163,0.5186567164179104,0.3577863577863578,139,370,129,509,268
faster_rcnn,271,0.33,0.2774451097804391,0.5186567164179104,0.36150845253576075,139,362,129,501,268
faster_rcnn,271,0.34,0.2830957230142566,0.5186567164179104,0.3662714097496706,139,352,129,491,268
faster_rcnn,271,0.35,0.28482328482328484,0.5111940298507462,0.3658210947930574,137,344,131,481,268
faster_rcnn,271,0.36,0.28781512605042014,0.5111940298507462,0.36827956989247307,137,339,131,476,268
faster_rcnn,271,0.37,0.2908704883227176,0.5111940298507462,0.37077131258457374,137,334,131,471,268
faster_rcnn,271,0.38,0.29782608695652174,0.5111940298507462,0.3763736263736264,137,323,131,460,268
faster_rcnn,271,0.39,0.29955947136563876,0.5074626865671642,0.3767313019390582,136,318,132,454,268
faster_rcnn,271,0.4,0.30022075055187636,0.5074626865671642,0.37725381414701803,136,317,132,453,268
faster_rcnn,271,0.41,0.30180180180180183,0.5,0.3764044943820225,134,310,134,444,268
faster_rcnn,271,0.42,0.302540415704388,0.48880597014925375,0.3737517831669044,131,302,137,433,268
faster_rcnn,271,0.43,0.30210772833723654,0.48134328358208955,0.3712230215827338,129,298,139,427,268
faster_rcnn,271,0.44,0.3069544364508393,0.47761194029850745,0.3737226277372263,128,289,140,417,268
faster_rcnn,271,0.45,0.3095823095823096,0.4701492537313433,0.37333333333333335,126,281,142,407,268
faster_rcnn,271,0.46,0.3125,0.4664179104477612,0.37425149700598803,125,275,143,400,268
faster_rcnn,271,0.47,0.32051282051282054,0.4664179104477612,0.3799392097264438,125,265,143,390,268
faster_rcnn,271,0.48,0.3220779220779221,0.4626865671641791,0.37978560490045943,124,261,144,385,268
faster_rcnn,271,0.49,0.32887700534759357,0.458955223880597,0.38317757009345793,123,251,145,374,268
faster_rcnn,271,0.5,0.32608695652173914,0.44776119402985076,0.3773584905660377,120,248,148,368,268
faster_rcnn,271,0.51,0.33240997229916897,0.44776119402985076,0.3815580286168522,120,241,148,361,268
faster_rcnn,271,0.52,0.3352272727272727,0.44029850746268656,0.38064516129032255,118,234,150,352,268
faster_rcnn,271,0.53,0.34202898550724636,0.44029850746268656,0.38499184339314846,118,227,150,345,268
faster_rcnn,271,0.54,0.3460410557184751,0.44029850746268656,0.38752052545155996,118,223,150,341,268
faster_rcnn,271,0.55,0.3482142857142857,0.43656716417910446,0.38741721854304634,117,219,151,336,268
faster_rcnn,271,0.56,0.35240963855421686,0.43656716417910446,0.39,117,215,151,332,268
faster_rcnn,271,0.57,0.3507692307692308,0.4253731343283582,0.38448566610455315,114,211,154,325,268
faster_rcnn,271,0.58,0.3510971786833856,0.417910447761194,0.3816013628620102,112,207,156,319,268
faster_rcnn,271,0.59,0.3536977491961415,0.41044776119402987,0.379965457685665,110,201,158,311,268
faster_rcnn,271,0.6,0.3538961038961039,0.40671641791044777,0.3784722222222222,109,199,159,308,268
faster_rcnn,271,0.61,0.363013698630137,0.39552238805970147,0.3785714285714285,106,186,162,292,268
faster_rcnn,271,0.62,0.3633217993079585,0.3917910447761194,0.3770197486535009,105,184,163,289,268
faster_rcnn,271,0.63,0.37142857142857144,0.3880597014925373,0.3795620437956205,104,176,164,280,268
faster_rcnn,271,0.64,0.3759124087591241,0.3843283582089552,0.38007380073800734,103,171,165,274,268
faster_rcnn,271,0.65,0.3763837638376384,0.3805970149253731,0.3784786641929499,102,169,166,271,268
faster_rcnn,271,0.66,0.3787878787878788,0.373134328358209,0.3759398496240601,100,164,168,264,268
faster_rcnn,271,0.67,0.3815261044176707,0.35447761194029853,0.36750483558994196,95,154,173,249,268
faster_rcnn,271,0.68,0.3949579831932773,0.35074626865671643,0.37154150197628466,94,144,174,238,268
faster_rcnn,271,0.69,0.4051724137931034,0.35074626865671643,0.376,94,138,174,232,268
faster_rcnn,271,0.7,0.40969162995594716,0.34701492537313433,0.3757575757575758,93,134,175,227,268
faster_rcnn,271,0.71,0.416289592760181,0.34328358208955223,0.376278118609407,92,129,176,221,268
faster_rcnn,271,0.72,0.4147465437788018,0.3358208955223881,0.3711340206185567,90,127,178,217,268
faster_rcnn,271,0.73,0.41509433962264153,0.3283582089552239,0.3666666666666667,88,124,180,212,268
faster_rcnn,271,0.74,0.4166666666666667,0.31716417910447764,0.36016949152542377,85,119,183,204,268
faster_rcnn,271,0.75,0.41414141414141414,0.30597014925373134,0.351931330472103,82,116,186,198,268
faster_rcnn,271,0.76,0.42487046632124353,0.30597014925373134,0.35574837310195223,82,111,186,193,268
faster_rcnn,271,0.77,0.43315508021390375,0.30223880597014924,0.35604395604395606,81,106,187,187,268
faster_rcnn,271,0.78,0.4438202247191011,0.2947761194029851,0.3542600896860986,79,99,189,178,268
faster_rcnn,271,0.79,0.4418604651162791,0.2835820895522388,0.3454545454545454,76,96,192,172,268
faster_rcnn,271,0.8,0.437125748502994,0.27238805970149255,0.335632183908046,73,94,195,167,268
faster_rcnn,271,0.81,0.4645161290322581,0.26865671641791045,0.34042553191489366,72,83,196,155,268
faster_rcnn,271,0.82,0.4726027397260274,0.2574626865671642,0.33333333333333337,69,77,199,146,268
faster_rcnn,271,0.83,0.4748201438848921,0.2462686567164179,0.32432432432432434,66,73,202,139,268
faster_rcnn,271,0.84,0.49242424242424243,0.24253731343283583,0.325,65,67,203,132,268
faster_rcnn,271,0.85,0.5203252032520326,0.23880597014925373,0.3273657289002557,64,59,204,123,268
faster_rcnn,271,0.86,0.5495495495495496,0.22761194029850745,0.32189973614775724,61,50,207,111,268
faster_rcnn,271,0.87,0.5865384615384616,0.22761194029850745,0.3279569892473118,61,43,207,104,268
faster_rcnn,271,0.88,0.5913978494623656,0.20522388059701493,0.30470914127423826,55,38,213,93,268
faster_rcnn,271,0.89,0.6172839506172839,0.1865671641791045,0.2865329512893983,50,31,218,81,268
faster_rcnn,271,0.9,0.6818181818181818,0.16791044776119404,0.2694610778443114,45,21,223,66,268
faster_rcnn,271,0.91,0.7017543859649122,0.14925373134328357,0.24615384615384614,40,17,228,57,268
faster_rcnn,271,0.92,0.673469387755102,0.12313432835820895,0.2082018927444795,33,16,235,49,268
faster_rcnn,271,0.93,0.6060606060606061,0.07462686567164178,0.13289036544850497,20,13,248,33,268
faster_rcnn,271,0.94,0.5,0.033582089552238806,0.06293706293706293,9,9,259,18,268
faster_rcnn,271,0.95,0.6153846153846154,0.029850746268656716,0.056939501779359435,8,5,260,13,268
faster_rcnn,271,0.96,0.6666666666666666,0.007462686567164179,0.014760147601476014,2,1,266,3,268
faster_rcnn,271,0.97,0.0,0.0,0.0,0,0,268,0,268
faster_rcnn,271,0.98,0.0,0.0,0.0,0,0,268,0,268
faster_rcnn,271,0.99,0.0,0.0,0.0,0,0,268,0,268
faster_rcnn,314,0.01,0.11607738492328219,0.6492537313432836,0.19694397283531406,174,1325,94,1499,268
faster_rcnn,314,0.02,0.13969335604770017,0.6119402985074627,0.2274618585298197,164,1010,104,1174,268
faster_rcnn,314,0.03,0.15369649805447472,0.5895522388059702,0.24382716049382716,158,870,110,1028,268
faster_rcnn,314,0.04,0.164021164021164,0.5783582089552238,0.2555647155812036,155,790,113,945,268
faster_rcnn,314,0.05,0.1713961407491487,0.5634328358208955,0.2628372497824195,151,730,117,881,268
faster_rcnn,314,0.06,0.1783980582524272,0.5485074626865671,0.2692307692307692,147,677,121,824,268
faster_rcnn,314,0.07,0.1882202304737516,0.5485074626865671,0.28026692087702576,147,634,121,781,268
faster_rcnn,314,0.08,0.19518716577540107,0.5447761194029851,0.2874015748031496,146,602,122,748,268
faster_rcnn,314,0.09,0.19972451790633608,0.5410447761194029,0.2917505030181087,145,581,123,726,268
faster_rcnn,314,0.1,0.20487106017191978,0.5335820895522388,0.29606625258799174,143,555,125,698,268
faster_rcnn,314,0.11,0.21029411764705883,0.5335820895522388,0.30168776371308015,143,537,125,680,268
faster_rcnn,314,0.12,0.21374045801526717,0.5223880597014925,0.30335861321776814,140,515,128,655,268
faster_rcnn,314,0.13,0.21664050235478807,0.5149253731343284,0.30497237569060776,138,499,130,637,268
faster_rcnn,314,0.14,0.22204213938411668,0.5111940298507462,0.3096045197740113,137,480,131,617,268
faster_rcnn,314,0.15,0.225752508361204,0.503731343283582,0.3117782909930716,135,463,133,598,268
faster_rcnn,314,0.16,0.22750424448217318,0.5,0.31271878646441076,134,455,134,589,268
faster_rcnn,314,0.17,0.22727272727272727,0.48507462686567165,0.30952380952380953,130,442,138,572,268
faster_rcnn,314,0.18,0.23090586145648312,0.48507462686567165,0.3128760529482551,130,433,138,563,268
faster_rcnn,314,0.19,0.2354014598540146,0.48134328358208955,0.3161764705882353,129,419,139,548,268
faster_rcnn,314,0.2,0.23977695167286245,0.48134328358208955,0.3200992555831266,129,409,139,538,268
faster_rcnn,314,0.21,0.2409867172675522,0.47388059701492535,0.31949685534591193,127,400,141,527,268
faster_rcnn,314,0.22,0.24564796905222436,0.47388059701492535,0.3235668789808917,127,390,141,517,268
faster_rcnn,314,0.23,0.24361493123772102,0.4626865671641791,0.31917631917631917,124,385,144,509,268
faster_rcnn,314,0.24,0.24554455445544554,0.4626865671641791,0.3208279430789133,124,381,144,505,268
faster_rcnn,314,0.25,0.2469879518072289,0.458955223880597,0.32114882506527415,123,375,145,498,268
faster_rcnn,314,0.26,0.24948875255623723,0.4552238805970149,0.32232496697490093,122,367,146,489,268
faster_rcnn,314,0.27,0.25,0.45149253731343286,0.3218085106382979,121,363,147,484,268
faster_rcnn,314,0.28,0.2521186440677966,0.44402985074626866,0.3216216216216216,119,353,149,472,268
faster_rcnn,314,0.29,0.25481798715203424,0.44402985074626866,0.32380952380952377,119,348,149,467,268
faster_rcnn,314,0.3,0.25869565217391305,0.44402985074626866,0.32692307692307687,119,341,149,460,268
faster_rcnn,314,0.31,0.25934065934065936,0.44029850746268656,0.326417704011065,118,337,150,455,268
faster_rcnn,314,0.32,0.26576576576576577,0.44029850746268656,0.33146067415730335,118,326,150,444,268
faster_rcnn,314,0.33,0.26666666666666666,0.43283582089552236,0.33001422475106684,116,319,152,435,268
faster_rcnn,314,0.34,0.26744186046511625,0.4291044776119403,0.32951289398280803,115,315,153,430,268
faster_rcnn,314,0.35,0.2695035460992908,0.4253731343283582,0.32995658465991323,114,309,154,423,268
faster_rcnn,314,0.36,0.27163461538461536,0.4216417910447761,0.33040935672514615,113,303,155,416,268
faster_rcnn,314,0.37,0.275609756097561,0.4216417910447761,0.33333333333333337,113,297,155,410,268
faster_rcnn,314,0.38,0.2803970223325062,0.4216417910447761,0.3368107302533532,113,290,155,403,268
faster_rcnn,314,0.39,0.28463476070528965,0.4216417910447761,0.33984962406015035,113,284,155,397,268
faster_rcnn,314,0.4,0.2853470437017995,0.4141791044776119,0.3378995433789954,111,278,157,389,268
faster_rcnn,314,0.41,0.2864583333333333,0.41044776119402987,0.3374233128834356,110,274,158,384,268
faster_rcnn,314,0.42,0.287598944591029,0.40671641791044777,0.3369397217928902,109,270,159,379,268
faster_rcnn,314,0.43,0.2887700534759358,0.40298507462686567,0.3364485981308411,108,266,160,374,268
faster_rcnn,314,0.44,0.29155313351498635,0.39925373134328357,0.337007874015748,107,260,161,367,268
faster_rcnn,314,0.45,0.2955801104972376,0.39925373134328357,0.33968253968253975,107,255,161,362,268
faster_rcnn,314,0.46,0.30140845070422534,0.39925373134328357,0.34349919743178164,107,248,161,355,268
faster_rcnn,314,0.47,0.3031161473087819,0.39925373134328357,0.3446054750402576,107,246,161,353,268
faster_rcnn,314,0.48,0.30346820809248554,0.3917910447761194,0.34201954397394135,105,241,163,346,268
faster_rcnn,314,0.49,0.30612244897959184,0.3917910447761194,0.34369885433715225,105,238,163,343,268
faster_rcnn,314,0.5,0.30654761904761907,0.3843283582089552,0.34105960264900664,103,233,165,336,268
faster_rcnn,314,0.51,0.3130699088145897,0.3843283582089552,0.34505862646566166,103,226,165,329,268
faster_rcnn,314,0.52,0.32087227414330216,0.3843283582089552,0.3497453310696095,103,218,165,321,268
faster_rcnn,314,0.53,0.31974921630094044,0.3805970149253731,0.3475298126064736,102,217,166,319,268
faster_rcnn,314,0.54,0.31962025316455694,0.376865671641791,0.3458904109589041,101,215,167,316,268
faster_rcnn,314,0.55,0.32051282051282054,0.373134328358209,0.3448275862068966,100,212,168,312,268
faster_rcnn,314,0.56,0.3223684210526316,0.3656716417910448,0.34265734265734266,98,206,170,304,268
faster_rcnn,314,0.57,0.32450331125827814,0.3656716417910448,0.34385964912280703,98,204,170,302,268
faster_rcnn,314,0.58,0.32764505119453924,0.3582089552238806,0.3422459893048128,96,197,172,293,268
faster_rcnn,314,0.59,0.32525951557093424,0.35074626865671643,0.3375224416517056,94,195,174,289,268
faster_rcnn,314,0.6,0.3263888888888889,0.35074626865671643,0.3381294964028777,94,194,174,288,268
faster_rcnn,314,0.61,0.32517482517482516,0.34701492537313433,0.33574007220216606,93,193,175,286,268
faster_rcnn,314,0.62,0.3274647887323944,0.34701492537313433,0.3369565217391304,93,191,175,284,268
faster_rcnn,314,0.63,0.33093525179856115,0.34328358208955223,0.33699633699633696,92,186,176,278,268
faster_rcnn,314,0.64,0.33090909090909093,0.33955223880597013,0.3351749539594844,91,184,177,275,268
faster_rcnn,314,0.65,0.332089552238806,0.332089552238806,0.332089552238806,89,179,179,268,268
faster_rcnn,314,0.66,0.3333333333333333,0.332089552238806,0.3327102803738317,89,178,179,267,268
faster_rcnn,314,0.67,0.3371647509578544,0.3283582089552239,0.332703213610586,88,173,180,261,268
faster_rcnn,314,0.68,0.34509803921568627,0.3283582089552239,0.3365200764818356,88,167,180,255,268
faster_rcnn,314,0.69,0.344,0.3208955223880597,0.332046332046332,86,164,182,250,268
faster_rcnn,314,0.7,0.3441295546558704,0.31716417910447764,0.3300970873786408,85,162,183,247,268
faster_rcnn,314,0.71,0.3483606557377049,0.31716417910447764,0.33203125000000006,85,159,183,244,268
faster_rcnn,314,0.72,0.35,0.31343283582089554,0.3307086614173228,84,156,184,240,268
faster_rcnn,314,0.73,0.358974358974359,0.31343283582089554,0.3346613545816733,84,150,184,234,268
faster_rcnn,314,0.74,0.36283185840707965,0.30597014925373134,0.33198380566801616,82,144,186,226,268
faster_rcnn,314,0.75,0.37104072398190047,0.30597014925373134,0.33537832310838445,82,139,186,221,268
faster_rcnn,314,0.76,0.375,0.30223880597014924,0.33471074380165283,81,135,187,216,268
faster_rcnn,314,0.77,0.38235294117647056,0.291044776119403,0.33050847457627114,78,126,190,204,268
faster_rcnn,314,0.78,0.3877551020408163,0.2835820895522388,0.3275862068965517,76,120,192,196,268
faster_rcnn,314,0.79,0.4021164021164021,0.2835820895522388,0.3326039387308534,76,113,192,189,268
faster_rcnn,314,0.8,0.4198895027624309,0.2835820895522388,0.33853006681514475,76,105,192,181,268
faster_rcnn,314,0.81,0.43103448275862066,0.2798507462686567,0.33936651583710403,75,99,193,174,268
faster_rcnn,314,0.82,0.4251497005988024,0.26492537313432835,0.3264367816091954,71,96,197,167,268
faster_rcnn,314,0.83,0.4423076923076923,0.2574626865671642,0.32547169811320753,69,87,199,156,268
faster_rcnn,314,0.84,0.4421768707482993,0.24253731343283583,0.3132530120481927,65,82,203,147,268
faster_rcnn,314,0.85,0.4666666666666667,0.23507462686567165,0.31265508684863524,63,72,205,135,268
faster_rcnn,314,0.86,0.47580645161290325,0.22014925373134328,0.3010204081632653,59,65,209,124,268
faster_rcnn,314,0.87,0.5135135135135135,0.2126865671641791,0.30079155672823216,57,54,211,111,268
faster_rcnn,314,0.88,0.514018691588785,0.20522388059701493,0.29333333333333333,55,52,213,107,268
faster_rcnn,314,0.89,0.5494505494505495,0.1865671641791045,0.2785515320334262,50,41,218,91,268
faster_rcnn,314,0.9,0.5625,0.16791044776119404,0.25862068965517243,45,35,223,80,268
faster_rcnn,314,0.91,0.5915492957746479,0.15671641791044777,0.24778761061946905,42,29,226,71,268
faster_rcnn,314,0.92,0.6363636363636364,0.13059701492537312,0.21671826625386997,35,20,233,55,268
faster_rcnn,314,0.93,0.6590909090909091,0.10820895522388059,0.18589743589743588,29,15,239,44,268
faster_rcnn,314,0.94,0.6666666666666666,0.08955223880597014,0.15789473684210525,24,12,244,36,268
faster_rcnn,314,0.95,0.5416666666666666,0.048507462686567165,0.08904109589041097,13,11,255,24,268
faster_rcnn,314,0.96,0.5833333333333334,0.026119402985074626,0.049999999999999996,7,5,261,12,268
faster_rcnn,314,0.97,1.0,0.011194029850746268,0.02214022140221402,3,0,265,3,268
faster_rcnn,314,0.98,0.0,0.0,0.0,0,0,268,0,268
faster_rcnn,314,0.99,0.0,0.0,0.0,0,0,268,0,268
yolo11s,17,0.01,0.22172949002217296,0.373134328358209,0.27816411682892905,100,351,168,451,268
yolo11s,17,0.02,0.24645892351274787,0.3246268656716418,0.2801932367149758,87,266,181,353,268
yolo11s,17,0.03,0.2702702702702703,0.29850746268656714,0.28368794326241137,80,216,188,296,268
yolo11s,17,0.04,0.27756653992395436,0.27238805970149255,0.27495291902071567,73,190,195,263,268
yolo11s,17,0.05,0.29411764705882354,0.26119402985074625,0.27667984189723316,70,168,198,238,268
yolo11s,17,0.06,0.2916666666666667,0.23507462686567165,0.2603305785123967,63,153,205,216,268
yolo11s,17,0.07,0.30198019801980197,0.22761194029850745,0.25957446808510637,61,141,207,202,268
yolo11s,17,0.08,0.3089005235602094,0.22014925373134328,0.2570806100217865,59,132,209,191,268
yolo11s,17,0.09,0.31693989071038253,0.21641791044776118,0.2572062084257207,58,125,210,183,268
yolo11s,17,0.1,0.3333333333333333,0.21641791044776118,0.2624434389140271,58,116,210,174,268
yolo11s,17,0.11,0.34355828220858897,0.208955223880597,0.2598607888631091,56,107,212,163,268
yolo11s,17,0.12,0.34615384615384615,0.20149253731343283,0.2547169811320754,54,102,214,156,268
yolo11s,17,0.13,0.3624161073825503,0.20149253731343283,0.25899280575539574,54,95,214,149,268
yolo11s,17,0.14,0.363013698630137,0.19776119402985073,0.25603864734299514,53,93,215,146,268
yolo11s,17,0.15,0.36428571428571427,0.19029850746268656,0.25,51,89,217,140,268
yolo11s,17,0.16,0.38636363636363635,0.19029850746268656,0.255,51,81,217,132,268
yolo11s,17,0.17,0.3875968992248062,0.1865671641791045,0.25188916876574313,50,79,218,129,268
yolo11s,17,0.18,0.3937007874015748,0.1865671641791045,0.25316455696202533,50,77,218,127,268
yolo11s,17,0.19,0.3983050847457627,0.17537313432835822,0.24352331606217614,47,71,221,118,268
yolo11s,17,0.2,0.39473684210526316,0.16791044776119404,0.23560209424083775,45,69,223,114,268
yolo11s,17,0.21,0.39814814814814814,0.16044776119402984,0.22872340425531915,43,65,225,108,268
yolo11s,17,0.22,0.3979591836734694,0.1455223880597015,0.21311475409836064,39,59,229,98,268
yolo11s,17,0.23,0.3958333333333333,0.1417910447761194,0.20879120879120877,38,58,230,96,268
yolo11s,17,0.24,0.40425531914893614,0.1417910447761194,0.20994475138121546,38,56,230,94,268
yolo11s,17,0.25,0.391304347826087,0.13432835820895522,0.2,36,56,232,92,268
yolo11s,17,0.26,0.38202247191011235,0.12686567164179105,0.1904761904761905,34,55,234,89,268
yolo11s,17,0.27,0.35714285714285715,0.11194029850746269,0.17045454545454547,30,54,238,84,268
yolo11s,17,0.28,0.379746835443038,0.11194029850746269,0.1729106628242075,30,49,238,79,268
yolo11s,17,0.29,0.38961038961038963,0.11194029850746269,0.1739130434782609,30,47,238,77,268
yolo11s,17,0.3,0.4166666666666667,0.11194029850746269,0.1764705882352941,30,42,238,72,268
yolo11s,17,0.31,0.4057971014492754,0.1044776119402985,0.16617210682492584,28,41,240,69,268
yolo11s,17,0.32,0.4090909090909091,0.10074626865671642,0.16167664670658682,27,39,241,66,268
yolo11s,17,0.33,0.43333333333333335,0.09701492537313433,0.1585365853658537,26,34,242,60,268
yolo11s,17,0.34,0.43103448275862066,0.09328358208955224,0.15337423312883436,25,33,243,58,268
yolo11s,17,0.35,0.46296296296296297,0.09328358208955224,0.15527950310559008,25,29,243,54,268
yolo11s,17,0.36,0.46153846153846156,0.08955223880597014,0.15,24,28,244,52,268
yolo11s,17,0.37,0.46938775510204084,0.08582089552238806,0.14511041009463724,23,26,245,49,268
yolo11s,17,0.38,0.46808510638297873,0.08208955223880597,0.13968253968253969,22,25,246,47,268
yolo11s,17,0.39,0.5,0.07835820895522388,0.13548387096774192,21,21,247,42,268
yolo11s,17,0.4,0.4878048780487805,0.07462686567164178,0.12944983818770225,20,21,248,41,268
yolo11s,17,0.41,0.4878048780487805,0.07462686567164178,0.12944983818770225,20,21,248,41,268
yolo11s,17,0.42,0.5,0.06716417910447761,0.11842105263157895,18,18,250,36,268
yolo11s,17,0.43,0.5,0.06716417910447761,0.11842105263157895,18,18,250,36,268
yolo11s,17,0.44,0.5,0.06343283582089553,0.11258278145695365,17,17,251,34,268
yolo11s,17,0.45,0.4838709677419355,0.055970149253731345,0.10033444816053512,15,16,253,31,268
yolo11s,17,0.46,0.5185185185185185,0.05223880597014925,0.09491525423728812,14,13,254,27,268
yolo11s,17,0.47,0.5,0.048507462686567165,0.08843537414965986,13,13,255,26,268
yolo11s,17,0.48,0.5,0.048507462686567165,0.08843537414965986,13,13,255,26,268
yolo11s,17,0.49,0.52,0.048507462686567165,0.08873720136518773,13,12,255,25,268
yolo11s,17,0.5,0.5,0.041044776119402986,0.07586206896551725,11,11,257,22,268
yolo11s,17,0.51,0.5,0.041044776119402986,0.07586206896551725,11,11,257,22,268
yolo11s,17,0.52,0.47619047619047616,0.03731343283582089,0.06920415224913494,10,11,258,21,268
yolo11s,17,0.53,0.47368421052631576,0.033582089552238806,0.0627177700348432,9,10,259,19,268
yolo11s,17,0.54,0.5333333333333333,0.029850746268656716,0.05653710247349823,8,7,260,15,268
yolo11s,17,0.55,0.5833333333333334,0.026119402985074626,0.049999999999999996,7,5,261,12,268
yolo11s,17,0.56,0.6,0.022388059701492536,0.04316546762589928,6,4,262,10,268
yolo11s,17,0.57,0.6,0.022388059701492536,0.04316546762589928,6,4,262,10,268
yolo11s,17,0.58,0.75,0.022388059701492536,0.04347826086956522,6,2,262,8,268
yolo11s,17,0.59,0.75,0.022388059701492536,0.04347826086956522,6,2,262,8,268
yolo11s,17,0.6,0.8333333333333334,0.018656716417910446,0.0364963503649635,5,1,263,6,268
yolo11s,17,0.61,0.8,0.014925373134328358,0.0293040293040293,4,1,264,5,268
yolo11s,17,0.62,0.8,0.014925373134328358,0.0293040293040293,4,1,264,5,268
yolo11s,17,0.63,1.0,0.014925373134328358,0.029411764705882353,4,0,264,4,268
yolo11s,17,0.64,1.0,0.011194029850746268,0.02214022140221402,3,0,265,3,268
yolo11s,17,0.65,1.0,0.007462686567164179,0.014814814814814815,2,0,266,2,268
yolo11s,17,0.66,1.0,0.007462686567164179,0.014814814814814815,2,0,266,2,268
yolo11s,17,0.67,1.0,0.0037313432835820895,0.007434944237918215,1,0,267,1,268
yolo11s,17,0.68,0.0,0.0,0.0,0,0,268,0,268
yolo11s,17,0.69,0.0,0.0,0.0,0,0,268,0,268
yolo11s,17,0.7,0.0,0.0,0.0,0,0,268,0,268
yolo11s,17,0.71,0.0,0.0,0.0,0,0,268,0,268
yolo11s,17,0.72,0.0,0.0,0.0,0,0,268,0,268
yolo11s,17,0.73,0.0,0.0,0.0,0,0,268,0,268
yolo11s,17,0.74,0.0,0.0,0.0,0,0,268,0,268
yolo11s,17,0.75,0.0,0.0,0.0,0,0,268,0,268
yolo11s,17,0.76,0.0,0.0,0.0,0,0,268,0,268
yolo11s,17,0.77,0.0,0.0,0.0,0,0,268,0,268
yolo11s,17,0.78,0.0,0.0,0.0,0,0,268,0,268
yolo11s,17,0.79,0.0,0.0,0.0,0,0,268,0,268
yolo11s,17,0.8,0.0,0.0,0.0,0,0,268,0,268
yolo11s,17,0.81,0.0,0.0,0.0,0,0,268,0,268
yolo11s,17,0.82,0.0,0.0,0.0,0,0,268,0,268
yolo11s,17,0.83,0.0,0.0,0.0,0,0,268,0,268
yolo11s,17,0.84,0.0,0.0,0.0,0,0,268,0,268
yolo11s,17,0.85,0.0,0.0,0.0,0,0,268,0,268
yolo11s,17,0.86,0.0,0.0,0.0,0,0,268,0,268
yolo11s,17,0.87,0.0,0.0,0.0,0,0,268,0,268
yolo11s,17,0.88,0.0,0.0,0.0,0,0,268,0,268
yolo11s,17,0.89,0.0,0.0,0.0,0,0,268,0,268
yolo11s,17,0.9,0.0,0.0,0.0,0,0,268,0,268
yolo11s,17,0.91,0.0,0.0,0.0,0,0,268,0,268
yolo11s,17,0.92,0.0,0.0,0.0,0,0,268,0,268
yolo11s,17,0.93,0.0,0.0,0.0,0,0,268,0,268
yolo11s,17,0.94,0.0,0.0,0.0,0,0,268,0,268
yolo11s,17,0.95,0.0,0.0,0.0,0,0,268,0,268
yolo11s,17,0.96,0.0,0.0,0.0,0,0,268,0,268
yolo11s,17,0.97,0.0,0.0,0.0,0,0,268,0,268
yolo11s,17,0.98,0.0,0.0,0.0,0,0,268,0,268
yolo11s,17,0.99,0.0,0.0,0.0,0,0,268,0,268
yolo11s,42,0.01,0.2493368700265252,0.35074626865671643,0.29147286821705426,94,283,174,377,268
yolo11s,42,0.02,0.27722772277227725,0.31343283582089554,0.2942206654991244,84,219,184,303,268
yolo11s,42,0.03,0.29545454545454547,0.291044776119403,0.29323308270676696,78,186,190,264,268
yolo11s,42,0.04,0.31645569620253167,0.2798507462686567,0.297029702970297,75,162,193,237,268
yolo11s,42,0.05,0.3181818181818182,0.26119402985074625,0.2868852459016394,70,150,198,220,268
yolo11s,42,0.06,0.3137254901960784,0.23880597014925373,0.2711864406779661,64,140,204,204,268
yolo11s,42,0.07,0.3263157894736842,0.23134328358208955,0.2707423580786026,62,128,206,190,268
yolo11s,42,0.08,0.3425414364640884,0.23134328358208955,0.27616926503340755,62,119,206,181,268
yolo11s,42,0.09,0.3652694610778443,0.22761194029850745,0.28045977011494255,61,106,207,167,268
yolo11s,42,0.1,0.358974358974359,0.208955223880597,0.2641509433962264,56,100,212,156,268
yolo11s,42,0.11,0.3509933774834437,0.19776119402985073,0.2529832935560859,53,98,215,151,268
yolo11s,42,0.12,0.34965034965034963,0.1865671641791045,0.24330900243309003,50,93,218,143,268
yolo11s,42,0.13,0.3684210526315789,0.1828358208955224,0.24438902743142144,49,84,219,133,268
yolo11s,42,0.14,0.375,0.1791044776119403,0.24242424242424243,48,80,220,128,268
yolo11s,42,0.15,0.3790322580645161,0.17537313432835822,0.23979591836734696,47,77,221,124,268
yolo11s,42,0.16,0.39655172413793105,0.17164179104477612,0.23958333333333334,46,70,222,116,268
yolo11s,42,0.17,0.39285714285714285,0.16417910447761194,0.23157894736842108,44,68,224,112,268
yolo11s,42,0.18,0.4056603773584906,0.16044776119402984,0.22994652406417113,43,63,225,106,268
yolo11s,42,0.19,0.4,0.15671641791044777,0.225201072386059,42,63,226,105,268
yolo11s,42,0.2,0.40594059405940597,0.15298507462686567,0.22222222222222227,41,60,227,101,268
yolo11s,42,0.21,0.3979591836734694,0.1455223880597015,0.21311475409836064,39,59,229,98,268
yolo11s,42,0.22,0.39361702127659576,0.13805970149253732,0.20441988950276246,37,57,231,94,268
yolo11s,42,0.23,0.3956043956043956,0.13432835820895522,0.20055710306406685,36,55,232,91,268
yolo11s,42,0.24,0.39325842696629215,0.13059701492537312,0.19607843137254902,35,54,233,89,268
yolo11s,42,0.25,0.4,0.12686567164179105,0.19263456090651557,34,51,234,85,268
yolo11s,42,0.26,0.3902439024390244,0.11940298507462686,0.18285714285714283,32,50,236,82,268
yolo11s,42,0.27,0.39473684210526316,0.11194029850746269,0.1744186046511628,30,46,238,76,268
yolo11s,42,0.28,0.4027777777777778,0.10820895522388059,0.17058823529411762,29,43,239,72,268
yolo11s,42,0.29,0.42028985507246375,0.10820895522388059,0.172106824925816,29,40,239,69,268
yolo11s,42,0.3,0.4153846153846154,0.10074626865671642,0.16216216216216217,27,38,241,65,268
yolo11s,42,0.31,0.4126984126984127,0.09701492537313433,0.15709969788519637,26,37,242,63,268
yolo11s,42,0.32,0.41379310344827586,0.08955223880597014,0.147239263803681,24,34,244,58,268
yolo11s,42,0.33,0.38181818181818183,0.07835820895522388,0.13003095975232198,21,34,247,55,268
yolo11s,42,0.34,0.36,0.06716417910447761,0.11320754716981132,18,32,250,50,268
yolo11s,42,0.35,0.4,0.06716417910447761,0.11501597444089456,18,27,250,45,268
yolo11s,42,0.36,0.3953488372093023,0.06343283582089553,0.10932475884244373,17,26,251,43,268
yolo11s,42,0.37,0.42105263157894735,0.05970149253731343,0.10457516339869281,16,22,252,38,268
yolo11s,42,0.38,0.42857142857142855,0.055970149253731345,0.09900990099009901,15,20,253,35,268
yolo11s,42,0.39,0.41379310344827586,0.04477611940298507,0.0808080808080808,12,17,256,29,268
yolo11s,42,0.4,0.4230769230769231,0.041044776119402986,0.07482993197278912,11,15,257,26,268
yolo11s,42,0.41,0.4,0.03731343283582089,0.06825938566552901,10,15,258,25,268
yolo11s,42,0.42,0.45,0.033582089552238806,0.0625,9,11,259,20,268
yolo11s,42,0.43,0.5625,0.033582089552238806,0.06338028169014084,9,7,259,16,268
yolo11s,42,0.44,0.6153846153846154,0.029850746268656716,0.056939501779359435,8,5,260,13,268
yolo11s,42,0.45,0.5454545454545454,0.022388059701492536,0.043010752688172046,6,5,262,11,268
yolo11s,42,0.46,0.6,0.022388059701492536,0.04316546762589928,6,4,262,10,268
yolo11s,42,0.47,0.5,0.014925373134328358,0.02898550724637681,4,4,264,8,268
yolo11s,42,0.48,0.6666666666666666,0.014925373134328358,0.029197080291970802,4,2,264,6,268
yolo11s,42,0.49,0.8,0.014925373134328358,0.0293040293040293,4,1,264,5,268
yolo11s,42,0.5,1.0,0.0037313432835820895,0.007434944237918215,1,0,267,1,268
yolo11s,42,0.51,1.0,0.0037313432835820895,0.007434944237918215,1,0,267,1,268
yolo11s,42,0.52,1.0,0.0037313432835820895,0.007434944237918215,1,0,267,1,268
yolo11s,42,0.53,1.0,0.0037313432835820895,0.007434944237918215,1,0,267,1,268
yolo11s,42,0.54,0.0,0.0,0.0,0,0,268,0,268
yolo11s,42,0.55,0.0,0.0,0.0,0,0,268,0,268
yolo11s,42,0.56,0.0,0.0,0.0,0,0,268,0,268
yolo11s,42,0.57,0.0,0.0,0.0,0,0,268,0,268
yolo11s,42,0.58,0.0,0.0,0.0,0,0,268,0,268
yolo11s,42,0.59,0.0,0.0,0.0,0,0,268,0,268
yolo11s,42,0.6,0.0,0.0,0.0,0,0,268,0,268
yolo11s,42,0.61,0.0,0.0,0.0,0,0,268,0,268
yolo11s,42,0.62,0.0,0.0,0.0,0,0,268,0,268
yolo11s,42,0.63,0.0,0.0,0.0,0,0,268,0,268
yolo11s,42,0.64,0.0,0.0,0.0,0,0,268,0,268
yolo11s,42,0.65,0.0,0.0,0.0,0,0,268,0,268
yolo11s,42,0.66,0.0,0.0,0.0,0,0,268,0,268
yolo11s,42,0.67,0.0,0.0,0.0,0,0,268,0,268
yolo11s,42,0.68,0.0,0.0,0.0,0,0,268,0,268
yolo11s,42,0.69,0.0,0.0,0.0,0,0,268,0,268
yolo11s,42,0.7,0.0,0.0,0.0,0,0,268,0,268
yolo11s,42,0.71,0.0,0.0,0.0,0,0,268,0,268
yolo11s,42,0.72,0.0,0.0,0.0,0,0,268,0,268
yolo11s,42,0.73,0.0,0.0,0.0,0,0,268,0,268
yolo11s,42,0.74,0.0,0.0,0.0,0,0,268,0,268
yolo11s,42,0.75,0.0,0.0,0.0,0,0,268,0,268
yolo11s,42,0.76,0.0,0.0,0.0,0,0,268,0,268
yolo11s,42,0.77,0.0,0.0,0.0,0,0,268,0,268
yolo11s,42,0.78,0.0,0.0,0.0,0,0,268,0,268
yolo11s,42,0.79,0.0,0.0,0.0,0,0,268,0,268
yolo11s,42,0.8,0.0,0.0,0.0,0,0,268,0,268
yolo11s,42,0.81,0.0,0.0,0.0,0,0,268,0,268
yolo11s,42,0.82,0.0,0.0,0.0,0,0,268,0,268
yolo11s,42,0.83,0.0,0.0,0.0,0,0,268,0,268
yolo11s,42,0.84,0.0,0.0,0.0,0,0,268,0,268
yolo11s,42,0.85,0.0,0.0,0.0,0,0,268,0,268
yolo11s,42,0.86,0.0,0.0,0.0,0,0,268,0,268
yolo11s,42,0.87,0.0,0.0,0.0,0,0,268,0,268
yolo11s,42,0.88,0.0,0.0,0.0,0,0,268,0,268
yolo11s,42,0.89,0.0,0.0,0.0,0,0,268,0,268
yolo11s,42,0.9,0.0,0.0,0.0,0,0,268,0,268
yolo11s,42,0.91,0.0,0.0,0.0,0,0,268,0,268
yolo11s,42,0.92,0.0,0.0,0.0,0,0,268,0,268
yolo11s,42,0.93,0.0,0.0,0.0,0,0,268,0,268
yolo11s,42,0.94,0.0,0.0,0.0,0,0,268,0,268
yolo11s,42,0.95,0.0,0.0,0.0,0,0,268,0,268
yolo11s,42,0.96,0.0,0.0,0.0,0,0,268,0,268
yolo11s,42,0.97,0.0,0.0,0.0,0,0,268,0,268
yolo11s,42,0.98,0.0,0.0,0.0,0,0,268,0,268
yolo11s,42,0.99,0.0,0.0,0.0,0,0,268,0,268
yolo11s,137,0.01,0.2931726907630522,0.27238805970149255,0.28239845261121854,73,176,195,249,268
yolo11s,137,0.02,0.3087557603686636,0.25,0.27628865979381445,67,150,201,217,268
yolo11s,137,0.03,0.31313131313131315,0.23134328358208955,0.26609442060085836,62,136,206,198,268
yolo11s,137,0.04,0.3225806451612903,0.22388059701492538,0.2643171806167401,60,126,208,186,268
yolo11s,137,0.05,0.3163841807909605,0.208955223880597,0.251685393258427,56,121,212,177,268
yolo11s,137,0.06,0.3254437869822485,0.20522388059701493,0.2517162471395881,55,114,213,169,268
yolo11s,137,0.07,0.3253012048192771,0.20149253731343283,0.24884792626728114,54,112,214,166,268
yolo11s,137,0.08,0.33125,0.19776119402985073,0.24766355140186916,53,107,215,160,268
yolo11s,137,0.09,0.33121019108280253,0.19402985074626866,0.24470588235294116,52,105,216,157,268
yolo11s,137,0.1,0.3333333333333333,0.19029850746268656,0.24228028503562943,51,102,217,153,268
yolo11s,137,0.11,0.3355263157894737,0.19029850746268656,0.24285714285714283,51,101,217,152,268
yolo11s,137,0.12,0.3288590604026846,0.1828358208955224,0.2350119904076739,49,100,219,149,268
yolo11s,137,0.13,0.323943661971831,0.17164179104477612,0.22439024390243903,46,96,222,142,268
yolo11s,137,0.14,0.31343283582089554,0.15671641791044777,0.208955223880597,42,92,226,134,268
yolo11s,137,0.15,0.3157894736842105,0.15671641791044777,0.20947630922693267,42,91,226,133,268
yolo11s,137,0.16,0.328125,0.15671641791044777,0.21212121212121213,42,86,226,128,268
yolo11s,137,0.17,0.3333333333333333,0.15671641791044777,0.2131979695431472,42,84,226,126,268
yolo11s,137,0.18,0.3333333333333333,0.15671641791044777,0.2131979695431472,42,84,226,126,268
yolo11s,137,0.19,0.3333333333333333,0.15671641791044777,0.2131979695431472,42,84,226,126,268
yolo11s,137,0.2,0.336,0.15671641791044777,0.2137404580152672,42,83,226,125,268
yolo11s,137,0.21,0.3305785123966942,0.14925373134328357,0.2056555269922879,40,81,228,121,268
yolo11s,137,0.22,0.3305785123966942,0.14925373134328357,0.2056555269922879,40,81,228,121,268
yolo11s,137,0.23,0.3333333333333333,0.14925373134328357,0.20618556701030927,40,80,228,120,268
yolo11s,137,0.24,0.3277310924369748,0.1455223880597015,0.20155038759689922,39,80,229,119,268
yolo11s,137,0.25,0.3277310924369748,0.1455223880597015,0.20155038759689922,39,80,229,119,268
yolo11s,137,0.26,0.3333333333333333,0.1455223880597015,0.2025974025974026,39,78,229,117,268
yolo11s,137,0.27,0.34513274336283184,0.1455223880597015,0.20472440944881887,39,74,229,113,268
yolo11s,137,0.28,0.3482142857142857,0.1455223880597015,0.20526315789473684,39,73,229,112,268
yolo11s,137,0.29,0.35454545454545455,0.1455223880597015,0.20634920634920637,39,71,229,110,268
yolo11s,137,0.3,0.3577981651376147,0.1455223880597015,0.20689655172413796,39,70,229,109,268
yolo11s,137,0.31,0.3577981651376147,0.1455223880597015,0.20689655172413796,39,70,229,109,268
yolo11s,137,0.32,0.3644859813084112,0.1455223880597015,0.20800000000000002,39,68,229,107,268
yolo11s,137,0.33,0.3619047619047619,0.1417910447761194,0.20375335120643429,38,67,230,105,268
yolo11s,137,0.34,0.36538461538461536,0.1417910447761194,0.20430107526881716,38,66,230,104,268
yolo11s,137,0.35,0.37254901960784315,0.1417910447761194,0.20540540540540542,38,64,230,102,268
yolo11s,137,0.36,0.38,0.1417910447761194,0.20652173913043478,38,62,230,100,268
yolo11s,137,0.37,0.3673469387755102,0.13432835820895522,0.19672131147540983,36,62,232,98,268
yolo11s,137,0.38,0.3711340206185567,0.13432835820895522,0.19726027397260276,36,61,232,97,268
yolo11s,137,0.39,0.375,0.13432835820895522,0.19780219780219782,36,60,232,96,268
yolo11s,137,0.4,0.3870967741935484,0.13432835820895522,0.19944598337950137,36,57,232,93,268
yolo11s,137,0.41,0.3870967741935484,0.13432835820895522,0.19944598337950137,36,57,232,93,268
yolo11s,137,0.42,0.391304347826087,0.13432835820895522,0.2,36,56,232,92,268
yolo11s,137,0.43,0.4,0.13432835820895522,0.20111731843575417,36,54,232,90,268
yolo11s,137,0.44,0.4044943820224719,0.13432835820895522,0.20168067226890754,36,53,232,89,268
yolo11s,137,0.45,0.4044943820224719,0.13432835820895522,0.20168067226890754,36,53,232,89,268
yolo11s,137,0.46,0.4090909090909091,0.13432835820895522,0.20224719101123595,36,52,232,88,268
yolo11s,137,0.47,0.41379310344827586,0.13432835820895522,0.2028169014084507,36,51,232,87,268
yolo11s,137,0.48,0.4069767441860465,0.13059701492537312,0.1977401129943503,35,51,233,86,268
yolo11s,137,0.49,0.4069767441860465,0.13059701492537312,0.1977401129943503,35,51,233,86,268
yolo11s,137,0.5,0.4125,0.12313432835820895,0.1896551724137931,33,47,235,80,268
yolo11s,137,0.51,0.41025641025641024,0.11940298507462686,0.18497109826589594,32,46,236,78,268
yolo11s,137,0.52,0.42105263157894735,0.11940298507462686,0.18604651162790697,32,44,236,76,268
yolo11s,137,0.53,0.4266666666666667,0.11940298507462686,0.18658892128279886,32,43,236,75,268
yolo11s,137,0.54,0.43243243243243246,0.11940298507462686,0.1871345029239766,32,42,236,74,268
yolo11s,137,0.55,0.43243243243243246,0.11940298507462686,0.1871345029239766,32,42,236,74,268
yolo11s,137,0.56,0.4246575342465753,0.11567164179104478,0.1818181818181818,31,42,237,73,268
yolo11s,137,0.57,0.42028985507246375,0.10820895522388059,0.172106824925816,29,40,239,69,268
yolo11s,137,0.58,0.4264705882352941,0.10820895522388059,0.17261904761904762,29,39,239,68,268
yolo11s,137,0.59,0.43283582089552236,0.10820895522388059,0.17313432835820894,29,38,239,67,268
yolo11s,137,0.6,0.4393939393939394,0.10820895522388059,0.17365269461077845,29,37,239,66,268
yolo11s,137,0.61,0.4307692307692308,0.1044776119402985,0.16816816816816818,28,37,240,65,268
yolo11s,137,0.62,0.421875,0.10074626865671642,0.16265060240963855,27,37,241,64,268
yolo11s,137,0.63,0.40350877192982454,0.08582089552238806,0.1415384615384615,23,34,245,57,268
yolo11s,137,0.64,0.4074074074074074,0.08208955223880597,0.13664596273291926,22,32,246,54,268
yolo11s,137,0.65,0.39622641509433965,0.07835820895522388,0.13084112149532712,21,32,247,53,268
yolo11s,137,0.66,0.39215686274509803,0.07462686567164178,0.12539184952978055,20,31,248,51,268
yolo11s,137,0.67,0.4,0.07462686567164178,0.12578616352201258,20,30,248,50,268
yolo11s,137,0.68,0.3829787234042553,0.06716417910447761,0.1142857142857143,18,29,250,47,268
yolo11s,137,0.69,0.37777777777777777,0.06343283582089553,0.10862619808306709,17,28,251,45,268
yolo11s,137,0.7,0.3953488372093023,0.06343283582089553,0.10932475884244373,17,26,251,43,268
yolo11s,137,0.71,0.3902439024390244,0.05970149253731343,0.1035598705501618,16,25,252,41,268
yolo11s,137,0.72,0.43243243243243246,0.05970149253731343,0.10491803278688523,16,21,252,37,268
yolo11s,137,0.73,0.47058823529411764,0.05970149253731343,0.10596026490066227,16,18,252,34,268
yolo11s,137,0.74,0.4375,0.05223880597014925,0.09333333333333334,14,18,254,32,268
yolo11s,137,0.75,0.43333333333333335,0.048507462686567165,0.087248322147651,13,17,255,30,268
yolo11s,137,0.76,0.4444444444444444,0.04477611940298507,0.08135593220338981,12,15,256,27,268
yolo11s,137,0.77,0.4782608695652174,0.041044776119402986,0.07560137457044674,11,12,257,23,268
yolo11s,137,0.78,0.5,0.029850746268656716,0.056338028169014086,8,8,260,16,268
yolo11s,137,0.79,0.5,0.026119402985074626,0.04964539007092198,7,7,261,14,268
yolo11s,137,0.8,0.46153846153846156,0.022388059701492536,0.042704626334519574,6,7,262,13,268
yolo11s,137,0.81,0.45454545454545453,0.018656716417910446,0.035842293906810034,5,6,263,11,268
yolo11s,137,0.82,0.4,0.014925373134328358,0.028776978417266185,4,6,264,10,268
yolo11s,137,0.83,0.4,0.007462686567164179,0.01465201465201465,2,3,266,5,268
yolo11s,137,0.84,0.3333333333333333,0.0037313432835820895,0.007380073800738007,1,2,267,3,268
yolo11s,137,0.85,0.5,0.0037313432835820895,0.007407407407407408,1,1,267,2,268
yolo11s,137,0.86,0.5,0.0037313432835820895,0.007407407407407408,1,1,267,2,268
yolo11s,137,0.87,1.0,0.0037313432835820895,0.007434944237918215,1,0,267,1,268
yolo11s,137,0.88,0.0,0.0,0.0,0,0,268,0,268
yolo11s,137,0.89,0.0,0.0,0.0,0,0,268,0,268
yolo11s,137,0.9,0.0,0.0,0.0,0,0,268,0,268
yolo11s,137,0.91,0.0,0.0,0.0,0,0,268,0,268
yolo11s,137,0.92,0.0,0.0,0.0,0,0,268,0,268
yolo11s,137,0.93,0.0,0.0,0.0,0,0,268,0,268
yolo11s,137,0.94,0.0,0.0,0.0,0,0,268,0,268
yolo11s,137,0.95,0.0,0.0,0.0,0,0,268,0,268
yolo11s,137,0.96,0.0,0.0,0.0,0,0,268,0,268
yolo11s,137,0.97,0.0,0.0,0.0,0,0,268,0,268
yolo11s,137,0.98,0.0,0.0,0.0,0,0,268,0,268
yolo11s,137,0.99,0.0,0.0,0.0,0,0,268,0,268
yolo11s,271,0.01,0.3076923076923077,0.14925373134328357,0.20100502512562812,40,90,228,130,268
yolo11s,271,0.02,0.4067796610169492,0.08955223880597014,0.14678899082568808,24,35,244,59,268
yolo11s,271,0.03,0.4444444444444444,0.04477611940298507,0.08135593220338981,12,15,256,27,268
yolo11s,271,0.04,0.0,0.0,0.0,0,1,268,1,268
yolo11s,271,0.05,0.0,0.0,0.0,0,0,268,0,268
yolo11s,271,0.06,0.0,0.0,0.0,0,0,268,0,268
yolo11s,271,0.07,0.0,0.0,0.0,0,0,268,0,268
yolo11s,271,0.08,0.0,0.0,0.0,0,0,268,0,268
yolo11s,271,0.09,0.0,0.0,0.0,0,0,268,0,268
yolo11s,271,0.1,0.0,0.0,0.0,0,0,268,0,268
yolo11s,271,0.11,0.0,0.0,0.0,0,0,268,0,268
yolo11s,271,0.12,0.0,0.0,0.0,0,0,268,0,268
yolo11s,271,0.13,0.0,0.0,0.0,0,0,268,0,268
yolo11s,271,0.14,0.0,0.0,0.0,0,0,268,0,268
yolo11s,271,0.15,0.0,0.0,0.0,0,0,268,0,268
yolo11s,271,0.16,0.0,0.0,0.0,0,0,268,0,268
yolo11s,271,0.17,0.0,0.0,0.0,0,0,268,0,268
yolo11s,271,0.18,0.0,0.0,0.0,0,0,268,0,268
yolo11s,271,0.19,0.0,0.0,0.0,0,0,268,0,268
yolo11s,271,0.2,0.0,0.0,0.0,0,0,268,0,268
yolo11s,271,0.21,0.0,0.0,0.0,0,0,268,0,268
yolo11s,271,0.22,0.0,0.0,0.0,0,0,268,0,268
yolo11s,271,0.23,0.0,0.0,0.0,0,0,268,0,268
yolo11s,271,0.24,0.0,0.0,0.0,0,0,268,0,268
yolo11s,271,0.25,0.0,0.0,0.0,0,0,268,0,268
yolo11s,271,0.26,0.0,0.0,0.0,0,0,268,0,268
yolo11s,271,0.27,0.0,0.0,0.0,0,0,268,0,268
yolo11s,271,0.28,0.0,0.0,0.0,0,0,268,0,268
yolo11s,271,0.29,0.0,0.0,0.0,0,0,268,0,268
yolo11s,271,0.3,0.0,0.0,0.0,0,0,268,0,268
yolo11s,271,0.31,0.0,0.0,0.0,0,0,268,0,268
yolo11s,271,0.32,0.0,0.0,0.0,0,0,268,0,268
yolo11s,271,0.33,0.0,0.0,0.0,0,0,268,0,268
yolo11s,271,0.34,0.0,0.0,0.0,0,0,268,0,268
yolo11s,271,0.35,0.0,0.0,0.0,0,0,268,0,268
yolo11s,271,0.36,0.0,0.0,0.0,0,0,268,0,268
yolo11s,271,0.37,0.0,0.0,0.0,0,0,268,0,268
yolo11s,271,0.38,0.0,0.0,0.0,0,0,268,0,268
yolo11s,271,0.39,0.0,0.0,0.0,0,0,268,0,268
yolo11s,271,0.4,0.0,0.0,0.0,0,0,268,0,268
yolo11s,271,0.41,0.0,0.0,0.0,0,0,268,0,268
yolo11s,271,0.42,0.0,0.0,0.0,0,0,268,0,268
yolo11s,271,0.43,0.0,0.0,0.0,0,0,268,0,268
yolo11s,271,0.44,0.0,0.0,0.0,0,0,268,0,268
yolo11s,271,0.45,0.0,0.0,0.0,0,0,268,0,268
yolo11s,271,0.46,0.0,0.0,0.0,0,0,268,0,268
yolo11s,271,0.47,0.0,0.0,0.0,0,0,268,0,268
yolo11s,271,0.48,0.0,0.0,0.0,0,0,268,0,268
yolo11s,271,0.49,0.0,0.0,0.0,0,0,268,0,268
yolo11s,271,0.5,0.0,0.0,0.0,0,0,268,0,268
yolo11s,271,0.51,0.0,0.0,0.0,0,0,268,0,268
yolo11s,271,0.52,0.0,0.0,0.0,0,0,268,0,268
yolo11s,271,0.53,0.0,0.0,0.0,0,0,268,0,268
yolo11s,271,0.54,0.0,0.0,0.0,0,0,268,0,268
yolo11s,271,0.55,0.0,0.0,0.0,0,0,268,0,268
yolo11s,271,0.56,0.0,0.0,0.0,0,0,268,0,268
yolo11s,271,0.57,0.0,0.0,0.0,0,0,268,0,268
yolo11s,271,0.58,0.0,0.0,0.0,0,0,268,0,268
yolo11s,271,0.59,0.0,0.0,0.0,0,0,268,0,268
yolo11s,271,0.6,0.0,0.0,0.0,0,0,268,0,268
yolo11s,271,0.61,0.0,0.0,0.0,0,0,268,0,268
yolo11s,271,0.62,0.0,0.0,0.0,0,0,268,0,268
yolo11s,271,0.63,0.0,0.0,0.0,0,0,268,0,268
yolo11s,271,0.64,0.0,0.0,0.0,0,0,268,0,268
yolo11s,271,0.65,0.0,0.0,0.0,0,0,268,0,268
yolo11s,271,0.66,0.0,0.0,0.0,0,0,268,0,268
yolo11s,271,0.67,0.0,0.0,0.0,0,0,268,0,268
yolo11s,271,0.68,0.0,0.0,0.0,0,0,268,0,268
yolo11s,271,0.69,0.0,0.0,0.0,0,0,268,0,268
yolo11s,271,0.7,0.0,0.0,0.0,0,0,268,0,268
yolo11s,271,0.71,0.0,0.0,0.0,0,0,268,0,268
yolo11s,271,0.72,0.0,0.0,0.0,0,0,268,0,268
yolo11s,271,0.73,0.0,0.0,0.0,0,0,268,0,268
yolo11s,271,0.74,0.0,0.0,0.0,0,0,268,0,268
yolo11s,271,0.75,0.0,0.0,0.0,0,0,268,0,268
yolo11s,271,0.76,0.0,0.0,0.0,0,0,268,0,268
yolo11s,271,0.77,0.0,0.0,0.0,0,0,268,0,268
yolo11s,271,0.78,0.0,0.0,0.0,0,0,268,0,268
yolo11s,271,0.79,0.0,0.0,0.0,0,0,268,0,268
yolo11s,271,0.8,0.0,0.0,0.0,0,0,268,0,268
yolo11s,271,0.81,0.0,0.0,0.0,0,0,268,0,268
yolo11s,271,0.82,0.0,0.0,0.0,0,0,268,0,268
yolo11s,271,0.83,0.0,0.0,0.0,0,0,268,0,268
yolo11s,271,0.84,0.0,0.0,0.0,0,0,268,0,268
yolo11s,271,0.85,0.0,0.0,0.0,0,0,268,0,268
yolo11s,271,0.86,0.0,0.0,0.0,0,0,268,0,268
yolo11s,271,0.87,0.0,0.0,0.0,0,0,268,0,268
yolo11s,271,0.88,0.0,0.0,0.0,0,0,268,0,268
yolo11s,271,0.89,0.0,0.0,0.0,0,0,268,0,268
yolo11s,271,0.9,0.0,0.0,0.0,0,0,268,0,268
yolo11s,271,0.91,0.0,0.0,0.0,0,0,268,0,268
yolo11s,271,0.92,0.0,0.0,0.0,0,0,268,0,268
yolo11s,271,0.93,0.0,0.0,0.0,0,0,268,0,268
yolo11s,271,0.94,0.0,0.0,0.0,0,0,268,0,268
yolo11s,271,0.95,0.0,0.0,0.0,0,0,268,0,268
yolo11s,271,0.96,0.0,0.0,0.0,0,0,268,0,268
yolo11s,271,0.97,0.0,0.0,0.0,0,0,268,0,268
yolo11s,271,0.98,0.0,0.0,0.0,0,0,268,0,268
yolo11s,271,0.99,0.0,0.0,0.0,0,0,268,0,268
yolo11s,314,0.01,0.24355300859598855,0.31716417910447764,0.2755267423014587,85,264,183,349,268
yolo11s,314,0.02,0.26811594202898553,0.27611940298507465,0.27205882352941174,74,202,194,276,268
yolo11s,314,0.03,0.2869198312236287,0.2537313432835821,0.2693069306930693,68,169,200,237,268
yolo11s,314,0.04,0.3051643192488263,0.24253731343283583,0.2702702702702703,65,148,203,213,268
yolo11s,314,0.05,0.3333333333333333,0.24253731343283583,0.28077753779697623,65,130,203,195,268
yolo11s,314,0.06,0.33707865168539325,0.22388059701492538,0.26905829596412556,60,118,208,178,268
yolo11s,314,0.07,0.35365853658536583,0.21641791044776118,0.26851851851851855,58,106,210,164,268
yolo11s,314,0.08,0.35374149659863946,0.19402985074626866,0.2506024096385542,52,95,216,147,268
yolo11s,314,0.09,0.3591549295774648,0.19029850746268656,0.24878048780487802,51,91,217,142,268
yolo11s,314,0.1,0.35555555555555557,0.1791044776119403,0.23821339950372206,48,87,220,135,268
yolo11s,314,0.11,0.3511450381679389,0.17164179104477612,0.23057644110275688,46,85,222,131,268
yolo11s,314,0.12,0.36065573770491804,0.16417910447761194,0.22564102564102567,44,78,224,122,268
yolo11s,314,0.13,0.37606837606837606,0.16417910447761194,0.22857142857142856,44,73,224,117,268
yolo11s,314,0.14,0.37272727272727274,0.15298507462686567,0.21693121693121695,41,69,227,110,268
yolo11s,314,0.15,0.4,0.14925373134328357,0.21739130434782608,40,60,228,100,268
yolo11s,314,0.16,0.3956043956043956,0.13432835820895522,0.20055710306406685,36,55,232,91,268
yolo11s,314,0.17,0.39325842696629215,0.13059701492537312,0.19607843137254902,35,54,233,89,268
yolo11s,314,0.18,0.37349397590361444,0.11567164179104478,0.17663817663817663,31,52,237,83,268
yolo11s,314,0.19,0.38461538461538464,0.11194029850746269,0.17341040462427745,30,48,238,78,268
yolo11s,314,0.2,0.3835616438356164,0.1044776119402985,0.16422287390029328,28,45,240,73,268
yolo11s,314,0.21,0.38571428571428573,0.10074626865671642,0.15976331360946747,27,43,241,70,268
yolo11s,314,0.22,0.39705882352941174,0.10074626865671642,0.1607142857142857,27,41,241,68,268
yolo11s,314,0.23,0.4,0.09701492537313433,0.15615615615615616,26,39,242,65,268
yolo11s,314,0.24,0.38596491228070173,0.08208955223880597,0.13538461538461538,22,35,246,57,268
yolo11s,314,0.25,0.37254901960784315,0.0708955223880597,0.11912225705329153,19,32,249,51,268
yolo11s,314,0.26,0.37254901960784315,0.0708955223880597,0.11912225705329153,19,32,249,51,268
yolo11s,314,0.27,0.3829787234042553,0.06716417910447761,0.1142857142857143,18,29,250,47,268
yolo11s,314,0.28,0.36585365853658536,0.055970149253731345,0.0970873786407767,15,26,253,41,268
yolo11s,314,0.29,0.3611111111111111,0.048507462686567165,0.08552631578947369,13,23,255,36,268
yolo11s,314,0.3,0.3235294117647059,0.041044776119402986,0.0728476821192053,11,23,257,34,268
yolo11s,314,0.31,0.34375,0.041044776119402986,0.07333333333333333,11,21,257,32,268
yolo11s,314,0.32,0.3548387096774194,0.041044776119402986,0.07357859531772575,11,20,257,31,268
yolo11s,314,0.33,0.3333333333333333,0.03731343283582089,0.06711409395973154,10,20,258,30,268
yolo11s,314,0.34,0.3333333333333333,0.033582089552238806,0.061016949152542375,9,18,259,27,268
yolo11s,314,0.35,0.3333333333333333,0.029850746268656716,0.05479452054794521,8,16,260,24,268
yolo11s,314,0.36,0.3888888888888889,0.026119402985074626,0.04895104895104895,7,11,261,18,268
yolo11s,314,0.37,0.3333333333333333,0.018656716417910446,0.0353356890459364,5,10,263,15,268
yolo11s,314,0.38,0.3333333333333333,0.018656716417910446,0.0353356890459364,5,10,263,15,268
yolo11s,314,0.39,0.35714285714285715,0.018656716417910446,0.035460992907801414,5,9,263,14,268
yolo11s,314,0.4,0.36363636363636365,0.014925373134328358,0.028673835125448032,4,7,264,11,268
yolo11s,314,0.41,0.5,0.014925373134328358,0.02898550724637681,4,4,264,8,268
yolo11s,314,0.42,0.6666666666666666,0.014925373134328358,0.029197080291970802,4,2,264,6,268
yolo11s,314,0.43,0.8,0.014925373134328358,0.0293040293040293,4,1,264,5,268
yolo11s,314,0.44,0.8,0.014925373134328358,0.0293040293040293,4,1,264,5,268
yolo11s,314,0.45,1.0,0.007462686567164179,0.014814814814814815,2,0,266,2,268
yolo11s,314,0.46,1.0,0.0037313432835820895,0.007434944237918215,1,0,267,1,268
yolo11s,314,0.47,1.0,0.0037313432835820895,0.007434944237918215,1,0,267,1,268
yolo11s,314,0.48,0.0,0.0,0.0,0,0,268,0,268
yolo11s,314,0.49,0.0,0.0,0.0,0,0,268,0,268
yolo11s,314,0.5,0.0,0.0,0.0,0,0,268,0,268
yolo11s,314,0.51,0.0,0.0,0.0,0,0,268,0,268
yolo11s,314,0.52,0.0,0.0,0.0,0,0,268,0,268
yolo11s,314,0.53,0.0,0.0,0.0,0,0,268,0,268
yolo11s,314,0.54,0.0,0.0,0.0,0,0,268,0,268
yolo11s,314,0.55,0.0,0.0,0.0,0,0,268,0,268
yolo11s,314,0.56,0.0,0.0,0.0,0,0,268,0,268
yolo11s,314,0.57,0.0,0.0,0.0,0,0,268,0,268
yolo11s,314,0.58,0.0,0.0,0.0,0,0,268,0,268
yolo11s,314,0.59,0.0,0.0,0.0,0,0,268,0,268
yolo11s,314,0.6,0.0,0.0,0.0,0,0,268,0,268
yolo11s,314,0.61,0.0,0.0,0.0,0,0,268,0,268
yolo11s,314,0.62,0.0,0.0,0.0,0,0,268,0,268
yolo11s,314,0.63,0.0,0.0,0.0,0,0,268,0,268
yolo11s,314,0.64,0.0,0.0,0.0,0,0,268,0,268
yolo11s,314,0.65,0.0,0.0,0.0,0,0,268,0,268
yolo11s,314,0.66,0.0,0.0,0.0,0,0,268,0,268
yolo11s,314,0.67,0.0,0.0,0.0,0,0,268,0,268
yolo11s,314,0.68,0.0,0.0,0.0,0,0,268,0,268
yolo11s,314,0.69,0.0,0.0,0.0,0,0,268,0,268
yolo11s,314,0.7,0.0,0.0,0.0,0,0,268,0,268
yolo11s,314,0.71,0.0,0.0,0.0,0,0,268,0,268
yolo11s,314,0.72,0.0,0.0,0.0,0,0,268,0,268
yolo11s,314,0.73,0.0,0.0,0.0,0,0,268,0,268
yolo11s,314,0.74,0.0,0.0,0.0,0,0,268,0,268
yolo11s,314,0.75,0.0,0.0,0.0,0,0,268,0,268
yolo11s,314,0.76,0.0,0.0,0.0,0,0,268,0,268
yolo11s,314,0.77,0.0,0.0,0.0,0,0,268,0,268
yolo11s,314,0.78,0.0,0.0,0.0,0,0,268,0,268
yolo11s,314,0.79,0.0,0.0,0.0,0,0,268,0,268
yolo11s,314,0.8,0.0,0.0,0.0,0,0,268,0,268
yolo11s,314,0.81,0.0,0.0,0.0,0,0,268,0,268
yolo11s,314,0.82,0.0,0.0,0.0,0,0,268,0,268
yolo11s,314,0.83,0.0,0.0,0.0,0,0,268,0,268
yolo11s,314,0.84,0.0,0.0,0.0,0,0,268,0,268
yolo11s,314,0.85,0.0,0.0,0.0,0,0,268,0,268
yolo11s,314,0.86,0.0,0.0,0.0,0,0,268,0,268
yolo11s,314,0.87,0.0,0.0,0.0,0,0,268,0,268
yolo11s,314,0.88,0.0,0.0,0.0,0,0,268,0,268
yolo11s,314,0.89,0.0,0.0,0.0,0,0,268,0,268
yolo11s,314,0.9,0.0,0.0,0.0,0,0,268,0,268
yolo11s,314,0.91,0.0,0.0,0.0,0,0,268,0,268
yolo11s,314,0.92,0.0,0.0,0.0,0,0,268,0,268
yolo11s,314,0.93,0.0,0.0,0.0,0,0,268,0,268
yolo11s,314,0.94,0.0,0.0,0.0,0,0,268,0,268
yolo11s,314,0.95,0.0,0.0,0.0,0,0,268,0,268
yolo11s,314,0.96,0.0,0.0,0.0,0,0,268,0,268
yolo11s,314,0.97,0.0,0.0,0.0,0,0,268,0,268
yolo11s,314,0.98,0.0,0.0,0.0,0,0,268,0,268
yolo11s,314,0.99,0.0,0.0,0.0,0,0,268,0,268
